ISO-10303-21;
HEADER;
/* Generated by software containing ST-Developer
 * from STEP Tools, Inc. (www.steptools.com) 
 */

FILE_DESCRIPTION(
/* description */ (''),
/* implementation_level */ '2;1');

FILE_NAME(
/* name */ 'Hub Mount ETH.step',
/* time_stamp */ '2026-08-04T19:27:54+01:00',
/* author */ (''),
/* organization */ (''),
/* preprocessor_version */ 'ST-DEVELOPER v20.1',
/* originating_system */ 'Autodesk Translation Framework v15.8.0.0',
/* authorisation */ '');

FILE_SCHEMA (('AUTOMOTIVE_DESIGN { 1 0 10303 214 3 1 1 }'));
ENDSEC;

DATA;
#10=MECHANICAL_DESIGN_GEOMETRIC_PRESENTATION_REPRESENTATION('',(#13),#5456);
#11=SHAPE_REPRESENTATION_RELATIONSHIP('SRR','None',#5463,#12);
#12=ADVANCED_BREP_SHAPE_REPRESENTATION('',(#14),#5455);
#13=STYLED_ITEM('',(#5472),#14);
#14=MANIFOLD_SOLID_BREP('Body1',#3268);
#15=SPHERICAL_SURFACE('',#3541,8.00000000000001);
#16=SPHERICAL_SURFACE('',#3546,8.00000000000001);
#17=SPHERICAL_SURFACE('',#3551,8.);
#18=SPHERICAL_SURFACE('',#3555,8.00000000000001);
#19=B_SPLINE_CURVE_WITH_KNOTS('',3,(#5027,#5028,#5029,#5030),
 .UNSPECIFIED.,.F.,.F.,(4,4),(-0.144652953065775,0.),.UNSPECIFIED.);
#20=B_SPLINE_CURVE_WITH_KNOTS('',3,(#5033,#5034,#5035,#5036),
 .UNSPECIFIED.,.F.,.F.,(4,4),(-0.144652953065776,0.),.UNSPECIFIED.);
#21=(
BOUNDED_SURFACE()
B_SPLINE_SURFACE(1,2,((#4894,#4895,#4896),(#4897,#4898,#4899)),
 .UNSPECIFIED.,.F.,.F.,.F.)
B_SPLINE_SURFACE_WITH_KNOTS((2,2),(3,3),(-2.91817700614867E-15,0.725046229629324),
(-3.77475828372556E-15,1.5707963267949),.UNSPECIFIED.)
GEOMETRIC_REPRESENTATION_ITEM()
RATIONAL_B_SPLINE_SURFACE(((1.,0.707106781186545,1.),(1.,0.707106781186545,
1.)))
REPRESENTATION_ITEM('')
SURFACE()
);
#22=ELLIPSE('',#3385,5.51688959481246,5.);
#23=ELLIPSE('',#3387,5.51688959481246,5.);
#24=ELLIPSE('',#3469,2.82842712474618,2.);
#25=ELLIPSE('',#3474,2.82842712474618,2.);
#26=ELLIPSE('',#3500,5.51688959481246,5.);
#27=CYLINDRICAL_SURFACE('',#3348,4.1);
#28=CYLINDRICAL_SURFACE('',#3351,4.1);
#29=CYLINDRICAL_SURFACE('',#3359,1.7);
#30=CYLINDRICAL_SURFACE('',#3363,1.2);
#31=CYLINDRICAL_SURFACE('',#3366,1.2);
#32=CYLINDRICAL_SURFACE('',#3425,5.);
#33=CYLINDRICAL_SURFACE('',#3428,5.00000000000002);
#34=CYLINDRICAL_SURFACE('',#3449,2.15);
#35=CYLINDRICAL_SURFACE('',#3453,2.15);
#36=CYLINDRICAL_SURFACE('',#3457,2.15);
#37=CYLINDRICAL_SURFACE('',#3461,2.15);
#38=CYLINDRICAL_SURFACE('',#3467,2.);
#39=CYLINDRICAL_SURFACE('',#3473,2.);
#40=CYLINDRICAL_SURFACE('',#3478,5.);
#41=CYLINDRICAL_SURFACE('',#3481,5.);
#42=CYLINDRICAL_SURFACE('',#3486,5.);
#43=CYLINDRICAL_SURFACE('',#3489,5.);
#44=CYLINDRICAL_SURFACE('',#3495,5.);
#45=CYLINDRICAL_SURFACE('',#3498,5.00000000000002);
#46=CYLINDRICAL_SURFACE('',#3499,5.);
#47=CYLINDRICAL_SURFACE('',#3518,8.);
#48=CYLINDRICAL_SURFACE('',#3521,8.);
#49=CYLINDRICAL_SURFACE('',#3523,5.);
#50=CYLINDRICAL_SURFACE('',#3526,3.35000000000001);
#51=CYLINDRICAL_SURFACE('',#3527,1.7);
#52=CYLINDRICAL_SURFACE('',#3528,1.7);
#53=CYLINDRICAL_SURFACE('',#3531,1.7);
#54=CYLINDRICAL_SURFACE('',#3535,2.25);
#55=CYLINDRICAL_SURFACE('',#3536,2.25);
#56=CYLINDRICAL_SURFACE('',#3537,8.);
#57=CYLINDRICAL_SURFACE('',#3539,2.25);
#58=CYLINDRICAL_SURFACE('',#3540,2.25);
#59=CYLINDRICAL_SURFACE('',#3545,8.);
#60=CYLINDRICAL_SURFACE('',#3550,8.);
#61=CYLINDRICAL_SURFACE('',#3558,8.);
#62=CYLINDRICAL_SURFACE('',#3559,8.);
#63=CYLINDRICAL_SURFACE('',#3560,8.);
#64=CYLINDRICAL_SURFACE('',#3561,8.);
#65=CYLINDRICAL_SURFACE('',#3562,8.);
#66=CYLINDRICAL_SURFACE('',#3568,8.);
#67=CYLINDRICAL_SURFACE('',#3569,8.);
#68=FACE_BOUND('',#380,.T.);
#69=FACE_BOUND('',#381,.T.);
#70=FACE_BOUND('',#382,.T.);
#71=FACE_BOUND('',#383,.T.);
#72=FACE_BOUND('',#384,.T.);
#73=FACE_BOUND('',#385,.T.);
#74=FACE_BOUND('',#386,.T.);
#75=FACE_BOUND('',#388,.T.);
#76=FACE_BOUND('',#414,.T.);
#77=FACE_BOUND('',#415,.T.);
#78=FACE_BOUND('',#416,.T.);
#79=FACE_BOUND('',#418,.T.);
#80=FACE_BOUND('',#419,.T.);
#81=FACE_BOUND('',#420,.T.);
#82=FACE_BOUND('',#428,.T.);
#83=FACE_BOUND('',#429,.T.);
#84=FACE_BOUND('',#430,.T.);
#85=FACE_BOUND('',#444,.T.);
#86=FACE_BOUND('',#449,.T.);
#87=FACE_BOUND('',#454,.T.);
#88=FACE_BOUND('',#462,.T.);
#89=FACE_BOUND('',#466,.T.);
#90=FACE_BOUND('',#467,.T.);
#91=FACE_BOUND('',#484,.T.);
#92=FACE_BOUND('',#487,.T.);
#93=FACE_BOUND('',#488,.T.);
#94=FACE_BOUND('',#489,.T.);
#95=FACE_BOUND('',#490,.T.);
#96=FACE_BOUND('',#530,.T.);
#97=FACE_BOUND('',#532,.T.);
#98=FACE_BOUND('',#534,.T.);
#99=FACE_BOUND('',#576,.T.);
#100=PLANE('',#3285);
#101=PLANE('',#3292);
#102=PLANE('',#3294);
#103=PLANE('',#3298);
#104=PLANE('',#3302);
#105=PLANE('',#3303);
#106=PLANE('',#3307);
#107=PLANE('',#3311);
#108=PLANE('',#3312);
#109=PLANE('',#3316);
#110=PLANE('',#3320);
#111=PLANE('',#3321);
#112=PLANE('',#3322);
#113=PLANE('',#3326);
#114=PLANE('',#3338);
#115=PLANE('',#3342);
#116=PLANE('',#3345);
#117=PLANE('',#3346);
#118=PLANE('',#3347);
#119=PLANE('',#3350);
#120=PLANE('',#3353);
#121=PLANE('',#3358);
#122=PLANE('',#3368);
#123=PLANE('',#3371);
#124=PLANE('',#3372);
#125=PLANE('',#3373);
#126=PLANE('',#3374);
#127=PLANE('',#3381);
#128=PLANE('',#3382);
#129=PLANE('',#3383);
#130=PLANE('',#3384);
#131=PLANE('',#3388);
#132=PLANE('',#3389);
#133=PLANE('',#3390);
#134=PLANE('',#3392);
#135=PLANE('',#3393);
#136=PLANE('',#3394);
#137=PLANE('',#3395);
#138=PLANE('',#3396);
#139=PLANE('',#3397);
#140=PLANE('',#3398);
#141=PLANE('',#3400);
#142=PLANE('',#3401);
#143=PLANE('',#3402);
#144=PLANE('',#3407);
#145=PLANE('',#3408);
#146=PLANE('',#3409);
#147=PLANE('',#3413);
#148=PLANE('',#3417);
#149=PLANE('',#3421);
#150=PLANE('',#3427);
#151=PLANE('',#3430);
#152=PLANE('',#3431);
#153=PLANE('',#3439);
#154=PLANE('',#3463);
#155=PLANE('',#3464);
#156=PLANE('',#3465);
#157=PLANE('',#3466);
#158=PLANE('',#3470);
#159=PLANE('',#3471);
#160=PLANE('',#3475);
#161=PLANE('',#3476);
#162=PLANE('',#3477);
#163=PLANE('',#3480);
#164=PLANE('',#3483);
#165=PLANE('',#3484);
#166=PLANE('',#3488);
#167=PLANE('',#3491);
#168=PLANE('',#3493);
#169=PLANE('',#3494);
#170=PLANE('',#3496);
#171=PLANE('',#3497);
#172=PLANE('',#3501);
#173=PLANE('',#3502);
#174=PLANE('',#3503);
#175=PLANE('',#3504);
#176=PLANE('',#3505);
#177=PLANE('',#3507);
#178=PLANE('',#3509);
#179=PLANE('',#3511);
#180=PLANE('',#3512);
#181=PLANE('',#3513);
#182=PLANE('',#3514);
#183=PLANE('',#3515);
#184=PLANE('',#3516);
#185=PLANE('',#3517);
#186=PLANE('',#3520);
#187=PLANE('',#3524);
#188=PLANE('',#3525);
#189=PLANE('',#3529);
#190=PLANE('',#3530);
#191=PLANE('',#3532);
#192=PLANE('',#3533);
#193=PLANE('',#3534);
#194=PLANE('',#3563);
#195=PLANE('',#3564);
#196=PLANE('',#3565);
#197=PLANE('',#3570);
#198=PLANE('',#3571);
#199=PLANE('',#3572);
#200=PLANE('',#3573);
#201=PLANE('',#3574);
#202=PLANE('',#3575);
#203=FACE_OUTER_BOUND('',#378,.T.);
#204=FACE_OUTER_BOUND('',#379,.T.);
#205=FACE_OUTER_BOUND('',#387,.T.);
#206=FACE_OUTER_BOUND('',#389,.T.);
#207=FACE_OUTER_BOUND('',#390,.T.);
#208=FACE_OUTER_BOUND('',#391,.T.);
#209=FACE_OUTER_BOUND('',#392,.T.);
#210=FACE_OUTER_BOUND('',#393,.T.);
#211=FACE_OUTER_BOUND('',#394,.T.);
#212=FACE_OUTER_BOUND('',#395,.T.);
#213=FACE_OUTER_BOUND('',#396,.T.);
#214=FACE_OUTER_BOUND('',#397,.T.);
#215=FACE_OUTER_BOUND('',#398,.T.);
#216=FACE_OUTER_BOUND('',#399,.T.);
#217=FACE_OUTER_BOUND('',#400,.T.);
#218=FACE_OUTER_BOUND('',#401,.T.);
#219=FACE_OUTER_BOUND('',#402,.T.);
#220=FACE_OUTER_BOUND('',#403,.T.);
#221=FACE_OUTER_BOUND('',#404,.T.);
#222=FACE_OUTER_BOUND('',#405,.T.);
#223=FACE_OUTER_BOUND('',#406,.T.);
#224=FACE_OUTER_BOUND('',#407,.T.);
#225=FACE_OUTER_BOUND('',#408,.T.);
#226=FACE_OUTER_BOUND('',#409,.T.);
#227=FACE_OUTER_BOUND('',#410,.T.);
#228=FACE_OUTER_BOUND('',#411,.T.);
#229=FACE_OUTER_BOUND('',#412,.T.);
#230=FACE_OUTER_BOUND('',#413,.T.);
#231=FACE_OUTER_BOUND('',#417,.T.);
#232=FACE_OUTER_BOUND('',#421,.T.);
#233=FACE_OUTER_BOUND('',#422,.T.);
#234=FACE_OUTER_BOUND('',#423,.T.);
#235=FACE_OUTER_BOUND('',#424,.T.);
#236=FACE_OUTER_BOUND('',#425,.T.);
#237=FACE_OUTER_BOUND('',#426,.T.);
#238=FACE_OUTER_BOUND('',#427,.T.);
#239=FACE_OUTER_BOUND('',#431,.T.);
#240=FACE_OUTER_BOUND('',#432,.T.);
#241=FACE_OUTER_BOUND('',#433,.T.);
#242=FACE_OUTER_BOUND('',#434,.T.);
#243=FACE_OUTER_BOUND('',#435,.T.);
#244=FACE_OUTER_BOUND('',#436,.T.);
#245=FACE_OUTER_BOUND('',#437,.T.);
#246=FACE_OUTER_BOUND('',#438,.T.);
#247=FACE_OUTER_BOUND('',#439,.T.);
#248=FACE_OUTER_BOUND('',#440,.T.);
#249=FACE_OUTER_BOUND('',#441,.T.);
#250=FACE_OUTER_BOUND('',#442,.T.);
#251=FACE_OUTER_BOUND('',#443,.T.);
#252=FACE_OUTER_BOUND('',#445,.T.);
#253=FACE_OUTER_BOUND('',#446,.T.);
#254=FACE_OUTER_BOUND('',#447,.T.);
#255=FACE_OUTER_BOUND('',#448,.T.);
#256=FACE_OUTER_BOUND('',#450,.T.);
#257=FACE_OUTER_BOUND('',#451,.T.);
#258=FACE_OUTER_BOUND('',#452,.T.);
#259=FACE_OUTER_BOUND('',#453,.T.);
#260=FACE_OUTER_BOUND('',#455,.T.);
#261=FACE_OUTER_BOUND('',#456,.T.);
#262=FACE_OUTER_BOUND('',#457,.T.);
#263=FACE_OUTER_BOUND('',#458,.T.);
#264=FACE_OUTER_BOUND('',#459,.T.);
#265=FACE_OUTER_BOUND('',#460,.T.);
#266=FACE_OUTER_BOUND('',#461,.T.);
#267=FACE_OUTER_BOUND('',#463,.T.);
#268=FACE_OUTER_BOUND('',#464,.T.);
#269=FACE_OUTER_BOUND('',#465,.T.);
#270=FACE_OUTER_BOUND('',#468,.T.);
#271=FACE_OUTER_BOUND('',#469,.T.);
#272=FACE_OUTER_BOUND('',#470,.T.);
#273=FACE_OUTER_BOUND('',#471,.T.);
#274=FACE_OUTER_BOUND('',#472,.T.);
#275=FACE_OUTER_BOUND('',#473,.T.);
#276=FACE_OUTER_BOUND('',#474,.T.);
#277=FACE_OUTER_BOUND('',#475,.T.);
#278=FACE_OUTER_BOUND('',#476,.T.);
#279=FACE_OUTER_BOUND('',#477,.T.);
#280=FACE_OUTER_BOUND('',#478,.T.);
#281=FACE_OUTER_BOUND('',#479,.T.);
#282=FACE_OUTER_BOUND('',#480,.T.);
#283=FACE_OUTER_BOUND('',#481,.T.);
#284=FACE_OUTER_BOUND('',#482,.T.);
#285=FACE_OUTER_BOUND('',#483,.T.);
#286=FACE_OUTER_BOUND('',#485,.T.);
#287=FACE_OUTER_BOUND('',#486,.T.);
#288=FACE_OUTER_BOUND('',#491,.T.);
#289=FACE_OUTER_BOUND('',#492,.T.);
#290=FACE_OUTER_BOUND('',#493,.T.);
#291=FACE_OUTER_BOUND('',#494,.T.);
#292=FACE_OUTER_BOUND('',#495,.T.);
#293=FACE_OUTER_BOUND('',#496,.T.);
#294=FACE_OUTER_BOUND('',#497,.T.);
#295=FACE_OUTER_BOUND('',#498,.T.);
#296=FACE_OUTER_BOUND('',#499,.T.);
#297=FACE_OUTER_BOUND('',#500,.T.);
#298=FACE_OUTER_BOUND('',#501,.T.);
#299=FACE_OUTER_BOUND('',#502,.T.);
#300=FACE_OUTER_BOUND('',#503,.T.);
#301=FACE_OUTER_BOUND('',#504,.T.);
#302=FACE_OUTER_BOUND('',#505,.T.);
#303=FACE_OUTER_BOUND('',#506,.T.);
#304=FACE_OUTER_BOUND('',#507,.T.);
#305=FACE_OUTER_BOUND('',#508,.T.);
#306=FACE_OUTER_BOUND('',#509,.T.);
#307=FACE_OUTER_BOUND('',#510,.T.);
#308=FACE_OUTER_BOUND('',#511,.T.);
#309=FACE_OUTER_BOUND('',#512,.T.);
#310=FACE_OUTER_BOUND('',#513,.T.);
#311=FACE_OUTER_BOUND('',#514,.T.);
#312=FACE_OUTER_BOUND('',#515,.T.);
#313=FACE_OUTER_BOUND('',#516,.T.);
#314=FACE_OUTER_BOUND('',#517,.T.);
#315=FACE_OUTER_BOUND('',#518,.T.);
#316=FACE_OUTER_BOUND('',#519,.T.);
#317=FACE_OUTER_BOUND('',#520,.T.);
#318=FACE_OUTER_BOUND('',#521,.T.);
#319=FACE_OUTER_BOUND('',#522,.T.);
#320=FACE_OUTER_BOUND('',#523,.T.);
#321=FACE_OUTER_BOUND('',#524,.T.);
#322=FACE_OUTER_BOUND('',#525,.T.);
#323=FACE_OUTER_BOUND('',#526,.T.);
#324=FACE_OUTER_BOUND('',#527,.T.);
#325=FACE_OUTER_BOUND('',#528,.T.);
#326=FACE_OUTER_BOUND('',#529,.T.);
#327=FACE_OUTER_BOUND('',#531,.T.);
#328=FACE_OUTER_BOUND('',#533,.T.);
#329=FACE_OUTER_BOUND('',#535,.T.);
#330=FACE_OUTER_BOUND('',#536,.T.);
#331=FACE_OUTER_BOUND('',#537,.T.);
#332=FACE_OUTER_BOUND('',#538,.T.);
#333=FACE_OUTER_BOUND('',#539,.T.);
#334=FACE_OUTER_BOUND('',#540,.T.);
#335=FACE_OUTER_BOUND('',#541,.T.);
#336=FACE_OUTER_BOUND('',#542,.T.);
#337=FACE_OUTER_BOUND('',#543,.T.);
#338=FACE_OUTER_BOUND('',#544,.T.);
#339=FACE_OUTER_BOUND('',#545,.T.);
#340=FACE_OUTER_BOUND('',#546,.T.);
#341=FACE_OUTER_BOUND('',#547,.T.);
#342=FACE_OUTER_BOUND('',#548,.T.);
#343=FACE_OUTER_BOUND('',#549,.T.);
#344=FACE_OUTER_BOUND('',#550,.T.);
#345=FACE_OUTER_BOUND('',#551,.T.);
#346=FACE_OUTER_BOUND('',#552,.T.);
#347=FACE_OUTER_BOUND('',#553,.T.);
#348=FACE_OUTER_BOUND('',#554,.T.);
#349=FACE_OUTER_BOUND('',#555,.T.);
#350=FACE_OUTER_BOUND('',#556,.T.);
#351=FACE_OUTER_BOUND('',#557,.T.);
#352=FACE_OUTER_BOUND('',#558,.T.);
#353=FACE_OUTER_BOUND('',#559,.T.);
#354=FACE_OUTER_BOUND('',#560,.T.);
#355=FACE_OUTER_BOUND('',#561,.T.);
#356=FACE_OUTER_BOUND('',#562,.T.);
#357=FACE_OUTER_BOUND('',#563,.T.);
#358=FACE_OUTER_BOUND('',#564,.T.);
#359=FACE_OUTER_BOUND('',#565,.T.);
#360=FACE_OUTER_BOUND('',#566,.T.);
#361=FACE_OUTER_BOUND('',#567,.T.);
#362=FACE_OUTER_BOUND('',#568,.T.);
#363=FACE_OUTER_BOUND('',#569,.T.);
#364=FACE_OUTER_BOUND('',#570,.T.);
#365=FACE_OUTER_BOUND('',#571,.T.);
#366=FACE_OUTER_BOUND('',#572,.T.);
#367=FACE_OUTER_BOUND('',#573,.T.);
#368=FACE_OUTER_BOUND('',#574,.T.);
#369=FACE_OUTER_BOUND('',#575,.T.);
#370=FACE_OUTER_BOUND('',#577,.T.);
#371=FACE_OUTER_BOUND('',#578,.T.);
#372=FACE_OUTER_BOUND('',#579,.T.);
#373=FACE_OUTER_BOUND('',#580,.T.);
#374=FACE_OUTER_BOUND('',#581,.T.);
#375=FACE_OUTER_BOUND('',#582,.T.);
#376=FACE_OUTER_BOUND('',#583,.T.);
#377=FACE_OUTER_BOUND('',#584,.T.);
#378=EDGE_LOOP('',(#2141,#2142,#2143,#2144));
#379=EDGE_LOOP('',(#2145,#2146,#2147,#2148));
#380=EDGE_LOOP('',(#2149));
#381=EDGE_LOOP('',(#2150));
#382=EDGE_LOOP('',(#2151,#2152,#2153,#2154));
#383=EDGE_LOOP('',(#2155));
#384=EDGE_LOOP('',(#2156,#2157,#2158,#2159));
#385=EDGE_LOOP('',(#2160));
#386=EDGE_LOOP('',(#2161));
#387=EDGE_LOOP('',(#2162));
#388=EDGE_LOOP('',(#2163,#2164));
#389=EDGE_LOOP('',(#2165,#2166,#2167,#2168));
#390=EDGE_LOOP('',(#2169,#2170,#2171,#2172));
#391=EDGE_LOOP('',(#2173,#2174,#2175,#2176));
#392=EDGE_LOOP('',(#2177,#2178,#2179,#2180));
#393=EDGE_LOOP('',(#2181,#2182,#2183,#2184));
#394=EDGE_LOOP('',(#2185,#2186,#2187,#2188));
#395=EDGE_LOOP('',(#2189,#2190,#2191,#2192));
#396=EDGE_LOOP('',(#2193,#2194,#2195,#2196));
#397=EDGE_LOOP('',(#2197,#2198,#2199,#2200));
#398=EDGE_LOOP('',(#2201,#2202,#2203,#2204));
#399=EDGE_LOOP('',(#2205,#2206,#2207,#2208));
#400=EDGE_LOOP('',(#2209,#2210,#2211,#2212));
#401=EDGE_LOOP('',(#2213,#2214,#2215,#2216));
#402=EDGE_LOOP('',(#2217,#2218,#2219,#2220));
#403=EDGE_LOOP('',(#2221,#2222,#2223,#2224));
#404=EDGE_LOOP('',(#2225,#2226,#2227,#2228));
#405=EDGE_LOOP('',(#2229,#2230,#2231,#2232));
#406=EDGE_LOOP('',(#2233,#2234,#2235,#2236));
#407=EDGE_LOOP('',(#2237,#2238,#2239,#2240));
#408=EDGE_LOOP('',(#2241,#2242,#2243,#2244));
#409=EDGE_LOOP('',(#2245,#2246,#2247));
#410=EDGE_LOOP('',(#2248,#2249,#2250));
#411=EDGE_LOOP('',(#2251,#2252,#2253));
#412=EDGE_LOOP('',(#2254,#2255,#2256));
#413=EDGE_LOOP('',(#2257,#2258,#2259,#2260,#2261,#2262,#2263,#2264,#2265,
#2266,#2267,#2268,#2269,#2270));
#414=EDGE_LOOP('',(#2271,#2272,#2273,#2274));
#415=EDGE_LOOP('',(#2275,#2276));
#416=EDGE_LOOP('',(#2277,#2278,#2279,#2280,#2281,#2282,#2283,#2284,#2285,
#2286,#2287,#2288,#2289,#2290,#2291,#2292,#2293,#2294,#2295,#2296));
#417=EDGE_LOOP('',(#2297,#2298,#2299,#2300,#2301,#2302,#2303,#2304,#2305,
#2306,#2307,#2308,#2309,#2310,#2311,#2312,#2313,#2314,#2315,#2316,#2317,
#2318,#2319,#2320));
#418=EDGE_LOOP('',(#2321));
#419=EDGE_LOOP('',(#2322,#2323,#2324,#2325));
#420=EDGE_LOOP('',(#2326));
#421=EDGE_LOOP('',(#2327,#2328,#2329,#2330));
#422=EDGE_LOOP('',(#2331,#2332,#2333,#2334));
#423=EDGE_LOOP('',(#2335,#2336,#2337,#2338));
#424=EDGE_LOOP('',(#2339,#2340,#2341,#2342));
#425=EDGE_LOOP('',(#2343,#2344,#2345,#2346));
#426=EDGE_LOOP('',(#2347,#2348,#2349,#2350));
#427=EDGE_LOOP('',(#2351,#2352,#2353,#2354));
#428=EDGE_LOOP('',(#2355));
#429=EDGE_LOOP('',(#2356,#2357,#2358,#2359));
#430=EDGE_LOOP('',(#2360));
#431=EDGE_LOOP('',(#2361,#2362,#2363,#2364));
#432=EDGE_LOOP('',(#2365,#2366,#2367,#2368));
#433=EDGE_LOOP('',(#2369,#2370,#2371,#2372));
#434=EDGE_LOOP('',(#2373,#2374,#2375,#2376));
#435=EDGE_LOOP('',(#2377,#2378,#2379,#2380));
#436=EDGE_LOOP('',(#2381,#2382,#2383,#2384));
#437=EDGE_LOOP('',(#2385,#2386,#2387,#2388));
#438=EDGE_LOOP('',(#2389,#2390,#2391,#2392));
#439=EDGE_LOOP('',(#2393,#2394,#2395,#2396));
#440=EDGE_LOOP('',(#2397,#2398,#2399,#2400));
#441=EDGE_LOOP('',(#2401,#2402,#2403,#2404));
#442=EDGE_LOOP('',(#2405,#2406,#2407,#2408,#2409,#2410,#2411,#2412,#2413));
#443=EDGE_LOOP('',(#2414,#2415,#2416,#2417,#2418,#2419,#2420,#2421));
#444=EDGE_LOOP('',(#2422,#2423,#2424,#2425,#2426,#2427,#2428,#2429));
#445=EDGE_LOOP('',(#2430,#2431,#2432,#2433));
#446=EDGE_LOOP('',(#2434,#2435,#2436));
#447=EDGE_LOOP('',(#2437,#2438,#2439,#2440,#2441));
#448=EDGE_LOOP('',(#2442,#2443,#2444,#2445,#2446,#2447,#2448,#2449,#2450));
#449=EDGE_LOOP('',(#2451));
#450=EDGE_LOOP('',(#2452,#2453,#2454,#2455));
#451=EDGE_LOOP('',(#2456,#2457,#2458,#2459));
#452=EDGE_LOOP('',(#2460,#2461,#2462,#2463));
#453=EDGE_LOOP('',(#2464,#2465,#2466,#2467,#2468,#2469,#2470,#2471,#2472));
#454=EDGE_LOOP('',(#2473));
#455=EDGE_LOOP('',(#2474,#2475,#2476,#2477,#2478,#2479));
#456=EDGE_LOOP('',(#2480,#2481,#2482,#2483));
#457=EDGE_LOOP('',(#2484,#2485,#2486,#2487,#2488,#2489));
#458=EDGE_LOOP('',(#2490,#2491,#2492,#2493,#2494,#2495,#2496));
#459=EDGE_LOOP('',(#2497,#2498,#2499,#2500,#2501));
#460=EDGE_LOOP('',(#2502,#2503,#2504,#2505,#2506,#2507,#2508,#2509,#2510,
#2511,#2512));
#461=EDGE_LOOP('',(#2513,#2514,#2515,#2516,#2517,#2518,#2519));
#462=EDGE_LOOP('',(#2520));
#463=EDGE_LOOP('',(#2521,#2522,#2523,#2524));
#464=EDGE_LOOP('',(#2525,#2526,#2527,#2528));
#465=EDGE_LOOP('',(#2529,#2530,#2531,#2532,#2533,#2534,#2535,#2536,#2537,
#2538,#2539,#2540,#2541,#2542,#2543,#2544));
#466=EDGE_LOOP('',(#2545));
#467=EDGE_LOOP('',(#2546));
#468=EDGE_LOOP('',(#2547,#2548,#2549,#2550));
#469=EDGE_LOOP('',(#2551,#2552,#2553,#2554));
#470=EDGE_LOOP('',(#2555,#2556,#2557,#2558));
#471=EDGE_LOOP('',(#2559,#2560,#2561,#2562));
#472=EDGE_LOOP('',(#2563,#2564,#2565,#2566));
#473=EDGE_LOOP('',(#2567,#2568,#2569,#2570));
#474=EDGE_LOOP('',(#2571,#2572,#2573,#2574));
#475=EDGE_LOOP('',(#2575,#2576,#2577,#2578));
#476=EDGE_LOOP('',(#2579,#2580,#2581,#2582));
#477=EDGE_LOOP('',(#2583,#2584,#2585,#2586));
#478=EDGE_LOOP('',(#2587,#2588,#2589,#2590));
#479=EDGE_LOOP('',(#2591,#2592,#2593,#2594));
#480=EDGE_LOOP('',(#2595,#2596,#2597,#2598));
#481=EDGE_LOOP('',(#2599,#2600,#2601,#2602));
#482=EDGE_LOOP('',(#2603,#2604,#2605,#2606));
#483=EDGE_LOOP('',(#2607,#2608,#2609,#2610,#2611,#2612,#2613,#2614));
#484=EDGE_LOOP('',(#2615,#2616,#2617,#2618,#2619,#2620,#2621,#2622));
#485=EDGE_LOOP('',(#2623,#2624,#2625,#2626));
#486=EDGE_LOOP('',(#2627,#2628,#2629,#2630,#2631,#2632,#2633,#2634,#2635,
#2636,#2637,#2638,#2639,#2640,#2641,#2642,#2643,#2644,#2645,#2646,#2647,
#2648,#2649,#2650));
#487=EDGE_LOOP('',(#2651));
#488=EDGE_LOOP('',(#2652));
#489=EDGE_LOOP('',(#2653));
#490=EDGE_LOOP('',(#2654));
#491=EDGE_LOOP('',(#2655,#2656,#2657,#2658));
#492=EDGE_LOOP('',(#2659,#2660,#2661,#2662));
#493=EDGE_LOOP('',(#2663,#2664,#2665,#2666));
#494=EDGE_LOOP('',(#2667,#2668,#2669,#2670));
#495=EDGE_LOOP('',(#2671,#2672,#2673,#2674));
#496=EDGE_LOOP('',(#2675,#2676,#2677,#2678));
#497=EDGE_LOOP('',(#2679,#2680,#2681,#2682));
#498=EDGE_LOOP('',(#2683));
#499=EDGE_LOOP('',(#2684));
#500=EDGE_LOOP('',(#2685));
#501=EDGE_LOOP('',(#2686));
#502=EDGE_LOOP('',(#2687,#2688,#2689,#2690,#2691,#2692));
#503=EDGE_LOOP('',(#2693,#2694,#2695));
#504=EDGE_LOOP('',(#2696,#2697,#2698,#2699,#2700,#2701,#2702,#2703,#2704,
#2705));
#505=EDGE_LOOP('',(#2706,#2707,#2708,#2709,#2710,#2711));
#506=EDGE_LOOP('',(#2712,#2713,#2714,#2715,#2716,#2717));
#507=EDGE_LOOP('',(#2718,#2719,#2720,#2721,#2722,#2723));
#508=EDGE_LOOP('',(#2724,#2725,#2726,#2727));
#509=EDGE_LOOP('',(#2728,#2729,#2730,#2731));
#510=EDGE_LOOP('',(#2732,#2733,#2734,#2735));
#511=EDGE_LOOP('',(#2736,#2737,#2738,#2739));
#512=EDGE_LOOP('',(#2740,#2741,#2742,#2743));
#513=EDGE_LOOP('',(#2744,#2745,#2746,#2747,#2748,#2749,#2750,#2751,#2752));
#514=EDGE_LOOP('',(#2753,#2754,#2755,#2756));
#515=EDGE_LOOP('',(#2757,#2758,#2759,#2760));
#516=EDGE_LOOP('',(#2761,#2762,#2763,#2764));
#517=EDGE_LOOP('',(#2765,#2766,#2767,#2768,#2769,#2770,#2771,#2772,#2773));
#518=EDGE_LOOP('',(#2774,#2775,#2776,#2777));
#519=EDGE_LOOP('',(#2778,#2779,#2780,#2781));
#520=EDGE_LOOP('',(#2782,#2783,#2784,#2785));
#521=EDGE_LOOP('',(#2786,#2787,#2788,#2789));
#522=EDGE_LOOP('',(#2790,#2791,#2792,#2793));
#523=EDGE_LOOP('',(#2794,#2795,#2796,#2797));
#524=EDGE_LOOP('',(#2798,#2799,#2800,#2801));
#525=EDGE_LOOP('',(#2802,#2803,#2804,#2805,#2806));
#526=EDGE_LOOP('',(#2807,#2808,#2809,#2810,#2811,#2812));
#527=EDGE_LOOP('',(#2813,#2814,#2815,#2816));
#528=EDGE_LOOP('',(#2817,#2818,#2819,#2820,#2821,#2822,#2823,#2824,#2825,
#2826,#2827,#2828,#2829));
#529=EDGE_LOOP('',(#2830,#2831,#2832,#2833,#2834));
#530=EDGE_LOOP('',(#2835));
#531=EDGE_LOOP('',(#2836,#2837,#2838,#2839,#2840));
#532=EDGE_LOOP('',(#2841));
#533=EDGE_LOOP('',(#2842,#2843,#2844,#2845,#2846));
#534=EDGE_LOOP('',(#2847));
#535=EDGE_LOOP('',(#2848,#2849,#2850,#2851));
#536=EDGE_LOOP('',(#2852,#2853,#2854,#2855,#2856,#2857,#2858,#2859));
#537=EDGE_LOOP('',(#2860,#2861,#2862,#2863));
#538=EDGE_LOOP('',(#2864,#2865,#2866,#2867));
#539=EDGE_LOOP('',(#2868,#2869,#2870,#2871));
#540=EDGE_LOOP('',(#2872,#2873,#2874,#2875,#2876));
#541=EDGE_LOOP('',(#2877,#2878,#2879,#2880));
#542=EDGE_LOOP('',(#2881,#2882,#2883,#2884));
#543=EDGE_LOOP('',(#2885,#2886,#2887,#2888));
#544=EDGE_LOOP('',(#2889,#2890,#2891,#2892));
#545=EDGE_LOOP('',(#2893,#2894,#2895,#2896));
#546=EDGE_LOOP('',(#2897,#2898,#2899,#2900,#2901,#2902));
#547=EDGE_LOOP('',(#2903,#2904,#2905,#2906,#2907,#2908,#2909));
#548=EDGE_LOOP('',(#2910,#2911,#2912,#2913));
#549=EDGE_LOOP('',(#2914,#2915,#2916,#2917));
#550=EDGE_LOOP('',(#2918,#2919,#2920,#2921));
#551=EDGE_LOOP('',(#2922,#2923,#2924,#2925));
#552=EDGE_LOOP('',(#2926,#2927,#2928,#2929));
#553=EDGE_LOOP('',(#2930,#2931,#2932,#2933));
#554=EDGE_LOOP('',(#2934,#2935,#2936,#2937));
#555=EDGE_LOOP('',(#2938,#2939,#2940,#2941));
#556=EDGE_LOOP('',(#2942,#2943,#2944,#2945,#2946,#2947));
#557=EDGE_LOOP('',(#2948,#2949,#2950,#2951));
#558=EDGE_LOOP('',(#2952,#2953,#2954,#2955));
#559=EDGE_LOOP('',(#2956,#2957,#2958,#2959));
#560=EDGE_LOOP('',(#2960,#2961,#2962,#2963));
#561=EDGE_LOOP('',(#2964,#2965,#2966,#2967));
#562=EDGE_LOOP('',(#2968,#2969,#2970));
#563=EDGE_LOOP('',(#2971,#2972,#2973,#2974));
#564=EDGE_LOOP('',(#2975,#2976,#2977));
#565=EDGE_LOOP('',(#2978,#2979,#2980,#2981));
#566=EDGE_LOOP('',(#2982,#2983,#2984));
#567=EDGE_LOOP('',(#2985,#2986,#2987));
#568=EDGE_LOOP('',(#2988,#2989,#2990,#2991));
#569=EDGE_LOOP('',(#2992,#2993,#2994,#2995));
#570=EDGE_LOOP('',(#2996,#2997,#2998,#2999));
#571=EDGE_LOOP('',(#3000,#3001,#3002,#3003));
#572=EDGE_LOOP('',(#3004,#3005,#3006,#3007));
#573=EDGE_LOOP('',(#3008,#3009,#3010,#3011));
#574=EDGE_LOOP('',(#3012,#3013,#3014,#3015));
#575=EDGE_LOOP('',(#3016,#3017,#3018,#3019));
#576=EDGE_LOOP('',(#3020,#3021,#3022,#3023,#3024,#3025,#3026,#3027));
#577=EDGE_LOOP('',(#3028,#3029,#3030,#3031));
#578=EDGE_LOOP('',(#3032,#3033,#3034,#3035));
#579=EDGE_LOOP('',(#3036,#3037,#3038,#3039));
#580=EDGE_LOOP('',(#3040,#3041,#3042));
#581=EDGE_LOOP('',(#3043,#3044,#3045,#3046,#3047,#3048,#3049,#3050,#3051,
#3052));
#582=EDGE_LOOP('',(#3053,#3054,#3055,#3056,#3057,#3058));
#583=EDGE_LOOP('',(#3059,#3060,#3061,#3062));
#584=EDGE_LOOP('',(#3063,#3064,#3065,#3066));
#585=LINE('',#4512,#926);
#586=LINE('',#4517,#927);
#587=LINE('',#4519,#928);
#588=LINE('',#4521,#929);
#589=LINE('',#4522,#930);
#590=LINE('',#4529,#931);
#591=LINE('',#4531,#932);
#592=LINE('',#4533,#933);
#593=LINE('',#4534,#934);
#594=LINE('',#4541,#935);
#595=LINE('',#4544,#936);
#596=LINE('',#4551,#937);
#597=LINE('',#4555,#938);
#598=LINE('',#4557,#939);
#599=LINE('',#4559,#940);
#600=LINE('',#4560,#941);
#601=LINE('',#4565,#942);
#602=LINE('',#4570,#943);
#603=LINE('',#4571,#944);
#604=LINE('',#4572,#945);
#605=LINE('',#4577,#946);
#606=LINE('',#4582,#947);
#607=LINE('',#4583,#948);
#608=LINE('',#4584,#949);
#609=LINE('',#4588,#950);
#610=LINE('',#4590,#951);
#611=LINE('',#4592,#952);
#612=LINE('',#4593,#953);
#613=LINE('',#4598,#954);
#614=LINE('',#4603,#955);
#615=LINE('',#4604,#956);
#616=LINE('',#4605,#957);
#617=LINE('',#4610,#958);
#618=LINE('',#4614,#959);
#619=LINE('',#4615,#960);
#620=LINE('',#4616,#961);
#621=LINE('',#4620,#962);
#622=LINE('',#4622,#963);
#623=LINE('',#4624,#964);
#624=LINE('',#4625,#965);
#625=LINE('',#4630,#966);
#626=LINE('',#4635,#967);
#627=LINE('',#4636,#968);
#628=LINE('',#4637,#969);
#629=LINE('',#4642,#970);
#630=LINE('',#4646,#971);
#631=LINE('',#4647,#972);
#632=LINE('',#4648,#973);
#633=LINE('',#4651,#974);
#634=LINE('',#4653,#975);
#635=LINE('',#4655,#976);
#636=LINE('',#4656,#977);
#637=LINE('',#4660,#978);
#638=LINE('',#4661,#979);
#639=LINE('',#4663,#980);
#640=LINE('',#4664,#981);
#641=LINE('',#4669,#982);
#642=LINE('',#4674,#983);
#643=LINE('',#4675,#984);
#644=LINE('',#4676,#985);
#645=LINE('',#4691,#986);
#646=LINE('',#4693,#987);
#647=LINE('',#4695,#988);
#648=LINE('',#4697,#989);
#649=LINE('',#4699,#990);
#650=LINE('',#4701,#991);
#651=LINE('',#4703,#992);
#652=LINE('',#4705,#993);
#653=LINE('',#4707,#994);
#654=LINE('',#4709,#995);
#655=LINE('',#4711,#996);
#656=LINE('',#4713,#997);
#657=LINE('',#4715,#998);
#658=LINE('',#4716,#999);
#659=LINE('',#4719,#1000);
#660=LINE('',#4723,#1001);
#661=LINE('',#4728,#1002);
#662=LINE('',#4734,#1003);
#663=LINE('',#4736,#1004);
#664=LINE('',#4738,#1005);
#665=LINE('',#4739,#1006);
#666=LINE('',#4743,#1007);
#667=LINE('',#4744,#1008);
#668=LINE('',#4746,#1009);
#669=LINE('',#4749,#1010);
#670=LINE('',#4751,#1011);
#671=LINE('',#4752,#1012);
#672=LINE('',#4755,#1013);
#673=LINE('',#4759,#1014);
#674=LINE('',#4760,#1015);
#675=LINE('',#4770,#1016);
#676=LINE('',#4773,#1017);
#677=LINE('',#4778,#1018);
#678=LINE('',#4780,#1019);
#679=LINE('',#4781,#1020);
#680=LINE('',#4784,#1021);
#681=LINE('',#4788,#1022);
#682=LINE('',#4791,#1023);
#683=LINE('',#4794,#1024);
#684=LINE('',#4797,#1025);
#685=LINE('',#4799,#1026);
#686=LINE('',#4800,#1027);
#687=LINE('',#4803,#1028);
#688=LINE('',#4804,#1029);
#689=LINE('',#4806,#1030);
#690=LINE('',#4810,#1031);
#691=LINE('',#4814,#1032);
#692=LINE('',#4816,#1033);
#693=LINE('',#4818,#1034);
#694=LINE('',#4820,#1035);
#695=LINE('',#4822,#1036);
#696=LINE('',#4824,#1037);
#697=LINE('',#4826,#1038);
#698=LINE('',#4828,#1039);
#699=LINE('',#4829,#1040);
#700=LINE('',#4835,#1041);
#701=LINE('',#4839,#1042);
#702=LINE('',#4843,#1043);
#703=LINE('',#4846,#1044);
#704=LINE('',#4848,#1045);
#705=LINE('',#4850,#1046);
#706=LINE('',#4852,#1047);
#707=LINE('',#4854,#1048);
#708=LINE('',#4858,#1049);
#709=LINE('',#4863,#1050);
#710=LINE('',#4865,#1051);
#711=LINE('',#4867,#1052);
#712=LINE('',#4868,#1053);
#713=LINE('',#4871,#1054);
#714=LINE('',#4872,#1055);
#715=LINE('',#4875,#1056);
#716=LINE('',#4877,#1057);
#717=LINE('',#4879,#1058);
#718=LINE('',#4880,#1059);
#719=LINE('',#4882,#1060);
#720=LINE('',#4884,#1061);
#721=LINE('',#4886,#1062);
#722=LINE('',#4890,#1063);
#723=LINE('',#4891,#1064);
#724=LINE('',#4902,#1065);
#725=LINE('',#4903,#1066);
#726=LINE('',#4905,#1067);
#727=LINE('',#4908,#1068);
#728=LINE('',#4909,#1069);
#729=LINE('',#4912,#1070);
#730=LINE('',#4914,#1071);
#731=LINE('',#4916,#1072);
#732=LINE('',#4918,#1073);
#733=LINE('',#4920,#1074);
#734=LINE('',#4922,#1075);
#735=LINE('',#4923,#1076);
#736=LINE('',#4927,#1077);
#737=LINE('',#4931,#1078);
#738=LINE('',#4933,#1079);
#739=LINE('',#4935,#1080);
#740=LINE('',#4936,#1081);
#741=LINE('',#4939,#1082);
#742=LINE('',#4941,#1083);
#743=LINE('',#4943,#1084);
#744=LINE('',#4945,#1085);
#745=LINE('',#4946,#1086);
#746=LINE('',#4950,#1087);
#747=LINE('',#4951,#1088);
#748=LINE('',#4953,#1089);
#749=LINE('',#4955,#1090);
#750=LINE('',#4956,#1091);
#751=LINE('',#4960,#1092);
#752=LINE('',#4961,#1093);
#753=LINE('',#4962,#1094);
#754=LINE('',#4965,#1095);
#755=LINE('',#4967,#1096);
#756=LINE('',#4969,#1097);
#757=LINE('',#4971,#1098);
#758=LINE('',#4973,#1099);
#759=LINE('',#4975,#1100);
#760=LINE('',#4977,#1101);
#761=LINE('',#4978,#1102);
#762=LINE('',#4979,#1103);
#763=LINE('',#4982,#1104);
#764=LINE('',#4984,#1105);
#765=LINE('',#4986,#1106);
#766=LINE('',#4987,#1107);
#767=LINE('',#4992,#1108);
#768=LINE('',#4994,#1109);
#769=LINE('',#4995,#1110);
#770=LINE('',#4998,#1111);
#771=LINE('',#5000,#1112);
#772=LINE('',#5001,#1113);
#773=LINE('',#5004,#1114);
#774=LINE('',#5006,#1115);
#775=LINE('',#5008,#1116);
#776=LINE('',#5010,#1117);
#777=LINE('',#5012,#1118);
#778=LINE('',#5014,#1119);
#779=LINE('',#5015,#1120);
#780=LINE('',#5017,#1121);
#781=LINE('',#5019,#1122);
#782=LINE('',#5020,#1123);
#783=LINE('',#5038,#1124);
#784=LINE('',#5040,#1125);
#785=LINE('',#5041,#1126);
#786=LINE('',#5045,#1127);
#787=LINE('',#5047,#1128);
#788=LINE('',#5049,#1129);
#789=LINE('',#5050,#1130);
#790=LINE('',#5054,#1131);
#791=LINE('',#5060,#1132);
#792=LINE('',#5061,#1133);
#793=LINE('',#5062,#1134);
#794=LINE('',#5066,#1135);
#795=LINE('',#5070,#1136);
#796=LINE('',#5071,#1137);
#797=LINE('',#5076,#1138);
#798=LINE('',#5081,#1139);
#799=LINE('',#5082,#1140);
#800=LINE('',#5083,#1141);
#801=LINE('',#5089,#1142);
#802=LINE('',#5093,#1143);
#803=LINE('',#5094,#1144);
#804=LINE('',#5097,#1145);
#805=LINE('',#5101,#1146);
#806=LINE('',#5102,#1147);
#807=LINE('',#5108,#1148);
#808=LINE('',#5112,#1149);
#809=LINE('',#5116,#1150);
#810=LINE('',#5121,#1151);
#811=LINE('',#5127,#1152);
#812=LINE('',#5131,#1153);
#813=LINE('',#5134,#1154);
#814=LINE('',#5138,#1155);
#815=LINE('',#5141,#1156);
#816=LINE('',#5143,#1157);
#817=LINE('',#5145,#1158);
#818=LINE('',#5146,#1159);
#819=LINE('',#5148,#1160);
#820=LINE('',#5151,#1161);
#821=LINE('',#5160,#1162);
#822=LINE('',#5164,#1163);
#823=LINE('',#5168,#1164);
#824=LINE('',#5172,#1165);
#825=LINE('',#5176,#1166);
#826=LINE('',#5180,#1167);
#827=LINE('',#5184,#1168);
#828=LINE('',#5195,#1169);
#829=LINE('',#5198,#1170);
#830=LINE('',#5199,#1171);
#831=LINE('',#5202,#1172);
#832=LINE('',#5203,#1173);
#833=LINE('',#5206,#1174);
#834=LINE('',#5207,#1175);
#835=LINE('',#5209,#1176);
#836=LINE('',#5211,#1177);
#837=LINE('',#5215,#1178);
#838=LINE('',#5216,#1179);
#839=LINE('',#5218,#1180);
#840=LINE('',#5220,#1181);
#841=LINE('',#5223,#1182);
#842=LINE('',#5226,#1183);
#843=LINE('',#5227,#1184);
#844=LINE('',#5229,#1185);
#845=LINE('',#5230,#1186);
#846=LINE('',#5234,#1187);
#847=LINE('',#5237,#1188);
#848=LINE('',#5239,#1189);
#849=LINE('',#5244,#1190);
#850=LINE('',#5245,#1191);
#851=LINE('',#5247,#1192);
#852=LINE('',#5249,#1193);
#853=LINE('',#5251,#1194);
#854=LINE('',#5257,#1195);
#855=LINE('',#5258,#1196);
#856=LINE('',#5261,#1197);
#857=LINE('',#5262,#1198);
#858=LINE('',#5266,#1199);
#859=LINE('',#5268,#1200);
#860=LINE('',#5271,#1201);
#861=LINE('',#5272,#1202);
#862=LINE('',#5276,#1203);
#863=LINE('',#5278,#1204);
#864=LINE('',#5283,#1205);
#865=LINE('',#5286,#1206);
#866=LINE('',#5289,#1207);
#867=LINE('',#5291,#1208);
#868=LINE('',#5292,#1209);
#869=LINE('',#5296,#1210);
#870=LINE('',#5298,#1211);
#871=LINE('',#5300,#1212);
#872=LINE('',#5301,#1213);
#873=LINE('',#5303,#1214);
#874=LINE('',#5304,#1215);
#875=LINE('',#5305,#1216);
#876=LINE('',#5308,#1217);
#877=LINE('',#5309,#1218);
#878=LINE('',#5310,#1219);
#879=LINE('',#5315,#1220);
#880=LINE('',#5316,#1221);
#881=LINE('',#5322,#1222);
#882=LINE('',#5323,#1223);
#883=LINE('',#5324,#1224);
#884=LINE('',#5328,#1225);
#885=LINE('',#5330,#1226);
#886=LINE('',#5332,#1227);
#887=LINE('',#5334,#1228);
#888=LINE('',#5337,#1229);
#889=LINE('',#5338,#1230);
#890=LINE('',#5340,#1231);
#891=LINE('',#5341,#1232);
#892=LINE('',#5344,#1233);
#893=LINE('',#5346,#1234);
#894=LINE('',#5347,#1235);
#895=LINE('',#5350,#1236);
#896=LINE('',#5354,#1237);
#897=LINE('',#5355,#1238);
#898=LINE('',#5358,#1239);
#899=LINE('',#5361,#1240);
#900=LINE('',#5364,#1241);
#901=LINE('',#5367,#1242);
#902=LINE('',#5370,#1243);
#903=LINE('',#5373,#1244);
#904=LINE('',#5378,#1245);
#905=LINE('',#5380,#1246);
#906=LINE('',#5384,#1247);
#907=LINE('',#5386,#1248);
#908=LINE('',#5388,#1249);
#909=LINE('',#5397,#1250);
#910=LINE('',#5398,#1251);
#911=LINE('',#5407,#1252);
#912=LINE('',#5408,#1253);
#913=LINE('',#5420,#1254);
#914=LINE('',#5421,#1255);
#915=LINE('',#5423,#1256);
#916=LINE('',#5425,#1257);
#917=LINE('',#5427,#1258);
#918=LINE('',#5428,#1259);
#919=LINE('',#5430,#1260);
#920=LINE('',#5431,#1261);
#921=LINE('',#5436,#1262);
#922=LINE('',#5440,#1263);
#923=LINE('',#5443,#1264);
#924=LINE('',#5445,#1265);
#925=LINE('',#5446,#1266);
#926=VECTOR('',#3582,5.90000000000001);
#927=VECTOR('',#3587,10.);
#928=VECTOR('',#3588,10.);
#929=VECTOR('',#3589,10.);
#930=VECTOR('',#3590,10.);
#931=VECTOR('',#3595,10.);
#932=VECTOR('',#3596,10.);
#933=VECTOR('',#3597,10.);
#934=VECTOR('',#3598,10.);
#935=VECTOR('',#3603,10.);
#936=VECTOR('',#3606,10.);
#937=VECTOR('',#3613,10.);
#938=VECTOR('',#3616,10.);
#939=VECTOR('',#3617,10.);
#940=VECTOR('',#3618,10.);
#941=VECTOR('',#3619,10.);
#942=VECTOR('',#3624,10.);
#943=VECTOR('',#3629,10.);
#944=VECTOR('',#3630,10.);
#945=VECTOR('',#3631,10.);
#946=VECTOR('',#3636,10.);
#947=VECTOR('',#3641,10.);
#948=VECTOR('',#3642,10.);
#949=VECTOR('',#3643,10.);
#950=VECTOR('',#3646,10.);
#951=VECTOR('',#3647,10.);
#952=VECTOR('',#3648,10.);
#953=VECTOR('',#3649,10.);
#954=VECTOR('',#3654,10.);
#955=VECTOR('',#3659,10.);
#956=VECTOR('',#3660,10.);
#957=VECTOR('',#3661,10.);
#958=VECTOR('',#3666,10.);
#959=VECTOR('',#3671,10.);
#960=VECTOR('',#3672,10.);
#961=VECTOR('',#3673,10.);
#962=VECTOR('',#3676,10.);
#963=VECTOR('',#3677,10.);
#964=VECTOR('',#3678,10.);
#965=VECTOR('',#3679,10.);
#966=VECTOR('',#3684,10.);
#967=VECTOR('',#3689,10.);
#968=VECTOR('',#3690,10.);
#969=VECTOR('',#3691,10.);
#970=VECTOR('',#3696,10.);
#971=VECTOR('',#3701,10.);
#972=VECTOR('',#3702,10.);
#973=VECTOR('',#3703,10.);
#974=VECTOR('',#3706,10.);
#975=VECTOR('',#3707,10.);
#976=VECTOR('',#3708,10.);
#977=VECTOR('',#3709,10.);
#978=VECTOR('',#3712,10.);
#979=VECTOR('',#3713,10.);
#980=VECTOR('',#3714,10.);
#981=VECTOR('',#3715,10.);
#982=VECTOR('',#3720,10.);
#983=VECTOR('',#3725,10.);
#984=VECTOR('',#3726,10.);
#985=VECTOR('',#3727,10.);
#986=VECTOR('',#3752,10.);
#987=VECTOR('',#3753,10.);
#988=VECTOR('',#3754,10.);
#989=VECTOR('',#3755,10.);
#990=VECTOR('',#3756,10.);
#991=VECTOR('',#3757,10.);
#992=VECTOR('',#3758,10.);
#993=VECTOR('',#3759,10.);
#994=VECTOR('',#3760,10.);
#995=VECTOR('',#3761,10.);
#996=VECTOR('',#3762,10.);
#997=VECTOR('',#3763,10.);
#998=VECTOR('',#3764,10.);
#999=VECTOR('',#3765,10.);
#1000=VECTOR('',#3766,10.);
#1001=VECTOR('',#3769,10.);
#1002=VECTOR('',#3774,10.);
#1003=VECTOR('',#3779,10.);
#1004=VECTOR('',#3780,10.);
#1005=VECTOR('',#3781,10.);
#1006=VECTOR('',#3782,10.);
#1007=VECTOR('',#3787,10.);
#1008=VECTOR('',#3788,10.);
#1009=VECTOR('',#3791,10.);
#1010=VECTOR('',#3794,10.);
#1011=VECTOR('',#3795,10.);
#1012=VECTOR('',#3796,10.);
#1013=VECTOR('',#3799,10.);
#1014=VECTOR('',#3804,10.);
#1015=VECTOR('',#3805,10.);
#1016=VECTOR('',#3816,10.);
#1017=VECTOR('',#3819,10.);
#1018=VECTOR('',#3824,10.);
#1019=VECTOR('',#3825,10.);
#1020=VECTOR('',#3826,10.);
#1021=VECTOR('',#3829,10.);
#1022=VECTOR('',#3834,1.7);
#1023=VECTOR('',#3839,1.2);
#1024=VECTOR('',#3842,1.7);
#1025=VECTOR('',#3847,1.2);
#1026=VECTOR('',#3850,10.);
#1027=VECTOR('',#3851,10.);
#1028=VECTOR('',#3854,10.);
#1029=VECTOR('',#3855,10.);
#1030=VECTOR('',#3858,10.);
#1031=VECTOR('',#3865,10.);
#1032=VECTOR('',#3868,10.);
#1033=VECTOR('',#3869,10.);
#1034=VECTOR('',#3870,10.);
#1035=VECTOR('',#3871,10.);
#1036=VECTOR('',#3872,10.);
#1037=VECTOR('',#3873,10.);
#1038=VECTOR('',#3874,10.);
#1039=VECTOR('',#3875,10.);
#1040=VECTOR('',#3876,10.);
#1041=VECTOR('',#3881,10.);
#1042=VECTOR('',#3884,10.);
#1043=VECTOR('',#3887,10.);
#1044=VECTOR('',#3890,10.);
#1045=VECTOR('',#3891,10.);
#1046=VECTOR('',#3892,10.);
#1047=VECTOR('',#3893,10.);
#1048=VECTOR('',#3894,10.);
#1049=VECTOR('',#3897,10.);
#1050=VECTOR('',#3902,10.);
#1051=VECTOR('',#3903,10.);
#1052=VECTOR('',#3904,10.);
#1053=VECTOR('',#3905,10.);
#1054=VECTOR('',#3908,10.);
#1055=VECTOR('',#3909,10.);
#1056=VECTOR('',#3912,10.);
#1057=VECTOR('',#3913,10.);
#1058=VECTOR('',#3914,10.);
#1059=VECTOR('',#3915,10.);
#1060=VECTOR('',#3918,10.);
#1061=VECTOR('',#3919,10.);
#1062=VECTOR('',#3920,10.);
#1063=VECTOR('',#3923,10.);
#1064=VECTOR('',#3924,10.);
#1065=VECTOR('',#3929,10.);
#1066=VECTOR('',#3930,10.);
#1067=VECTOR('',#3933,10.);
#1068=VECTOR('',#3936,10.);
#1069=VECTOR('',#3937,10.);
#1070=VECTOR('',#3940,10.);
#1071=VECTOR('',#3941,10.);
#1072=VECTOR('',#3942,10.);
#1073=VECTOR('',#3943,10.);
#1074=VECTOR('',#3944,10.);
#1075=VECTOR('',#3945,10.);
#1076=VECTOR('',#3946,10.);
#1077=VECTOR('',#3951,10.);
#1078=VECTOR('',#3954,10.);
#1079=VECTOR('',#3955,10.);
#1080=VECTOR('',#3956,10.);
#1081=VECTOR('',#3957,10.);
#1082=VECTOR('',#3960,10.);
#1083=VECTOR('',#3961,10.);
#1084=VECTOR('',#3962,10.);
#1085=VECTOR('',#3963,10.);
#1086=VECTOR('',#3964,10.);
#1087=VECTOR('',#3967,10.);
#1088=VECTOR('',#3968,10.);
#1089=VECTOR('',#3969,10.);
#1090=VECTOR('',#3970,10.);
#1091=VECTOR('',#3971,10.);
#1092=VECTOR('',#3974,10.);
#1093=VECTOR('',#3975,10.);
#1094=VECTOR('',#3976,10.);
#1095=VECTOR('',#3979,10.);
#1096=VECTOR('',#3980,10.);
#1097=VECTOR('',#3981,10.);
#1098=VECTOR('',#3982,10.);
#1099=VECTOR('',#3983,10.);
#1100=VECTOR('',#3984,10.);
#1101=VECTOR('',#3985,10.);
#1102=VECTOR('',#3986,10.);
#1103=VECTOR('',#3987,10.);
#1104=VECTOR('',#3990,10.);
#1105=VECTOR('',#3991,10.);
#1106=VECTOR('',#3992,10.);
#1107=VECTOR('',#3993,10.);
#1108=VECTOR('',#3998,10.);
#1109=VECTOR('',#3999,10.);
#1110=VECTOR('',#4000,10.);
#1111=VECTOR('',#4003,10.);
#1112=VECTOR('',#4004,10.);
#1113=VECTOR('',#4005,10.);
#1114=VECTOR('',#4008,10.);
#1115=VECTOR('',#4009,10.);
#1116=VECTOR('',#4010,10.);
#1117=VECTOR('',#4011,10.);
#1118=VECTOR('',#4012,10.);
#1119=VECTOR('',#4013,10.);
#1120=VECTOR('',#4014,10.);
#1121=VECTOR('',#4015,10.);
#1122=VECTOR('',#4016,10.);
#1123=VECTOR('',#4017,10.);
#1124=VECTOR('',#4028,10.);
#1125=VECTOR('',#4031,10.);
#1126=VECTOR('',#4032,10.);
#1127=VECTOR('',#4035,10.);
#1128=VECTOR('',#4036,10.);
#1129=VECTOR('',#4037,10.);
#1130=VECTOR('',#4038,10.);
#1131=VECTOR('',#4041,10.);
#1132=VECTOR('',#4048,10.);
#1133=VECTOR('',#4049,10.);
#1134=VECTOR('',#4050,10.);
#1135=VECTOR('',#4055,10.);
#1136=VECTOR('',#4060,10.);
#1137=VECTOR('',#4061,10.);
#1138=VECTOR('',#4066,10.);
#1139=VECTOR('',#4071,10.);
#1140=VECTOR('',#4072,10.);
#1141=VECTOR('',#4073,10.);
#1142=VECTOR('',#4082,10.);
#1143=VECTOR('',#4087,10.);
#1144=VECTOR('',#4088,10.);
#1145=VECTOR('',#4091,10.);
#1146=VECTOR('',#4096,10.);
#1147=VECTOR('',#4097,10.);
#1148=VECTOR('',#4102,10.);
#1149=VECTOR('',#4105,10.);
#1150=VECTOR('',#4110,10.);
#1151=VECTOR('',#4115,2.65);
#1152=VECTOR('',#4122,10.);
#1153=VECTOR('',#4125,10.);
#1154=VECTOR('',#4128,10.);
#1155=VECTOR('',#4131,10.);
#1156=VECTOR('',#4134,10.);
#1157=VECTOR('',#4135,10.);
#1158=VECTOR('',#4136,10.);
#1159=VECTOR('',#4137,10.);
#1160=VECTOR('',#4138,10.);
#1161=VECTOR('',#4141,10.);
#1162=VECTOR('',#4150,2.15);
#1163=VECTOR('',#4155,2.65);
#1164=VECTOR('',#4160,2.15);
#1165=VECTOR('',#4165,2.65);
#1166=VECTOR('',#4170,2.15);
#1167=VECTOR('',#4175,2.65);
#1168=VECTOR('',#4180,2.15);
#1169=VECTOR('',#4195,10.);
#1170=VECTOR('',#4198,10.);
#1171=VECTOR('',#4199,10.);
#1172=VECTOR('',#4202,10.);
#1173=VECTOR('',#4203,10.);
#1174=VECTOR('',#4206,10.);
#1175=VECTOR('',#4207,10.);
#1176=VECTOR('',#4208,10.);
#1177=VECTOR('',#4209,10.);
#1178=VECTOR('',#4212,10.);
#1179=VECTOR('',#4213,10.);
#1180=VECTOR('',#4216,10.);
#1181=VECTOR('',#4217,10.);
#1182=VECTOR('',#4220,10.);
#1183=VECTOR('',#4223,10.);
#1184=VECTOR('',#4224,10.);
#1185=VECTOR('',#4227,10.);
#1186=VECTOR('',#4228,10.);
#1187=VECTOR('',#4233,10.);
#1188=VECTOR('',#4236,10.);
#1189=VECTOR('',#4239,10.);
#1190=VECTOR('',#4244,10.);
#1191=VECTOR('',#4245,10.);
#1192=VECTOR('',#4248,10.);
#1193=VECTOR('',#4251,10.);
#1194=VECTOR('',#4252,10.);
#1195=VECTOR('',#4259,10.);
#1196=VECTOR('',#4260,10.);
#1197=VECTOR('',#4263,10.);
#1198=VECTOR('',#4264,10.);
#1199=VECTOR('',#4269,10.);
#1200=VECTOR('',#4272,10.);
#1201=VECTOR('',#4275,10.);
#1202=VECTOR('',#4276,10.);
#1203=VECTOR('',#4283,10.);
#1204=VECTOR('',#4286,10.);
#1205=VECTOR('',#4293,10.);
#1206=VECTOR('',#4298,10.);
#1207=VECTOR('',#4301,10.);
#1208=VECTOR('',#4302,10.);
#1209=VECTOR('',#4303,10.);
#1210=VECTOR('',#4306,10.);
#1211=VECTOR('',#4307,10.);
#1212=VECTOR('',#4308,10.);
#1213=VECTOR('',#4309,10.);
#1214=VECTOR('',#4312,10.);
#1215=VECTOR('',#4313,10.);
#1216=VECTOR('',#4314,10.);
#1217=VECTOR('',#4317,10.);
#1218=VECTOR('',#4318,10.);
#1219=VECTOR('',#4319,10.);
#1220=VECTOR('',#4324,10.);
#1221=VECTOR('',#4325,10.);
#1222=VECTOR('',#4330,10.);
#1223=VECTOR('',#4331,10.);
#1224=VECTOR('',#4332,10.);
#1225=VECTOR('',#4337,10.);
#1226=VECTOR('',#4340,10.);
#1227=VECTOR('',#4343,10.);
#1228=VECTOR('',#4346,10.);
#1229=VECTOR('',#4349,10.);
#1230=VECTOR('',#4350,10.);
#1231=VECTOR('',#4353,10.);
#1232=VECTOR('',#4354,10.);
#1233=VECTOR('',#4357,10.);
#1234=VECTOR('',#4358,10.);
#1235=VECTOR('',#4359,10.);
#1236=VECTOR('',#4362,10.);
#1237=VECTOR('',#4367,10.);
#1238=VECTOR('',#4368,10.);
#1239=VECTOR('',#4371,10.);
#1240=VECTOR('',#4376,10.);
#1241=VECTOR('',#4381,10.);
#1242=VECTOR('',#4386,1.7);
#1243=VECTOR('',#4391,10.);
#1244=VECTOR('',#4396,1.7);
#1245=VECTOR('',#4405,2.25);
#1246=VECTOR('',#4408,2.25);
#1247=VECTOR('',#4413,10.);
#1248=VECTOR('',#4416,2.25);
#1249=VECTOR('',#4419,2.25);
#1250=VECTOR('',#4430,10.);
#1251=VECTOR('',#4431,10.);
#1252=VECTOR('',#4442,10.);
#1253=VECTOR('',#4443,10.);
#1254=VECTOR('',#4460,10.);
#1255=VECTOR('',#4461,10.);
#1256=VECTOR('',#4464,10.);
#1257=VECTOR('',#4467,10.);
#1258=VECTOR('',#4470,10.);
#1259=VECTOR('',#4471,10.);
#1260=VECTOR('',#4474,10.);
#1261=VECTOR('',#4475,10.);
#1262=VECTOR('',#4482,10.);
#1263=VECTOR('',#4485,10.);
#1264=VECTOR('',#4490,10.);
#1265=VECTOR('',#4493,10.);
#1266=VECTOR('',#4494,10.);
#1267=CIRCLE('',#3283,6.30000000000001);
#1268=CIRCLE('',#3284,5.50000000000001);
#1269=CIRCLE('',#3286,2.2);
#1270=CIRCLE('',#3287,1.7);
#1271=CIRCLE('',#3288,1.7);
#1272=CIRCLE('',#3289,1.9);
#1273=CIRCLE('',#3290,1.9);
#1274=CIRCLE('',#3291,2.2);
#1275=CIRCLE('',#3293,3.35000000000086);
#1276=CIRCLE('',#3296,1.);
#1277=CIRCLE('',#3297,2.);
#1278=CIRCLE('',#3300,1.);
#1279=CIRCLE('',#3301,2.);
#1280=CIRCLE('',#3305,1.);
#1281=CIRCLE('',#3306,2.);
#1282=CIRCLE('',#3309,1.);
#1283=CIRCLE('',#3310,2.);
#1284=CIRCLE('',#3314,1.);
#1285=CIRCLE('',#3315,2.);
#1286=CIRCLE('',#3318,1.);
#1287=CIRCLE('',#3319,2.);
#1288=CIRCLE('',#3324,1.);
#1289=CIRCLE('',#3325,2.);
#1290=CIRCLE('',#3328,1.);
#1291=CIRCLE('',#3329,2.);
#1292=CIRCLE('',#3331,1.);
#1293=CIRCLE('',#3333,1.);
#1294=CIRCLE('',#3335,1.);
#1295=CIRCLE('',#3337,1.);
#1296=CIRCLE('',#3339,4.1);
#1297=CIRCLE('',#3340,4.1);
#1298=CIRCLE('',#3341,4.35);
#1299=CIRCLE('',#3343,1.7);
#1300=CIRCLE('',#3344,1.7);
#1301=CIRCLE('',#3349,4.1);
#1302=CIRCLE('',#3352,4.1);
#1303=CIRCLE('',#3354,1.2);
#1304=CIRCLE('',#3355,1.7);
#1305=CIRCLE('',#3356,1.7);
#1306=CIRCLE('',#3357,1.2);
#1307=CIRCLE('',#3360,1.7);
#1308=CIRCLE('',#3362,1.2);
#1309=CIRCLE('',#3365,1.2);
#1310=CIRCLE('',#3370,1.7);
#1311=CIRCLE('',#3375,8.);
#1312=CIRCLE('',#3376,8.);
#1313=CIRCLE('',#3377,8.);
#1314=CIRCLE('',#3378,8.);
#1315=CIRCLE('',#3379,2.);
#1316=CIRCLE('',#3380,2.);
#1317=CIRCLE('',#3386,2.25);
#1318=CIRCLE('',#3391,2.25);
#1319=CIRCLE('',#3399,2.25);
#1320=CIRCLE('',#3403,2.25);
#1321=CIRCLE('',#3404,2.25);
#1322=CIRCLE('',#3406,3.35000000000001);
#1323=CIRCLE('',#3411,6.00000000000002);
#1324=CIRCLE('',#3412,5.00000000000002);
#1325=CIRCLE('',#3415,5.);
#1326=CIRCLE('',#3416,6.);
#1327=CIRCLE('',#3419,5.);
#1328=CIRCLE('',#3420,6.);
#1329=CIRCLE('',#3423,6.00000000000002);
#1330=CIRCLE('',#3424,5.00000000000002);
#1331=CIRCLE('',#3426,5.);
#1332=CIRCLE('',#3429,5.00000000000002);
#1333=CIRCLE('',#3432,8.);
#1334=CIRCLE('',#3433,8.);
#1335=CIRCLE('',#3434,8.);
#1336=CIRCLE('',#3435,8.);
#1337=CIRCLE('',#3437,3.15);
#1338=CIRCLE('',#3438,2.15);
#1339=CIRCLE('',#3440,5.);
#1340=CIRCLE('',#3441,5.00000000000002);
#1341=CIRCLE('',#3442,5.);
#1342=CIRCLE('',#3443,5.);
#1343=CIRCLE('',#3444,5.);
#1344=CIRCLE('',#3445,5.);
#1345=CIRCLE('',#3446,3.15);
#1346=CIRCLE('',#3447,3.15);
#1347=CIRCLE('',#3448,3.15);
#1348=CIRCLE('',#3450,2.15);
#1349=CIRCLE('',#3452,2.15);
#1350=CIRCLE('',#3454,2.15);
#1351=CIRCLE('',#3456,2.15);
#1352=CIRCLE('',#3458,2.15);
#1353=CIRCLE('',#3460,2.15);
#1354=CIRCLE('',#3462,2.15);
#1355=CIRCLE('',#3468,2.);
#1356=CIRCLE('',#3472,2.);
#1357=CIRCLE('',#3479,5.);
#1358=CIRCLE('',#3482,5.);
#1359=CIRCLE('',#3485,5.);
#1360=CIRCLE('',#3487,5.);
#1361=CIRCLE('',#3490,5.);
#1362=CIRCLE('',#3492,5.);
#1363=CIRCLE('',#3506,2.25);
#1364=CIRCLE('',#3508,2.25);
#1365=CIRCLE('',#3510,2.25);
#1366=CIRCLE('',#3519,8.);
#1367=CIRCLE('',#3522,8.);
#1368=CIRCLE('',#3538,8.00000000000001);
#1369=CIRCLE('',#3542,8.00000000000001);
#1370=CIRCLE('',#3543,8.00000000000001);
#1371=CIRCLE('',#3544,8.);
#1372=CIRCLE('',#3547,8.);
#1373=CIRCLE('',#3548,8.00000000000001);
#1374=CIRCLE('',#3549,8.);
#1375=CIRCLE('',#3552,8.00000000000001);
#1376=CIRCLE('',#3553,8.);
#1377=CIRCLE('',#3554,8.00000000000001);
#1378=CIRCLE('',#3556,8.);
#1379=CIRCLE('',#3557,8.00000000000001);
#1380=CIRCLE('',#3566,8.);
#1381=CIRCLE('',#3567,8.);
#1382=VERTEX_POINT('',#4509);
#1383=VERTEX_POINT('',#4511);
#1384=VERTEX_POINT('',#4515);
#1385=VERTEX_POINT('',#4516);
#1386=VERTEX_POINT('',#4518);
#1387=VERTEX_POINT('',#4520);
#1388=VERTEX_POINT('',#4523);
#1389=VERTEX_POINT('',#4525);
#1390=VERTEX_POINT('',#4527);
#1391=VERTEX_POINT('',#4528);
#1392=VERTEX_POINT('',#4530);
#1393=VERTEX_POINT('',#4532);
#1394=VERTEX_POINT('',#4535);
#1395=VERTEX_POINT('',#4537);
#1396=VERTEX_POINT('',#4538);
#1397=VERTEX_POINT('',#4540);
#1398=VERTEX_POINT('',#4542);
#1399=VERTEX_POINT('',#4545);
#1400=VERTEX_POINT('',#4548);
#1401=VERTEX_POINT('',#4549);
#1402=VERTEX_POINT('',#4553);
#1403=VERTEX_POINT('',#4554);
#1404=VERTEX_POINT('',#4556);
#1405=VERTEX_POINT('',#4558);
#1406=VERTEX_POINT('',#4562);
#1407=VERTEX_POINT('',#4564);
#1408=VERTEX_POINT('',#4568);
#1409=VERTEX_POINT('',#4569);
#1410=VERTEX_POINT('',#4574);
#1411=VERTEX_POINT('',#4576);
#1412=VERTEX_POINT('',#4580);
#1413=VERTEX_POINT('',#4581);
#1414=VERTEX_POINT('',#4586);
#1415=VERTEX_POINT('',#4587);
#1416=VERTEX_POINT('',#4589);
#1417=VERTEX_POINT('',#4591);
#1418=VERTEX_POINT('',#4595);
#1419=VERTEX_POINT('',#4597);
#1420=VERTEX_POINT('',#4601);
#1421=VERTEX_POINT('',#4602);
#1422=VERTEX_POINT('',#4607);
#1423=VERTEX_POINT('',#4609);
#1424=VERTEX_POINT('',#4613);
#1425=VERTEX_POINT('',#4618);
#1426=VERTEX_POINT('',#4619);
#1427=VERTEX_POINT('',#4621);
#1428=VERTEX_POINT('',#4623);
#1429=VERTEX_POINT('',#4627);
#1430=VERTEX_POINT('',#4629);
#1431=VERTEX_POINT('',#4633);
#1432=VERTEX_POINT('',#4634);
#1433=VERTEX_POINT('',#4639);
#1434=VERTEX_POINT('',#4641);
#1435=VERTEX_POINT('',#4645);
#1436=VERTEX_POINT('',#4650);
#1437=VERTEX_POINT('',#4652);
#1438=VERTEX_POINT('',#4654);
#1439=VERTEX_POINT('',#4658);
#1440=VERTEX_POINT('',#4659);
#1441=VERTEX_POINT('',#4662);
#1442=VERTEX_POINT('',#4666);
#1443=VERTEX_POINT('',#4668);
#1444=VERTEX_POINT('',#4672);
#1445=VERTEX_POINT('',#4673);
#1446=VERTEX_POINT('',#4689);
#1447=VERTEX_POINT('',#4690);
#1448=VERTEX_POINT('',#4692);
#1449=VERTEX_POINT('',#4694);
#1450=VERTEX_POINT('',#4696);
#1451=VERTEX_POINT('',#4698);
#1452=VERTEX_POINT('',#4700);
#1453=VERTEX_POINT('',#4702);
#1454=VERTEX_POINT('',#4704);
#1455=VERTEX_POINT('',#4706);
#1456=VERTEX_POINT('',#4708);
#1457=VERTEX_POINT('',#4710);
#1458=VERTEX_POINT('',#4712);
#1459=VERTEX_POINT('',#4714);
#1460=VERTEX_POINT('',#4717);
#1461=VERTEX_POINT('',#4718);
#1462=VERTEX_POINT('',#4720);
#1463=VERTEX_POINT('',#4722);
#1464=VERTEX_POINT('',#4725);
#1465=VERTEX_POINT('',#4726);
#1466=VERTEX_POINT('',#4730);
#1467=VERTEX_POINT('',#4732);
#1468=VERTEX_POINT('',#4733);
#1469=VERTEX_POINT('',#4735);
#1470=VERTEX_POINT('',#4737);
#1471=VERTEX_POINT('',#4740);
#1472=VERTEX_POINT('',#4748);
#1473=VERTEX_POINT('',#4750);
#1474=VERTEX_POINT('',#4754);
#1475=VERTEX_POINT('',#4758);
#1476=VERTEX_POINT('',#4764);
#1477=VERTEX_POINT('',#4766);
#1478=VERTEX_POINT('',#4767);
#1479=VERTEX_POINT('',#4769);
#1480=VERTEX_POINT('',#4771);
#1481=VERTEX_POINT('',#4774);
#1482=VERTEX_POINT('',#4777);
#1483=VERTEX_POINT('',#4779);
#1484=VERTEX_POINT('',#4783);
#1485=VERTEX_POINT('',#4787);
#1486=VERTEX_POINT('',#4793);
#1487=VERTEX_POINT('',#4802);
#1488=VERTEX_POINT('',#4812);
#1489=VERTEX_POINT('',#4813);
#1490=VERTEX_POINT('',#4815);
#1491=VERTEX_POINT('',#4817);
#1492=VERTEX_POINT('',#4819);
#1493=VERTEX_POINT('',#4821);
#1494=VERTEX_POINT('',#4823);
#1495=VERTEX_POINT('',#4825);
#1496=VERTEX_POINT('',#4827);
#1497=VERTEX_POINT('',#4831);
#1498=VERTEX_POINT('',#4832);
#1499=VERTEX_POINT('',#4834);
#1500=VERTEX_POINT('',#4836);
#1501=VERTEX_POINT('',#4838);
#1502=VERTEX_POINT('',#4840);
#1503=VERTEX_POINT('',#4842);
#1504=VERTEX_POINT('',#4844);
#1505=VERTEX_POINT('',#4847);
#1506=VERTEX_POINT('',#4849);
#1507=VERTEX_POINT('',#4851);
#1508=VERTEX_POINT('',#4853);
#1509=VERTEX_POINT('',#4855);
#1510=VERTEX_POINT('',#4857);
#1511=VERTEX_POINT('',#4861);
#1512=VERTEX_POINT('',#4862);
#1513=VERTEX_POINT('',#4864);
#1514=VERTEX_POINT('',#4866);
#1515=VERTEX_POINT('',#4870);
#1516=VERTEX_POINT('',#4874);
#1517=VERTEX_POINT('',#4876);
#1518=VERTEX_POINT('',#4878);
#1519=VERTEX_POINT('',#4883);
#1520=VERTEX_POINT('',#4885);
#1521=VERTEX_POINT('',#4887);
#1522=VERTEX_POINT('',#4889);
#1523=VERTEX_POINT('',#4892);
#1524=VERTEX_POINT('',#4900);
#1525=VERTEX_POINT('',#4907);
#1526=VERTEX_POINT('',#4911);
#1527=VERTEX_POINT('',#4913);
#1528=VERTEX_POINT('',#4915);
#1529=VERTEX_POINT('',#4917);
#1530=VERTEX_POINT('',#4919);
#1531=VERTEX_POINT('',#4921);
#1532=VERTEX_POINT('',#4924);
#1533=VERTEX_POINT('',#4929);
#1534=VERTEX_POINT('',#4930);
#1535=VERTEX_POINT('',#4932);
#1536=VERTEX_POINT('',#4934);
#1537=VERTEX_POINT('',#4938);
#1538=VERTEX_POINT('',#4940);
#1539=VERTEX_POINT('',#4942);
#1540=VERTEX_POINT('',#4944);
#1541=VERTEX_POINT('',#4948);
#1542=VERTEX_POINT('',#4949);
#1543=VERTEX_POINT('',#4952);
#1544=VERTEX_POINT('',#4954);
#1545=VERTEX_POINT('',#4958);
#1546=VERTEX_POINT('',#4959);
#1547=VERTEX_POINT('',#4964);
#1548=VERTEX_POINT('',#4966);
#1549=VERTEX_POINT('',#4968);
#1550=VERTEX_POINT('',#4970);
#1551=VERTEX_POINT('',#4972);
#1552=VERTEX_POINT('',#4974);
#1553=VERTEX_POINT('',#4976);
#1554=VERTEX_POINT('',#4981);
#1555=VERTEX_POINT('',#4983);
#1556=VERTEX_POINT('',#4985);
#1557=VERTEX_POINT('',#4988);
#1558=VERTEX_POINT('',#4991);
#1559=VERTEX_POINT('',#4993);
#1560=VERTEX_POINT('',#4997);
#1561=VERTEX_POINT('',#4999);
#1562=VERTEX_POINT('',#5003);
#1563=VERTEX_POINT('',#5005);
#1564=VERTEX_POINT('',#5007);
#1565=VERTEX_POINT('',#5009);
#1566=VERTEX_POINT('',#5011);
#1567=VERTEX_POINT('',#5013);
#1568=VERTEX_POINT('',#5016);
#1569=VERTEX_POINT('',#5018);
#1570=VERTEX_POINT('',#5021);
#1571=VERTEX_POINT('',#5023);
#1572=VERTEX_POINT('',#5026);
#1573=VERTEX_POINT('',#5031);
#1574=VERTEX_POINT('',#5043);
#1575=VERTEX_POINT('',#5044);
#1576=VERTEX_POINT('',#5046);
#1577=VERTEX_POINT('',#5048);
#1578=VERTEX_POINT('',#5052);
#1579=VERTEX_POINT('',#5053);
#1580=VERTEX_POINT('',#5058);
#1581=VERTEX_POINT('',#5059);
#1582=VERTEX_POINT('',#5065);
#1583=VERTEX_POINT('',#5069);
#1584=VERTEX_POINT('',#5073);
#1585=VERTEX_POINT('',#5075);
#1586=VERTEX_POINT('',#5079);
#1587=VERTEX_POINT('',#5080);
#1588=VERTEX_POINT('',#5088);
#1589=VERTEX_POINT('',#5092);
#1590=VERTEX_POINT('',#5096);
#1591=VERTEX_POINT('',#5100);
#1592=VERTEX_POINT('',#5104);
#1593=VERTEX_POINT('',#5105);
#1594=VERTEX_POINT('',#5107);
#1595=VERTEX_POINT('',#5109);
#1596=VERTEX_POINT('',#5111);
#1597=VERTEX_POINT('',#5114);
#1598=VERTEX_POINT('',#5118);
#1599=VERTEX_POINT('',#5120);
#1600=VERTEX_POINT('',#5124);
#1601=VERTEX_POINT('',#5125);
#1602=VERTEX_POINT('',#5128);
#1603=VERTEX_POINT('',#5130);
#1604=VERTEX_POINT('',#5133);
#1605=VERTEX_POINT('',#5135);
#1606=VERTEX_POINT('',#5137);
#1607=VERTEX_POINT('',#5139);
#1608=VERTEX_POINT('',#5142);
#1609=VERTEX_POINT('',#5144);
#1610=VERTEX_POINT('',#5147);
#1611=VERTEX_POINT('',#5149);
#1612=VERTEX_POINT('',#5152);
#1613=VERTEX_POINT('',#5154);
#1614=VERTEX_POINT('',#5156);
#1615=VERTEX_POINT('',#5159);
#1616=VERTEX_POINT('',#5163);
#1617=VERTEX_POINT('',#5167);
#1618=VERTEX_POINT('',#5171);
#1619=VERTEX_POINT('',#5175);
#1620=VERTEX_POINT('',#5179);
#1621=VERTEX_POINT('',#5183);
#1622=VERTEX_POINT('',#5191);
#1623=VERTEX_POINT('',#5192);
#1624=VERTEX_POINT('',#5194);
#1625=VERTEX_POINT('',#5196);
#1626=VERTEX_POINT('',#5201);
#1627=VERTEX_POINT('',#5205);
#1628=VERTEX_POINT('',#5208);
#1629=VERTEX_POINT('',#5210);
#1630=VERTEX_POINT('',#5212);
#1631=VERTEX_POINT('',#5214);
#1632=VERTEX_POINT('',#5219);
#1633=VERTEX_POINT('',#5221);
#1634=VERTEX_POINT('',#5225);
#1635=VERTEX_POINT('',#5233);
#1636=VERTEX_POINT('',#5235);
#1637=VERTEX_POINT('',#5241);
#1638=VERTEX_POINT('',#5242);
#1639=VERTEX_POINT('',#5250);
#1640=VERTEX_POINT('',#5254);
#1641=VERTEX_POINT('',#5255);
#1642=VERTEX_POINT('',#5260);
#1643=VERTEX_POINT('',#5264);
#1644=VERTEX_POINT('',#5269);
#1645=VERTEX_POINT('',#5282);
#1646=VERTEX_POINT('',#5288);
#1647=VERTEX_POINT('',#5290);
#1648=VERTEX_POINT('',#5294);
#1649=VERTEX_POINT('',#5295);
#1650=VERTEX_POINT('',#5297);
#1651=VERTEX_POINT('',#5299);
#1652=VERTEX_POINT('',#5307);
#1653=VERTEX_POINT('',#5311);
#1654=VERTEX_POINT('',#5314);
#1655=VERTEX_POINT('',#5317);
#1656=VERTEX_POINT('',#5320);
#1657=VERTEX_POINT('',#5321);
#1658=VERTEX_POINT('',#5325);
#1659=VERTEX_POINT('',#5336);
#1660=VERTEX_POINT('',#5343);
#1661=VERTEX_POINT('',#5345);
#1662=VERTEX_POINT('',#5349);
#1663=VERTEX_POINT('',#5353);
#1664=VERTEX_POINT('',#5357);
#1665=VERTEX_POINT('',#5382);
#1666=VERTEX_POINT('',#5390);
#1667=VERTEX_POINT('',#5391);
#1668=VERTEX_POINT('',#5393);
#1669=VERTEX_POINT('',#5400);
#1670=VERTEX_POINT('',#5401);
#1671=VERTEX_POINT('',#5403);
#1672=VERTEX_POINT('',#5410);
#1673=VERTEX_POINT('',#5411);
#1674=VERTEX_POINT('',#5416);
#1675=VERTEX_POINT('',#5435);
#1676=VERTEX_POINT('',#5437);
#1677=VERTEX_POINT('',#5439);
#1678=EDGE_CURVE('',#1382,#1382,#1267,.T.);
#1679=EDGE_CURVE('',#1382,#1383,#585,.T.);
#1680=EDGE_CURVE('',#1383,#1383,#1268,.T.);
#1681=EDGE_CURVE('',#1384,#1385,#586,.T.);
#1682=EDGE_CURVE('',#1386,#1384,#587,.T.);
#1683=EDGE_CURVE('',#1387,#1386,#588,.T.);
#1684=EDGE_CURVE('',#1387,#1385,#589,.T.);
#1685=EDGE_CURVE('',#1388,#1388,#1269,.T.);
#1686=EDGE_CURVE('',#1389,#1389,#1270,.T.);
#1687=EDGE_CURVE('',#1390,#1391,#590,.T.);
#1688=EDGE_CURVE('',#1391,#1392,#591,.T.);
#1689=EDGE_CURVE('',#1392,#1393,#592,.T.);
#1690=EDGE_CURVE('',#1393,#1390,#593,.T.);
#1691=EDGE_CURVE('',#1394,#1394,#1271,.T.);
#1692=EDGE_CURVE('',#1395,#1396,#1272,.T.);
#1693=EDGE_CURVE('',#1397,#1395,#594,.T.);
#1694=EDGE_CURVE('',#1398,#1397,#1273,.T.);
#1695=EDGE_CURVE('',#1396,#1398,#595,.T.);
#1696=EDGE_CURVE('',#1399,#1399,#1274,.T.);
#1697=EDGE_CURVE('',#1400,#1401,#1275,.T.);
#1698=EDGE_CURVE('',#1401,#1400,#596,.T.);
#1699=EDGE_CURVE('',#1402,#1403,#597,.T.);
#1700=EDGE_CURVE('',#1403,#1404,#598,.T.);
#1701=EDGE_CURVE('',#1404,#1405,#599,.T.);
#1702=EDGE_CURVE('',#1405,#1402,#600,.T.);
#1703=EDGE_CURVE('',#1406,#1402,#1276,.T.);
#1704=EDGE_CURVE('',#1406,#1407,#601,.T.);
#1705=EDGE_CURVE('',#1407,#1403,#1277,.T.);
#1706=EDGE_CURVE('',#1408,#1409,#602,.T.);
#1707=EDGE_CURVE('',#1409,#1407,#603,.T.);
#1708=EDGE_CURVE('',#1406,#1408,#604,.T.);
#1709=EDGE_CURVE('',#1410,#1408,#1278,.T.);
#1710=EDGE_CURVE('',#1410,#1411,#605,.T.);
#1711=EDGE_CURVE('',#1411,#1409,#1279,.T.);
#1712=EDGE_CURVE('',#1412,#1413,#606,.T.);
#1713=EDGE_CURVE('',#1413,#1411,#607,.T.);
#1714=EDGE_CURVE('',#1410,#1412,#608,.T.);
#1715=EDGE_CURVE('',#1414,#1415,#609,.T.);
#1716=EDGE_CURVE('',#1415,#1416,#610,.T.);
#1717=EDGE_CURVE('',#1416,#1417,#611,.T.);
#1718=EDGE_CURVE('',#1417,#1414,#612,.T.);
#1719=EDGE_CURVE('',#1418,#1414,#1280,.T.);
#1720=EDGE_CURVE('',#1418,#1419,#613,.T.);
#1721=EDGE_CURVE('',#1419,#1415,#1281,.T.);
#1722=EDGE_CURVE('',#1420,#1421,#614,.T.);
#1723=EDGE_CURVE('',#1421,#1419,#615,.T.);
#1724=EDGE_CURVE('',#1418,#1420,#616,.T.);
#1725=EDGE_CURVE('',#1422,#1420,#1282,.T.);
#1726=EDGE_CURVE('',#1422,#1423,#617,.T.);
#1727=EDGE_CURVE('',#1423,#1421,#1283,.T.);
#1728=EDGE_CURVE('',#1424,#1404,#618,.T.);
#1729=EDGE_CURVE('',#1404,#1423,#619,.T.);
#1730=EDGE_CURVE('',#1422,#1424,#620,.T.);
#1731=EDGE_CURVE('',#1425,#1426,#621,.T.);
#1732=EDGE_CURVE('',#1426,#1427,#622,.T.);
#1733=EDGE_CURVE('',#1427,#1428,#623,.T.);
#1734=EDGE_CURVE('',#1428,#1425,#624,.T.);
#1735=EDGE_CURVE('',#1429,#1425,#1284,.T.);
#1736=EDGE_CURVE('',#1429,#1430,#625,.T.);
#1737=EDGE_CURVE('',#1430,#1426,#1285,.T.);
#1738=EDGE_CURVE('',#1431,#1432,#626,.T.);
#1739=EDGE_CURVE('',#1432,#1430,#627,.T.);
#1740=EDGE_CURVE('',#1429,#1431,#628,.T.);
#1741=EDGE_CURVE('',#1433,#1431,#1286,.T.);
#1742=EDGE_CURVE('',#1433,#1434,#629,.T.);
#1743=EDGE_CURVE('',#1434,#1432,#1287,.T.);
#1744=EDGE_CURVE('',#1435,#1416,#630,.T.);
#1745=EDGE_CURVE('',#1416,#1434,#631,.T.);
#1746=EDGE_CURVE('',#1433,#1435,#632,.T.);
#1747=EDGE_CURVE('',#1436,#1427,#633,.T.);
#1748=EDGE_CURVE('',#1427,#1437,#634,.T.);
#1749=EDGE_CURVE('',#1437,#1438,#635,.T.);
#1750=EDGE_CURVE('',#1438,#1436,#636,.T.);
#1751=EDGE_CURVE('',#1439,#1440,#637,.T.);
#1752=EDGE_CURVE('',#1440,#1413,#638,.T.);
#1753=EDGE_CURVE('',#1413,#1441,#639,.T.);
#1754=EDGE_CURVE('',#1441,#1439,#640,.T.);
#1755=EDGE_CURVE('',#1442,#1439,#1288,.T.);
#1756=EDGE_CURVE('',#1442,#1443,#641,.T.);
#1757=EDGE_CURVE('',#1443,#1440,#1289,.T.);
#1758=EDGE_CURVE('',#1444,#1445,#642,.T.);
#1759=EDGE_CURVE('',#1445,#1443,#643,.T.);
#1760=EDGE_CURVE('',#1442,#1444,#644,.T.);
#1761=EDGE_CURVE('',#1438,#1444,#1290,.T.);
#1762=EDGE_CURVE('',#1437,#1445,#1291,.T.);
#1763=EDGE_CURVE('',#1436,#1428,#1292,.F.);
#1764=EDGE_CURVE('',#1435,#1417,#1293,.F.);
#1765=EDGE_CURVE('',#1424,#1405,#1294,.F.);
#1766=EDGE_CURVE('',#1412,#1441,#1295,.F.);
#1767=EDGE_CURVE('',#1446,#1447,#645,.T.);
#1768=EDGE_CURVE('',#1448,#1446,#646,.T.);
#1769=EDGE_CURVE('',#1448,#1449,#647,.T.);
#1770=EDGE_CURVE('',#1449,#1450,#648,.T.);
#1771=EDGE_CURVE('',#1450,#1451,#649,.T.);
#1772=EDGE_CURVE('',#1452,#1451,#650,.T.);
#1773=EDGE_CURVE('',#1452,#1453,#651,.T.);
#1774=EDGE_CURVE('',#1453,#1454,#652,.T.);
#1775=EDGE_CURVE('',#1454,#1455,#653,.T.);
#1776=EDGE_CURVE('',#1456,#1455,#654,.T.);
#1777=EDGE_CURVE('',#1456,#1457,#655,.T.);
#1778=EDGE_CURVE('',#1457,#1458,#656,.T.);
#1779=EDGE_CURVE('',#1458,#1459,#657,.T.);
#1780=EDGE_CURVE('',#1447,#1459,#658,.T.);
#1781=EDGE_CURVE('',#1460,#1461,#659,.T.);
#1782=EDGE_CURVE('',#1461,#1462,#1296,.T.);
#1783=EDGE_CURVE('',#1462,#1463,#660,.T.);
#1784=EDGE_CURVE('',#1463,#1460,#1297,.T.);
#1785=EDGE_CURVE('',#1464,#1465,#1298,.T.);
#1786=EDGE_CURVE('',#1465,#1464,#661,.T.);
#1787=EDGE_CURVE('',#1466,#1466,#1299,.T.);
#1788=EDGE_CURVE('',#1467,#1468,#662,.T.);
#1789=EDGE_CURVE('',#1469,#1467,#663,.T.);
#1790=EDGE_CURVE('',#1470,#1469,#664,.T.);
#1791=EDGE_CURVE('',#1468,#1470,#665,.T.);
#1792=EDGE_CURVE('',#1471,#1471,#1300,.T.);
#1793=EDGE_CURVE('',#1392,#1469,#666,.T.);
#1794=EDGE_CURVE('',#1391,#1470,#667,.T.);
#1795=EDGE_CURVE('',#1393,#1467,#668,.T.);
#1796=EDGE_CURVE('',#1460,#1472,#669,.T.);
#1797=EDGE_CURVE('',#1472,#1473,#670,.T.);
#1798=EDGE_CURVE('',#1461,#1473,#671,.T.);
#1799=EDGE_CURVE('',#1463,#1474,#672,.T.);
#1800=EDGE_CURVE('',#1474,#1472,#1301,.T.);
#1801=EDGE_CURVE('',#1462,#1475,#673,.T.);
#1802=EDGE_CURVE('',#1475,#1474,#674,.T.);
#1803=EDGE_CURVE('',#1473,#1475,#1302,.T.);
#1804=EDGE_CURVE('',#1476,#1476,#1303,.T.);
#1805=EDGE_CURVE('',#1477,#1478,#1304,.T.);
#1806=EDGE_CURVE('',#1479,#1477,#675,.T.);
#1807=EDGE_CURVE('',#1480,#1479,#1305,.T.);
#1808=EDGE_CURVE('',#1478,#1480,#676,.T.);
#1809=EDGE_CURVE('',#1481,#1481,#1306,.T.);
#1810=EDGE_CURVE('',#1482,#1480,#677,.T.);
#1811=EDGE_CURVE('',#1483,#1482,#678,.T.);
#1812=EDGE_CURVE('',#1483,#1478,#679,.T.);
#1813=EDGE_CURVE('',#1484,#1479,#680,.T.);
#1814=EDGE_CURVE('',#1482,#1484,#1307,.T.);
#1815=EDGE_CURVE('',#1399,#1485,#681,.T.);
#1816=EDGE_CURVE('',#1485,#1485,#1308,.T.);
#1817=EDGE_CURVE('',#1485,#1481,#682,.T.);
#1818=EDGE_CURVE('',#1388,#1486,#683,.T.);
#1819=EDGE_CURVE('',#1486,#1486,#1309,.T.);
#1820=EDGE_CURVE('',#1486,#1476,#684,.T.);
#1821=EDGE_CURVE('',#1484,#1395,#685,.T.);
#1822=EDGE_CURVE('',#1396,#1482,#686,.T.);
#1823=EDGE_CURVE('',#1487,#1397,#687,.T.);
#1824=EDGE_CURVE('',#1484,#1487,#688,.T.);
#1825=EDGE_CURVE('',#1483,#1398,#689,.T.);
#1826=EDGE_CURVE('',#1487,#1483,#1310,.T.);
#1827=EDGE_CURVE('',#1487,#1477,#690,.T.);
#1828=EDGE_CURVE('',#1488,#1489,#691,.T.);
#1829=EDGE_CURVE('',#1490,#1488,#692,.T.);
#1830=EDGE_CURVE('',#1491,#1490,#693,.T.);
#1831=EDGE_CURVE('',#1492,#1491,#694,.T.);
#1832=EDGE_CURVE('',#1493,#1492,#695,.T.);
#1833=EDGE_CURVE('',#1494,#1493,#696,.T.);
#1834=EDGE_CURVE('',#1495,#1494,#697,.T.);
#1835=EDGE_CURVE('',#1496,#1495,#698,.T.);
#1836=EDGE_CURVE('',#1489,#1496,#699,.T.);
#1837=EDGE_CURVE('',#1497,#1498,#1311,.T.);
#1838=EDGE_CURVE('',#1499,#1497,#700,.T.);
#1839=EDGE_CURVE('',#1500,#1499,#1312,.T.);
#1840=EDGE_CURVE('',#1501,#1500,#701,.T.);
#1841=EDGE_CURVE('',#1502,#1501,#1313,.T.);
#1842=EDGE_CURVE('',#1503,#1502,#702,.T.);
#1843=EDGE_CURVE('',#1504,#1503,#1314,.T.);
#1844=EDGE_CURVE('',#1498,#1504,#703,.T.);
#1845=EDGE_CURVE('',#1505,#1492,#704,.T.);
#1846=EDGE_CURVE('',#1491,#1506,#705,.T.);
#1847=EDGE_CURVE('',#1506,#1507,#706,.T.);
#1848=EDGE_CURVE('',#1507,#1508,#707,.T.);
#1849=EDGE_CURVE('',#1509,#1508,#1315,.T.);
#1850=EDGE_CURVE('',#1510,#1509,#708,.T.);
#1851=EDGE_CURVE('',#1505,#1510,#1316,.T.);
#1852=EDGE_CURVE('',#1511,#1512,#709,.T.);
#1853=EDGE_CURVE('',#1513,#1511,#710,.T.);
#1854=EDGE_CURVE('',#1513,#1514,#711,.T.);
#1855=EDGE_CURVE('',#1512,#1514,#712,.T.);
#1856=EDGE_CURVE('',#1515,#1513,#713,.T.);
#1857=EDGE_CURVE('',#1514,#1515,#714,.T.);
#1858=EDGE_CURVE('',#1512,#1516,#715,.T.);
#1859=EDGE_CURVE('',#1516,#1517,#716,.T.);
#1860=EDGE_CURVE('',#1517,#1518,#717,.T.);
#1861=EDGE_CURVE('',#1518,#1511,#718,.T.);
#1862=EDGE_CURVE('',#1489,#1515,#719,.T.);
#1863=EDGE_CURVE('',#1519,#1489,#720,.T.);
#1864=EDGE_CURVE('',#1520,#1519,#721,.T.);
#1865=EDGE_CURVE('',#1521,#1520,#22,.T.);
#1866=EDGE_CURVE('',#1522,#1521,#722,.T.);
#1867=EDGE_CURVE('',#1516,#1522,#723,.T.);
#1868=EDGE_CURVE('',#1523,#1523,#1317,.T.);
#1869=EDGE_CURVE('',#1524,#1455,#23,.T.);
#1870=EDGE_CURVE('',#1455,#1521,#724,.T.);
#1871=EDGE_CURVE('',#1524,#1520,#725,.T.);
#1872=EDGE_CURVE('',#1522,#1454,#726,.T.);
#1873=EDGE_CURVE('',#1525,#1496,#727,.T.);
#1874=EDGE_CURVE('',#1525,#1519,#728,.T.);
#1875=EDGE_CURVE('',#1526,#1495,#729,.T.);
#1876=EDGE_CURVE('',#1527,#1526,#730,.T.);
#1877=EDGE_CURVE('',#1527,#1528,#731,.T.);
#1878=EDGE_CURVE('',#1528,#1529,#732,.T.);
#1879=EDGE_CURVE('',#1529,#1530,#733,.T.);
#1880=EDGE_CURVE('',#1530,#1531,#734,.T.);
#1881=EDGE_CURVE('',#1525,#1531,#735,.T.);
#1882=EDGE_CURVE('',#1532,#1532,#1318,.T.);
#1883=EDGE_CURVE('',#1488,#1518,#736,.T.);
#1884=EDGE_CURVE('',#1533,#1534,#737,.F.);
#1885=EDGE_CURVE('',#1534,#1535,#738,.T.);
#1886=EDGE_CURVE('',#1535,#1536,#739,.F.);
#1887=EDGE_CURVE('',#1536,#1533,#740,.T.);
#1888=EDGE_CURVE('',#1534,#1537,#741,.T.);
#1889=EDGE_CURVE('',#1538,#1537,#742,.T.);
#1890=EDGE_CURVE('',#1539,#1538,#743,.T.);
#1891=EDGE_CURVE('',#1539,#1540,#744,.T.);
#1892=EDGE_CURVE('',#1535,#1540,#745,.T.);
#1893=EDGE_CURVE('',#1541,#1542,#746,.T.);
#1894=EDGE_CURVE('',#1537,#1541,#747,.T.);
#1895=EDGE_CURVE('',#1543,#1533,#748,.T.);
#1896=EDGE_CURVE('',#1544,#1543,#749,.T.);
#1897=EDGE_CURVE('',#1544,#1542,#750,.T.);
#1898=EDGE_CURVE('',#1545,#1546,#751,.T.);
#1899=EDGE_CURVE('',#1536,#1545,#752,.T.);
#1900=EDGE_CURVE('',#1540,#1546,#753,.T.);
#1901=EDGE_CURVE('',#1547,#1539,#754,.T.);
#1902=EDGE_CURVE('',#1538,#1548,#755,.T.);
#1903=EDGE_CURVE('',#1549,#1548,#756,.T.);
#1904=EDGE_CURVE('',#1550,#1549,#757,.T.);
#1905=EDGE_CURVE('',#1551,#1550,#758,.T.);
#1906=EDGE_CURVE('',#1551,#1552,#759,.T.);
#1907=EDGE_CURVE('',#1552,#1553,#760,.T.);
#1908=EDGE_CURVE('',#1507,#1553,#761,.T.);
#1909=EDGE_CURVE('',#1506,#1547,#762,.T.);
#1910=EDGE_CURVE('',#1554,#1541,#763,.T.);
#1911=EDGE_CURVE('',#1555,#1554,#764,.T.);
#1912=EDGE_CURVE('',#1556,#1555,#765,.T.);
#1913=EDGE_CURVE('',#1548,#1556,#766,.T.);
#1914=EDGE_CURVE('',#1557,#1557,#1319,.T.);
#1915=EDGE_CURVE('',#1546,#1558,#767,.T.);
#1916=EDGE_CURVE('',#1558,#1559,#768,.T.);
#1917=EDGE_CURVE('',#1545,#1559,#769,.T.);
#1918=EDGE_CURVE('',#1560,#1543,#770,.T.);
#1919=EDGE_CURVE('',#1561,#1560,#771,.T.);
#1920=EDGE_CURVE('',#1561,#1544,#772,.T.);
#1921=EDGE_CURVE('',#1562,#1559,#773,.T.);
#1922=EDGE_CURVE('',#1562,#1563,#774,.T.);
#1923=EDGE_CURVE('',#1563,#1564,#775,.T.);
#1924=EDGE_CURVE('',#1564,#1565,#776,.T.);
#1925=EDGE_CURVE('',#1566,#1565,#777,.T.);
#1926=EDGE_CURVE('',#1567,#1566,#778,.T.);
#1927=EDGE_CURVE('',#1551,#1567,#779,.T.);
#1928=EDGE_CURVE('',#1550,#1568,#780,.T.);
#1929=EDGE_CURVE('',#1569,#1568,#781,.T.);
#1930=EDGE_CURVE('',#1569,#1560,#782,.T.);
#1931=EDGE_CURVE('',#1570,#1570,#1320,.T.);
#1932=EDGE_CURVE('',#1571,#1571,#1321,.T.);
#1933=EDGE_CURVE('',#1465,#1572,#19,.T.);
#1934=EDGE_CURVE('',#1572,#1573,#1322,.T.);
#1935=EDGE_CURVE('',#1464,#1573,#20,.T.);
#1936=EDGE_CURVE('',#1573,#1572,#783,.T.);
#1937=EDGE_CURVE('',#1400,#1573,#784,.T.);
#1938=EDGE_CURVE('',#1572,#1401,#785,.T.);
#1939=EDGE_CURVE('',#1574,#1575,#786,.T.);
#1940=EDGE_CURVE('',#1575,#1576,#787,.T.);
#1941=EDGE_CURVE('',#1576,#1577,#788,.T.);
#1942=EDGE_CURVE('',#1577,#1574,#789,.T.);
#1943=EDGE_CURVE('',#1578,#1579,#790,.T.);
#1944=EDGE_CURVE('',#1579,#1575,#1323,.T.);
#1945=EDGE_CURVE('',#1574,#1578,#1324,.T.);
#1946=EDGE_CURVE('',#1580,#1581,#791,.T.);
#1947=EDGE_CURVE('',#1581,#1579,#792,.T.);
#1948=EDGE_CURVE('',#1578,#1580,#793,.T.);
#1949=EDGE_CURVE('',#1580,#1446,#1325,.T.);
#1950=EDGE_CURVE('',#1446,#1582,#794,.T.);
#1951=EDGE_CURVE('',#1582,#1581,#1326,.T.);
#1952=EDGE_CURVE('',#1447,#1583,#795,.T.);
#1953=EDGE_CURVE('',#1583,#1582,#796,.T.);
#1954=EDGE_CURVE('',#1447,#1584,#1327,.T.);
#1955=EDGE_CURVE('',#1584,#1585,#797,.T.);
#1956=EDGE_CURVE('',#1585,#1583,#1328,.T.);
#1957=EDGE_CURVE('',#1586,#1587,#798,.T.);
#1958=EDGE_CURVE('',#1587,#1585,#799,.T.);
#1959=EDGE_CURVE('',#1584,#1586,#800,.T.);
#1960=EDGE_CURVE('',#1576,#1587,#1329,.T.);
#1961=EDGE_CURVE('',#1586,#1577,#1330,.T.);
#1962=EDGE_CURVE('',#1580,#1588,#801,.T.);
#1963=EDGE_CURVE('',#1588,#1448,#1331,.T.);
#1964=EDGE_CURVE('',#1578,#1589,#802,.T.);
#1965=EDGE_CURVE('',#1589,#1588,#803,.T.);
#1966=EDGE_CURVE('',#1574,#1590,#804,.T.);
#1967=EDGE_CURVE('',#1590,#1589,#1332,.T.);
#1968=EDGE_CURVE('',#1577,#1591,#805,.T.);
#1969=EDGE_CURVE('',#1591,#1590,#806,.T.);
#1970=EDGE_CURVE('',#1592,#1593,#1333,.T.);
#1971=EDGE_CURVE('',#1594,#1592,#807,.T.);
#1972=EDGE_CURVE('',#1595,#1594,#1334,.T.);
#1973=EDGE_CURVE('',#1596,#1595,#808,.T.);
#1974=EDGE_CURVE('',#1385,#1596,#1335,.T.);
#1975=EDGE_CURVE('',#1597,#1387,#1336,.T.);
#1976=EDGE_CURVE('',#1593,#1597,#809,.T.);
#1977=EDGE_CURVE('',#1598,#1598,#1337,.T.);
#1978=EDGE_CURVE('',#1598,#1599,#810,.T.);
#1979=EDGE_CURVE('',#1599,#1599,#1338,.T.);
#1980=EDGE_CURVE('',#1600,#1601,#1339,.T.);
#1981=EDGE_CURVE('',#1600,#1449,#811,.T.);
#1982=EDGE_CURVE('',#1602,#1591,#1340,.T.);
#1983=EDGE_CURVE('',#1603,#1602,#812,.T.);
#1984=EDGE_CURVE('',#1459,#1603,#1341,.T.);
#1985=EDGE_CURVE('',#1604,#1458,#813,.T.);
#1986=EDGE_CURVE('',#1605,#1604,#1342,.T.);
#1987=EDGE_CURVE('',#1605,#1606,#814,.T.);
#1988=EDGE_CURVE('',#1607,#1606,#1343,.T.);
#1989=EDGE_CURVE('',#1529,#1607,#815,.T.);
#1990=EDGE_CURVE('',#1608,#1528,#816,.T.);
#1991=EDGE_CURVE('',#1609,#1608,#817,.T.);
#1992=EDGE_CURVE('',#1565,#1609,#818,.T.);
#1993=EDGE_CURVE('',#1564,#1610,#819,.T.);
#1994=EDGE_CURVE('',#1611,#1610,#1344,.T.);
#1995=EDGE_CURVE('',#1601,#1611,#820,.T.);
#1996=EDGE_CURVE('',#1612,#1612,#1345,.T.);
#1997=EDGE_CURVE('',#1613,#1613,#1346,.T.);
#1998=EDGE_CURVE('',#1614,#1614,#1347,.T.);
#1999=EDGE_CURVE('',#1599,#1615,#821,.T.);
#2000=EDGE_CURVE('',#1615,#1615,#1348,.T.);
#2001=EDGE_CURVE('',#1612,#1616,#822,.T.);
#2002=EDGE_CURVE('',#1616,#1616,#1349,.T.);
#2003=EDGE_CURVE('',#1616,#1617,#823,.T.);
#2004=EDGE_CURVE('',#1617,#1617,#1350,.T.);
#2005=EDGE_CURVE('',#1614,#1618,#824,.T.);
#2006=EDGE_CURVE('',#1618,#1618,#1351,.T.);
#2007=EDGE_CURVE('',#1618,#1619,#825,.T.);
#2008=EDGE_CURVE('',#1619,#1619,#1352,.T.);
#2009=EDGE_CURVE('',#1613,#1620,#826,.T.);
#2010=EDGE_CURVE('',#1620,#1620,#1353,.T.);
#2011=EDGE_CURVE('',#1620,#1621,#827,.T.);
#2012=EDGE_CURVE('',#1621,#1621,#1354,.T.);
#2013=EDGE_CURVE('',#1622,#1623,#1355,.T.);
#2014=EDGE_CURVE('',#1623,#1624,#828,.T.);
#2015=EDGE_CURVE('',#1625,#1624,#24,.T.);
#2016=EDGE_CURVE('',#1625,#1509,#829,.F.);
#2017=EDGE_CURVE('',#1508,#1622,#830,.T.);
#2018=EDGE_CURVE('',#1626,#1623,#831,.T.);
#2019=EDGE_CURVE('',#1624,#1626,#832,.F.);
#2020=EDGE_CURVE('',#1622,#1627,#833,.T.);
#2021=EDGE_CURVE('',#1627,#1609,#834,.T.);
#2022=EDGE_CURVE('',#1608,#1628,#835,.T.);
#2023=EDGE_CURVE('',#1628,#1629,#836,.T.);
#2024=EDGE_CURVE('',#1630,#1629,#1356,.T.);
#2025=EDGE_CURVE('',#1630,#1631,#837,.T.);
#2026=EDGE_CURVE('',#1626,#1631,#838,.T.);
#2027=EDGE_CURVE('',#1629,#1505,#839,.T.);
#2028=EDGE_CURVE('',#1632,#1510,#840,.T.);
#2029=EDGE_CURVE('',#1632,#1633,#25,.F.);
#2030=EDGE_CURVE('',#1633,#1630,#841,.T.);
#2031=EDGE_CURVE('',#1634,#1628,#842,.T.);
#2032=EDGE_CURVE('',#1634,#1493,#843,.T.);
#2033=EDGE_CURVE('',#1631,#1633,#844,.F.);
#2034=EDGE_CURVE('',#1632,#1625,#845,.T.);
#2035=EDGE_CURVE('',#1610,#1635,#846,.T.);
#2036=EDGE_CURVE('',#1635,#1636,#1357,.T.);
#2037=EDGE_CURVE('',#1636,#1611,#847,.T.);
#2038=EDGE_CURVE('',#1635,#1563,#848,.T.);
#2039=EDGE_CURVE('',#1637,#1638,#1358,.T.);
#2040=EDGE_CURVE('',#1638,#1600,#849,.T.);
#2041=EDGE_CURVE('',#1601,#1637,#850,.T.);
#2042=EDGE_CURVE('',#1450,#1638,#851,.T.);
#2043=EDGE_CURVE('',#1637,#1636,#852,.T.);
#2044=EDGE_CURVE('',#1639,#1562,#853,.T.);
#2045=EDGE_CURVE('',#1451,#1639,#1359,.T.);
#2046=EDGE_CURVE('',#1640,#1641,#1360,.T.);
#2047=EDGE_CURVE('',#1641,#1605,#854,.T.);
#2048=EDGE_CURVE('',#1604,#1640,#855,.T.);
#2049=EDGE_CURVE('',#1642,#1641,#856,.T.);
#2050=EDGE_CURVE('',#1606,#1642,#857,.T.);
#2051=EDGE_CURVE('',#1642,#1643,#1361,.T.);
#2052=EDGE_CURVE('',#1643,#1607,#858,.T.);
#2053=EDGE_CURVE('',#1640,#1457,#859,.T.);
#2054=EDGE_CURVE('',#1644,#1456,#1362,.T.);
#2055=EDGE_CURVE('',#1531,#1644,#860,.T.);
#2056=EDGE_CURVE('',#1530,#1643,#861,.T.);
#2057=EDGE_CURVE('',#1603,#1584,#862,.T.);
#2058=EDGE_CURVE('',#1586,#1602,#863,.T.);
#2059=EDGE_CURVE('',#1639,#1645,#864,.T.);
#2060=EDGE_CURVE('',#1452,#1645,#26,.T.);
#2061=EDGE_CURVE('',#1645,#1558,#865,.T.);
#2062=EDGE_CURVE('',#1627,#1646,#866,.T.);
#2063=EDGE_CURVE('',#1646,#1647,#867,.T.);
#2064=EDGE_CURVE('',#1566,#1647,#868,.T.);
#2065=EDGE_CURVE('',#1648,#1649,#869,.T.);
#2066=EDGE_CURVE('',#1650,#1648,#870,.T.);
#2067=EDGE_CURVE('',#1650,#1651,#871,.T.);
#2068=EDGE_CURVE('',#1649,#1651,#872,.T.);
#2069=EDGE_CURVE('',#1561,#1649,#873,.T.);
#2070=EDGE_CURVE('',#1651,#1453,#874,.T.);
#2071=EDGE_CURVE('',#1542,#1547,#875,.T.);
#2072=EDGE_CURVE('',#1647,#1652,#876,.T.);
#2073=EDGE_CURVE('',#1553,#1646,#877,.T.);
#2074=EDGE_CURVE('',#1652,#1552,#878,.T.);
#2075=EDGE_CURVE('',#1653,#1653,#1363,.T.);
#2076=EDGE_CURVE('',#1654,#1517,#879,.T.);
#2077=EDGE_CURVE('',#1490,#1654,#880,.T.);
#2078=EDGE_CURVE('',#1655,#1655,#1364,.T.);
#2079=EDGE_CURVE('',#1656,#1657,#881,.T.);
#2080=EDGE_CURVE('',#1494,#1656,#882,.T.);
#2081=EDGE_CURVE('',#1657,#1634,#883,.T.);
#2082=EDGE_CURVE('',#1658,#1658,#1365,.T.);
#2083=EDGE_CURVE('',#1652,#1567,#884,.T.);
#2084=EDGE_CURVE('',#1654,#1650,#885,.T.);
#2085=EDGE_CURVE('',#1526,#1656,#886,.T.);
#2086=EDGE_CURVE('',#1657,#1527,#887,.T.);
#2087=EDGE_CURVE('',#1659,#1556,#888,.T.);
#2088=EDGE_CURVE('',#1659,#1549,#889,.T.);
#2089=EDGE_CURVE('',#1555,#1569,#890,.T.);
#2090=EDGE_CURVE('',#1568,#1659,#891,.T.);
#2091=EDGE_CURVE('',#1660,#1500,#892,.T.);
#2092=EDGE_CURVE('',#1661,#1660,#893,.T.);
#2093=EDGE_CURVE('',#1501,#1661,#894,.T.);
#2094=EDGE_CURVE('',#1499,#1662,#895,.T.);
#2095=EDGE_CURVE('',#1662,#1660,#1366,.T.);
#2096=EDGE_CURVE('',#1663,#1497,#896,.T.);
#2097=EDGE_CURVE('',#1662,#1663,#897,.T.);
#2098=EDGE_CURVE('',#1498,#1664,#898,.T.);
#2099=EDGE_CURVE('',#1664,#1663,#1367,.T.);
#2100=EDGE_CURVE('',#1524,#1644,#899,.T.);
#2101=EDGE_CURVE('',#1648,#1554,#900,.T.);
#2102=EDGE_CURVE('',#1389,#1466,#901,.T.);
#2103=EDGE_CURVE('',#1390,#1468,#902,.T.);
#2104=EDGE_CURVE('',#1394,#1471,#903,.T.);
#2105=EDGE_CURVE('',#1653,#1570,#904,.T.);
#2106=EDGE_CURVE('',#1557,#1571,#905,.T.);
#2107=EDGE_CURVE('',#1386,#1665,#1368,.F.);
#2108=EDGE_CURVE('',#1665,#1597,#906,.T.);
#2109=EDGE_CURVE('',#1655,#1523,#907,.T.);
#2110=EDGE_CURVE('',#1658,#1532,#908,.T.);
#2111=EDGE_CURVE('',#1666,#1667,#1369,.F.);
#2112=EDGE_CURVE('',#1668,#1666,#1370,.F.);
#2113=EDGE_CURVE('',#1667,#1668,#1371,.F.);
#2114=EDGE_CURVE('',#1594,#1668,#909,.T.);
#2115=EDGE_CURVE('',#1666,#1595,#910,.T.);
#2116=EDGE_CURVE('',#1669,#1670,#1372,.F.);
#2117=EDGE_CURVE('',#1671,#1669,#1373,.F.);
#2118=EDGE_CURVE('',#1670,#1671,#1374,.F.);
#2119=EDGE_CURVE('',#1593,#1671,#911,.T.);
#2120=EDGE_CURVE('',#1669,#1592,#912,.T.);
#2121=EDGE_CURVE('',#1672,#1673,#1375,.F.);
#2122=EDGE_CURVE('',#1384,#1672,#1376,.F.);
#2123=EDGE_CURVE('',#1673,#1384,#1377,.F.);
#2124=EDGE_CURVE('',#1674,#1386,#1378,.F.);
#2125=EDGE_CURVE('',#1665,#1674,#1379,.F.);
#2126=EDGE_CURVE('',#1674,#1670,#913,.T.);
#2127=EDGE_CURVE('',#1671,#1665,#914,.T.);
#2128=EDGE_CURVE('',#1672,#1674,#915,.T.);
#2129=EDGE_CURVE('',#1596,#1673,#916,.T.);
#2130=EDGE_CURVE('',#1673,#1666,#917,.T.);
#2131=EDGE_CURVE('',#1667,#1672,#918,.T.);
#2132=EDGE_CURVE('',#1670,#1667,#919,.T.);
#2133=EDGE_CURVE('',#1668,#1669,#920,.T.);
#2134=EDGE_CURVE('',#1664,#1675,#921,.T.);
#2135=EDGE_CURVE('',#1676,#1675,#1380,.T.);
#2136=EDGE_CURVE('',#1676,#1677,#922,.T.);
#2137=EDGE_CURVE('',#1661,#1677,#1381,.T.);
#2138=EDGE_CURVE('',#1677,#1502,#923,.T.);
#2139=EDGE_CURVE('',#1503,#1676,#924,.T.);
#2140=EDGE_CURVE('',#1675,#1504,#925,.T.);
#2141=ORIENTED_EDGE('',*,*,#1678,.T.);
#2142=ORIENTED_EDGE('',*,*,#1679,.T.);
#2143=ORIENTED_EDGE('',*,*,#1680,.F.);
#2144=ORIENTED_EDGE('',*,*,#1679,.F.);
#2145=ORIENTED_EDGE('',*,*,#1681,.F.);
#2146=ORIENTED_EDGE('',*,*,#1682,.F.);
#2147=ORIENTED_EDGE('',*,*,#1683,.F.);
#2148=ORIENTED_EDGE('',*,*,#1684,.T.);
#2149=ORIENTED_EDGE('',*,*,#1685,.F.);
#2150=ORIENTED_EDGE('',*,*,#1686,.T.);
#2151=ORIENTED_EDGE('',*,*,#1687,.T.);
#2152=ORIENTED_EDGE('',*,*,#1688,.T.);
#2153=ORIENTED_EDGE('',*,*,#1689,.T.);
#2154=ORIENTED_EDGE('',*,*,#1690,.T.);
#2155=ORIENTED_EDGE('',*,*,#1691,.T.);
#2156=ORIENTED_EDGE('',*,*,#1692,.F.);
#2157=ORIENTED_EDGE('',*,*,#1693,.F.);
#2158=ORIENTED_EDGE('',*,*,#1694,.F.);
#2159=ORIENTED_EDGE('',*,*,#1695,.F.);
#2160=ORIENTED_EDGE('',*,*,#1696,.F.);
#2161=ORIENTED_EDGE('',*,*,#1678,.F.);
#2162=ORIENTED_EDGE('',*,*,#1680,.T.);
#2163=ORIENTED_EDGE('',*,*,#1697,.T.);
#2164=ORIENTED_EDGE('',*,*,#1698,.T.);
#2165=ORIENTED_EDGE('',*,*,#1699,.T.);
#2166=ORIENTED_EDGE('',*,*,#1700,.T.);
#2167=ORIENTED_EDGE('',*,*,#1701,.T.);
#2168=ORIENTED_EDGE('',*,*,#1702,.T.);
#2169=ORIENTED_EDGE('',*,*,#1699,.F.);
#2170=ORIENTED_EDGE('',*,*,#1703,.F.);
#2171=ORIENTED_EDGE('',*,*,#1704,.T.);
#2172=ORIENTED_EDGE('',*,*,#1705,.T.);
#2173=ORIENTED_EDGE('',*,*,#1706,.T.);
#2174=ORIENTED_EDGE('',*,*,#1707,.T.);
#2175=ORIENTED_EDGE('',*,*,#1704,.F.);
#2176=ORIENTED_EDGE('',*,*,#1708,.T.);
#2177=ORIENTED_EDGE('',*,*,#1706,.F.);
#2178=ORIENTED_EDGE('',*,*,#1709,.F.);
#2179=ORIENTED_EDGE('',*,*,#1710,.T.);
#2180=ORIENTED_EDGE('',*,*,#1711,.T.);
#2181=ORIENTED_EDGE('',*,*,#1712,.T.);
#2182=ORIENTED_EDGE('',*,*,#1713,.T.);
#2183=ORIENTED_EDGE('',*,*,#1710,.F.);
#2184=ORIENTED_EDGE('',*,*,#1714,.T.);
#2185=ORIENTED_EDGE('',*,*,#1715,.T.);
#2186=ORIENTED_EDGE('',*,*,#1716,.T.);
#2187=ORIENTED_EDGE('',*,*,#1717,.T.);
#2188=ORIENTED_EDGE('',*,*,#1718,.T.);
#2189=ORIENTED_EDGE('',*,*,#1715,.F.);
#2190=ORIENTED_EDGE('',*,*,#1719,.F.);
#2191=ORIENTED_EDGE('',*,*,#1720,.T.);
#2192=ORIENTED_EDGE('',*,*,#1721,.T.);
#2193=ORIENTED_EDGE('',*,*,#1722,.T.);
#2194=ORIENTED_EDGE('',*,*,#1723,.T.);
#2195=ORIENTED_EDGE('',*,*,#1720,.F.);
#2196=ORIENTED_EDGE('',*,*,#1724,.T.);
#2197=ORIENTED_EDGE('',*,*,#1722,.F.);
#2198=ORIENTED_EDGE('',*,*,#1725,.F.);
#2199=ORIENTED_EDGE('',*,*,#1726,.T.);
#2200=ORIENTED_EDGE('',*,*,#1727,.T.);
#2201=ORIENTED_EDGE('',*,*,#1728,.T.);
#2202=ORIENTED_EDGE('',*,*,#1729,.T.);
#2203=ORIENTED_EDGE('',*,*,#1726,.F.);
#2204=ORIENTED_EDGE('',*,*,#1730,.T.);
#2205=ORIENTED_EDGE('',*,*,#1731,.T.);
#2206=ORIENTED_EDGE('',*,*,#1732,.T.);
#2207=ORIENTED_EDGE('',*,*,#1733,.T.);
#2208=ORIENTED_EDGE('',*,*,#1734,.T.);
#2209=ORIENTED_EDGE('',*,*,#1731,.F.);
#2210=ORIENTED_EDGE('',*,*,#1735,.F.);
#2211=ORIENTED_EDGE('',*,*,#1736,.T.);
#2212=ORIENTED_EDGE('',*,*,#1737,.T.);
#2213=ORIENTED_EDGE('',*,*,#1738,.T.);
#2214=ORIENTED_EDGE('',*,*,#1739,.T.);
#2215=ORIENTED_EDGE('',*,*,#1736,.F.);
#2216=ORIENTED_EDGE('',*,*,#1740,.T.);
#2217=ORIENTED_EDGE('',*,*,#1738,.F.);
#2218=ORIENTED_EDGE('',*,*,#1741,.F.);
#2219=ORIENTED_EDGE('',*,*,#1742,.T.);
#2220=ORIENTED_EDGE('',*,*,#1743,.T.);
#2221=ORIENTED_EDGE('',*,*,#1744,.T.);
#2222=ORIENTED_EDGE('',*,*,#1745,.T.);
#2223=ORIENTED_EDGE('',*,*,#1742,.F.);
#2224=ORIENTED_EDGE('',*,*,#1746,.T.);
#2225=ORIENTED_EDGE('',*,*,#1747,.T.);
#2226=ORIENTED_EDGE('',*,*,#1748,.T.);
#2227=ORIENTED_EDGE('',*,*,#1749,.T.);
#2228=ORIENTED_EDGE('',*,*,#1750,.T.);
#2229=ORIENTED_EDGE('',*,*,#1751,.T.);
#2230=ORIENTED_EDGE('',*,*,#1752,.T.);
#2231=ORIENTED_EDGE('',*,*,#1753,.T.);
#2232=ORIENTED_EDGE('',*,*,#1754,.T.);
#2233=ORIENTED_EDGE('',*,*,#1751,.F.);
#2234=ORIENTED_EDGE('',*,*,#1755,.F.);
#2235=ORIENTED_EDGE('',*,*,#1756,.T.);
#2236=ORIENTED_EDGE('',*,*,#1757,.T.);
#2237=ORIENTED_EDGE('',*,*,#1758,.T.);
#2238=ORIENTED_EDGE('',*,*,#1759,.T.);
#2239=ORIENTED_EDGE('',*,*,#1756,.F.);
#2240=ORIENTED_EDGE('',*,*,#1760,.T.);
#2241=ORIENTED_EDGE('',*,*,#1758,.F.);
#2242=ORIENTED_EDGE('',*,*,#1761,.F.);
#2243=ORIENTED_EDGE('',*,*,#1749,.F.);
#2244=ORIENTED_EDGE('',*,*,#1762,.T.);
#2245=ORIENTED_EDGE('',*,*,#1747,.F.);
#2246=ORIENTED_EDGE('',*,*,#1763,.T.);
#2247=ORIENTED_EDGE('',*,*,#1733,.F.);
#2248=ORIENTED_EDGE('',*,*,#1744,.F.);
#2249=ORIENTED_EDGE('',*,*,#1764,.T.);
#2250=ORIENTED_EDGE('',*,*,#1717,.F.);
#2251=ORIENTED_EDGE('',*,*,#1728,.F.);
#2252=ORIENTED_EDGE('',*,*,#1765,.T.);
#2253=ORIENTED_EDGE('',*,*,#1701,.F.);
#2254=ORIENTED_EDGE('',*,*,#1712,.F.);
#2255=ORIENTED_EDGE('',*,*,#1766,.T.);
#2256=ORIENTED_EDGE('',*,*,#1753,.F.);
#2257=ORIENTED_EDGE('',*,*,#1767,.F.);
#2258=ORIENTED_EDGE('',*,*,#1768,.F.);
#2259=ORIENTED_EDGE('',*,*,#1769,.T.);
#2260=ORIENTED_EDGE('',*,*,#1770,.T.);
#2261=ORIENTED_EDGE('',*,*,#1771,.T.);
#2262=ORIENTED_EDGE('',*,*,#1772,.F.);
#2263=ORIENTED_EDGE('',*,*,#1773,.T.);
#2264=ORIENTED_EDGE('',*,*,#1774,.T.);
#2265=ORIENTED_EDGE('',*,*,#1775,.T.);
#2266=ORIENTED_EDGE('',*,*,#1776,.F.);
#2267=ORIENTED_EDGE('',*,*,#1777,.T.);
#2268=ORIENTED_EDGE('',*,*,#1778,.T.);
#2269=ORIENTED_EDGE('',*,*,#1779,.T.);
#2270=ORIENTED_EDGE('',*,*,#1780,.F.);
#2271=ORIENTED_EDGE('',*,*,#1781,.T.);
#2272=ORIENTED_EDGE('',*,*,#1782,.T.);
#2273=ORIENTED_EDGE('',*,*,#1783,.T.);
#2274=ORIENTED_EDGE('',*,*,#1784,.T.);
#2275=ORIENTED_EDGE('',*,*,#1785,.F.);
#2276=ORIENTED_EDGE('',*,*,#1786,.F.);
#2277=ORIENTED_EDGE('',*,*,#1732,.F.);
#2278=ORIENTED_EDGE('',*,*,#1737,.F.);
#2279=ORIENTED_EDGE('',*,*,#1739,.F.);
#2280=ORIENTED_EDGE('',*,*,#1743,.F.);
#2281=ORIENTED_EDGE('',*,*,#1745,.F.);
#2282=ORIENTED_EDGE('',*,*,#1716,.F.);
#2283=ORIENTED_EDGE('',*,*,#1721,.F.);
#2284=ORIENTED_EDGE('',*,*,#1723,.F.);
#2285=ORIENTED_EDGE('',*,*,#1727,.F.);
#2286=ORIENTED_EDGE('',*,*,#1729,.F.);
#2287=ORIENTED_EDGE('',*,*,#1700,.F.);
#2288=ORIENTED_EDGE('',*,*,#1705,.F.);
#2289=ORIENTED_EDGE('',*,*,#1707,.F.);
#2290=ORIENTED_EDGE('',*,*,#1711,.F.);
#2291=ORIENTED_EDGE('',*,*,#1713,.F.);
#2292=ORIENTED_EDGE('',*,*,#1752,.F.);
#2293=ORIENTED_EDGE('',*,*,#1757,.F.);
#2294=ORIENTED_EDGE('',*,*,#1759,.F.);
#2295=ORIENTED_EDGE('',*,*,#1762,.F.);
#2296=ORIENTED_EDGE('',*,*,#1748,.F.);
#2297=ORIENTED_EDGE('',*,*,#1741,.T.);
#2298=ORIENTED_EDGE('',*,*,#1740,.F.);
#2299=ORIENTED_EDGE('',*,*,#1735,.T.);
#2300=ORIENTED_EDGE('',*,*,#1734,.F.);
#2301=ORIENTED_EDGE('',*,*,#1763,.F.);
#2302=ORIENTED_EDGE('',*,*,#1750,.F.);
#2303=ORIENTED_EDGE('',*,*,#1761,.T.);
#2304=ORIENTED_EDGE('',*,*,#1760,.F.);
#2305=ORIENTED_EDGE('',*,*,#1755,.T.);
#2306=ORIENTED_EDGE('',*,*,#1754,.F.);
#2307=ORIENTED_EDGE('',*,*,#1766,.F.);
#2308=ORIENTED_EDGE('',*,*,#1714,.F.);
#2309=ORIENTED_EDGE('',*,*,#1709,.T.);
#2310=ORIENTED_EDGE('',*,*,#1708,.F.);
#2311=ORIENTED_EDGE('',*,*,#1703,.T.);
#2312=ORIENTED_EDGE('',*,*,#1702,.F.);
#2313=ORIENTED_EDGE('',*,*,#1765,.F.);
#2314=ORIENTED_EDGE('',*,*,#1730,.F.);
#2315=ORIENTED_EDGE('',*,*,#1725,.T.);
#2316=ORIENTED_EDGE('',*,*,#1724,.F.);
#2317=ORIENTED_EDGE('',*,*,#1719,.T.);
#2318=ORIENTED_EDGE('',*,*,#1718,.F.);
#2319=ORIENTED_EDGE('',*,*,#1764,.F.);
#2320=ORIENTED_EDGE('',*,*,#1746,.F.);
#2321=ORIENTED_EDGE('',*,*,#1787,.F.);
#2322=ORIENTED_EDGE('',*,*,#1788,.F.);
#2323=ORIENTED_EDGE('',*,*,#1789,.F.);
#2324=ORIENTED_EDGE('',*,*,#1790,.F.);
#2325=ORIENTED_EDGE('',*,*,#1791,.F.);
#2326=ORIENTED_EDGE('',*,*,#1792,.F.);
#2327=ORIENTED_EDGE('',*,*,#1790,.T.);
#2328=ORIENTED_EDGE('',*,*,#1793,.F.);
#2329=ORIENTED_EDGE('',*,*,#1688,.F.);
#2330=ORIENTED_EDGE('',*,*,#1794,.T.);
#2331=ORIENTED_EDGE('',*,*,#1789,.T.);
#2332=ORIENTED_EDGE('',*,*,#1795,.F.);
#2333=ORIENTED_EDGE('',*,*,#1689,.F.);
#2334=ORIENTED_EDGE('',*,*,#1793,.T.);
#2335=ORIENTED_EDGE('',*,*,#1781,.F.);
#2336=ORIENTED_EDGE('',*,*,#1796,.T.);
#2337=ORIENTED_EDGE('',*,*,#1797,.T.);
#2338=ORIENTED_EDGE('',*,*,#1798,.F.);
#2339=ORIENTED_EDGE('',*,*,#1784,.F.);
#2340=ORIENTED_EDGE('',*,*,#1799,.T.);
#2341=ORIENTED_EDGE('',*,*,#1800,.T.);
#2342=ORIENTED_EDGE('',*,*,#1796,.F.);
#2343=ORIENTED_EDGE('',*,*,#1783,.F.);
#2344=ORIENTED_EDGE('',*,*,#1801,.T.);
#2345=ORIENTED_EDGE('',*,*,#1802,.T.);
#2346=ORIENTED_EDGE('',*,*,#1799,.F.);
#2347=ORIENTED_EDGE('',*,*,#1782,.F.);
#2348=ORIENTED_EDGE('',*,*,#1798,.T.);
#2349=ORIENTED_EDGE('',*,*,#1803,.T.);
#2350=ORIENTED_EDGE('',*,*,#1801,.F.);
#2351=ORIENTED_EDGE('',*,*,#1803,.F.);
#2352=ORIENTED_EDGE('',*,*,#1797,.F.);
#2353=ORIENTED_EDGE('',*,*,#1800,.F.);
#2354=ORIENTED_EDGE('',*,*,#1802,.F.);
#2355=ORIENTED_EDGE('',*,*,#1804,.F.);
#2356=ORIENTED_EDGE('',*,*,#1805,.F.);
#2357=ORIENTED_EDGE('',*,*,#1806,.F.);
#2358=ORIENTED_EDGE('',*,*,#1807,.F.);
#2359=ORIENTED_EDGE('',*,*,#1808,.F.);
#2360=ORIENTED_EDGE('',*,*,#1809,.F.);
#2361=ORIENTED_EDGE('',*,*,#1808,.T.);
#2362=ORIENTED_EDGE('',*,*,#1810,.F.);
#2363=ORIENTED_EDGE('',*,*,#1811,.F.);
#2364=ORIENTED_EDGE('',*,*,#1812,.T.);
#2365=ORIENTED_EDGE('',*,*,#1807,.T.);
#2366=ORIENTED_EDGE('',*,*,#1813,.F.);
#2367=ORIENTED_EDGE('',*,*,#1814,.F.);
#2368=ORIENTED_EDGE('',*,*,#1810,.T.);
#2369=ORIENTED_EDGE('',*,*,#1696,.T.);
#2370=ORIENTED_EDGE('',*,*,#1815,.T.);
#2371=ORIENTED_EDGE('',*,*,#1816,.T.);
#2372=ORIENTED_EDGE('',*,*,#1815,.F.);
#2373=ORIENTED_EDGE('',*,*,#1816,.F.);
#2374=ORIENTED_EDGE('',*,*,#1817,.T.);
#2375=ORIENTED_EDGE('',*,*,#1809,.T.);
#2376=ORIENTED_EDGE('',*,*,#1817,.F.);
#2377=ORIENTED_EDGE('',*,*,#1685,.T.);
#2378=ORIENTED_EDGE('',*,*,#1818,.T.);
#2379=ORIENTED_EDGE('',*,*,#1819,.T.);
#2380=ORIENTED_EDGE('',*,*,#1818,.F.);
#2381=ORIENTED_EDGE('',*,*,#1819,.F.);
#2382=ORIENTED_EDGE('',*,*,#1820,.T.);
#2383=ORIENTED_EDGE('',*,*,#1804,.T.);
#2384=ORIENTED_EDGE('',*,*,#1820,.F.);
#2385=ORIENTED_EDGE('',*,*,#1821,.T.);
#2386=ORIENTED_EDGE('',*,*,#1692,.T.);
#2387=ORIENTED_EDGE('',*,*,#1822,.T.);
#2388=ORIENTED_EDGE('',*,*,#1814,.T.);
#2389=ORIENTED_EDGE('',*,*,#1823,.T.);
#2390=ORIENTED_EDGE('',*,*,#1693,.T.);
#2391=ORIENTED_EDGE('',*,*,#1821,.F.);
#2392=ORIENTED_EDGE('',*,*,#1824,.T.);
#2393=ORIENTED_EDGE('',*,*,#1825,.T.);
#2394=ORIENTED_EDGE('',*,*,#1694,.T.);
#2395=ORIENTED_EDGE('',*,*,#1823,.F.);
#2396=ORIENTED_EDGE('',*,*,#1826,.T.);
#2397=ORIENTED_EDGE('',*,*,#1822,.F.);
#2398=ORIENTED_EDGE('',*,*,#1695,.T.);
#2399=ORIENTED_EDGE('',*,*,#1825,.F.);
#2400=ORIENTED_EDGE('',*,*,#1811,.T.);
#2401=ORIENTED_EDGE('',*,*,#1806,.T.);
#2402=ORIENTED_EDGE('',*,*,#1827,.F.);
#2403=ORIENTED_EDGE('',*,*,#1824,.F.);
#2404=ORIENTED_EDGE('',*,*,#1813,.T.);
#2405=ORIENTED_EDGE('',*,*,#1828,.F.);
#2406=ORIENTED_EDGE('',*,*,#1829,.F.);
#2407=ORIENTED_EDGE('',*,*,#1830,.F.);
#2408=ORIENTED_EDGE('',*,*,#1831,.F.);
#2409=ORIENTED_EDGE('',*,*,#1832,.F.);
#2410=ORIENTED_EDGE('',*,*,#1833,.F.);
#2411=ORIENTED_EDGE('',*,*,#1834,.F.);
#2412=ORIENTED_EDGE('',*,*,#1835,.F.);
#2413=ORIENTED_EDGE('',*,*,#1836,.F.);
#2414=ORIENTED_EDGE('',*,*,#1837,.F.);
#2415=ORIENTED_EDGE('',*,*,#1838,.F.);
#2416=ORIENTED_EDGE('',*,*,#1839,.F.);
#2417=ORIENTED_EDGE('',*,*,#1840,.F.);
#2418=ORIENTED_EDGE('',*,*,#1841,.F.);
#2419=ORIENTED_EDGE('',*,*,#1842,.F.);
#2420=ORIENTED_EDGE('',*,*,#1843,.F.);
#2421=ORIENTED_EDGE('',*,*,#1844,.F.);
#2422=ORIENTED_EDGE('',*,*,#1845,.T.);
#2423=ORIENTED_EDGE('',*,*,#1831,.T.);
#2424=ORIENTED_EDGE('',*,*,#1846,.T.);
#2425=ORIENTED_EDGE('',*,*,#1847,.T.);
#2426=ORIENTED_EDGE('',*,*,#1848,.T.);
#2427=ORIENTED_EDGE('',*,*,#1849,.F.);
#2428=ORIENTED_EDGE('',*,*,#1850,.F.);
#2429=ORIENTED_EDGE('',*,*,#1851,.F.);
#2430=ORIENTED_EDGE('',*,*,#1852,.F.);
#2431=ORIENTED_EDGE('',*,*,#1853,.F.);
#2432=ORIENTED_EDGE('',*,*,#1854,.T.);
#2433=ORIENTED_EDGE('',*,*,#1855,.F.);
#2434=ORIENTED_EDGE('',*,*,#1854,.F.);
#2435=ORIENTED_EDGE('',*,*,#1856,.F.);
#2436=ORIENTED_EDGE('',*,*,#1857,.F.);
#2437=ORIENTED_EDGE('',*,*,#1852,.T.);
#2438=ORIENTED_EDGE('',*,*,#1858,.T.);
#2439=ORIENTED_EDGE('',*,*,#1859,.T.);
#2440=ORIENTED_EDGE('',*,*,#1860,.T.);
#2441=ORIENTED_EDGE('',*,*,#1861,.T.);
#2442=ORIENTED_EDGE('',*,*,#1855,.T.);
#2443=ORIENTED_EDGE('',*,*,#1857,.T.);
#2444=ORIENTED_EDGE('',*,*,#1862,.F.);
#2445=ORIENTED_EDGE('',*,*,#1863,.F.);
#2446=ORIENTED_EDGE('',*,*,#1864,.F.);
#2447=ORIENTED_EDGE('',*,*,#1865,.F.);
#2448=ORIENTED_EDGE('',*,*,#1866,.F.);
#2449=ORIENTED_EDGE('',*,*,#1867,.F.);
#2450=ORIENTED_EDGE('',*,*,#1858,.F.);
#2451=ORIENTED_EDGE('',*,*,#1868,.F.);
#2452=ORIENTED_EDGE('',*,*,#1869,.T.);
#2453=ORIENTED_EDGE('',*,*,#1870,.T.);
#2454=ORIENTED_EDGE('',*,*,#1865,.T.);
#2455=ORIENTED_EDGE('',*,*,#1871,.F.);
#2456=ORIENTED_EDGE('',*,*,#1775,.F.);
#2457=ORIENTED_EDGE('',*,*,#1872,.F.);
#2458=ORIENTED_EDGE('',*,*,#1866,.T.);
#2459=ORIENTED_EDGE('',*,*,#1870,.F.);
#2460=ORIENTED_EDGE('',*,*,#1836,.T.);
#2461=ORIENTED_EDGE('',*,*,#1873,.F.);
#2462=ORIENTED_EDGE('',*,*,#1874,.T.);
#2463=ORIENTED_EDGE('',*,*,#1863,.T.);
#2464=ORIENTED_EDGE('',*,*,#1875,.F.);
#2465=ORIENTED_EDGE('',*,*,#1876,.F.);
#2466=ORIENTED_EDGE('',*,*,#1877,.T.);
#2467=ORIENTED_EDGE('',*,*,#1878,.T.);
#2468=ORIENTED_EDGE('',*,*,#1879,.T.);
#2469=ORIENTED_EDGE('',*,*,#1880,.T.);
#2470=ORIENTED_EDGE('',*,*,#1881,.F.);
#2471=ORIENTED_EDGE('',*,*,#1873,.T.);
#2472=ORIENTED_EDGE('',*,*,#1835,.T.);
#2473=ORIENTED_EDGE('',*,*,#1882,.F.);
#2474=ORIENTED_EDGE('',*,*,#1853,.T.);
#2475=ORIENTED_EDGE('',*,*,#1861,.F.);
#2476=ORIENTED_EDGE('',*,*,#1883,.F.);
#2477=ORIENTED_EDGE('',*,*,#1828,.T.);
#2478=ORIENTED_EDGE('',*,*,#1862,.T.);
#2479=ORIENTED_EDGE('',*,*,#1856,.T.);
#2480=ORIENTED_EDGE('',*,*,#1884,.T.);
#2481=ORIENTED_EDGE('',*,*,#1885,.T.);
#2482=ORIENTED_EDGE('',*,*,#1886,.T.);
#2483=ORIENTED_EDGE('',*,*,#1887,.T.);
#2484=ORIENTED_EDGE('',*,*,#1885,.F.);
#2485=ORIENTED_EDGE('',*,*,#1888,.T.);
#2486=ORIENTED_EDGE('',*,*,#1889,.F.);
#2487=ORIENTED_EDGE('',*,*,#1890,.F.);
#2488=ORIENTED_EDGE('',*,*,#1891,.T.);
#2489=ORIENTED_EDGE('',*,*,#1892,.F.);
#2490=ORIENTED_EDGE('',*,*,#1893,.F.);
#2491=ORIENTED_EDGE('',*,*,#1894,.F.);
#2492=ORIENTED_EDGE('',*,*,#1888,.F.);
#2493=ORIENTED_EDGE('',*,*,#1884,.F.);
#2494=ORIENTED_EDGE('',*,*,#1895,.F.);
#2495=ORIENTED_EDGE('',*,*,#1896,.F.);
#2496=ORIENTED_EDGE('',*,*,#1897,.T.);
#2497=ORIENTED_EDGE('',*,*,#1898,.F.);
#2498=ORIENTED_EDGE('',*,*,#1899,.F.);
#2499=ORIENTED_EDGE('',*,*,#1886,.F.);
#2500=ORIENTED_EDGE('',*,*,#1892,.T.);
#2501=ORIENTED_EDGE('',*,*,#1900,.T.);
#2502=ORIENTED_EDGE('',*,*,#1901,.T.);
#2503=ORIENTED_EDGE('',*,*,#1890,.T.);
#2504=ORIENTED_EDGE('',*,*,#1902,.T.);
#2505=ORIENTED_EDGE('',*,*,#1903,.F.);
#2506=ORIENTED_EDGE('',*,*,#1904,.F.);
#2507=ORIENTED_EDGE('',*,*,#1905,.F.);
#2508=ORIENTED_EDGE('',*,*,#1906,.T.);
#2509=ORIENTED_EDGE('',*,*,#1907,.T.);
#2510=ORIENTED_EDGE('',*,*,#1908,.F.);
#2511=ORIENTED_EDGE('',*,*,#1847,.F.);
#2512=ORIENTED_EDGE('',*,*,#1909,.T.);
#2513=ORIENTED_EDGE('',*,*,#1889,.T.);
#2514=ORIENTED_EDGE('',*,*,#1894,.T.);
#2515=ORIENTED_EDGE('',*,*,#1910,.F.);
#2516=ORIENTED_EDGE('',*,*,#1911,.F.);
#2517=ORIENTED_EDGE('',*,*,#1912,.F.);
#2518=ORIENTED_EDGE('',*,*,#1913,.F.);
#2519=ORIENTED_EDGE('',*,*,#1902,.F.);
#2520=ORIENTED_EDGE('',*,*,#1914,.F.);
#2521=ORIENTED_EDGE('',*,*,#1898,.T.);
#2522=ORIENTED_EDGE('',*,*,#1915,.T.);
#2523=ORIENTED_EDGE('',*,*,#1916,.T.);
#2524=ORIENTED_EDGE('',*,*,#1917,.F.);
#2525=ORIENTED_EDGE('',*,*,#1896,.T.);
#2526=ORIENTED_EDGE('',*,*,#1918,.F.);
#2527=ORIENTED_EDGE('',*,*,#1919,.F.);
#2528=ORIENTED_EDGE('',*,*,#1920,.T.);
#2529=ORIENTED_EDGE('',*,*,#1899,.T.);
#2530=ORIENTED_EDGE('',*,*,#1917,.T.);
#2531=ORIENTED_EDGE('',*,*,#1921,.F.);
#2532=ORIENTED_EDGE('',*,*,#1922,.T.);
#2533=ORIENTED_EDGE('',*,*,#1923,.T.);
#2534=ORIENTED_EDGE('',*,*,#1924,.T.);
#2535=ORIENTED_EDGE('',*,*,#1925,.F.);
#2536=ORIENTED_EDGE('',*,*,#1926,.F.);
#2537=ORIENTED_EDGE('',*,*,#1927,.F.);
#2538=ORIENTED_EDGE('',*,*,#1905,.T.);
#2539=ORIENTED_EDGE('',*,*,#1928,.T.);
#2540=ORIENTED_EDGE('',*,*,#1929,.F.);
#2541=ORIENTED_EDGE('',*,*,#1930,.T.);
#2542=ORIENTED_EDGE('',*,*,#1918,.T.);
#2543=ORIENTED_EDGE('',*,*,#1895,.T.);
#2544=ORIENTED_EDGE('',*,*,#1887,.F.);
#2545=ORIENTED_EDGE('',*,*,#1931,.F.);
#2546=ORIENTED_EDGE('',*,*,#1932,.F.);
#2547=ORIENTED_EDGE('',*,*,#1785,.T.);
#2548=ORIENTED_EDGE('',*,*,#1933,.T.);
#2549=ORIENTED_EDGE('',*,*,#1934,.T.);
#2550=ORIENTED_EDGE('',*,*,#1935,.F.);
#2551=ORIENTED_EDGE('',*,*,#1936,.T.);
#2552=ORIENTED_EDGE('',*,*,#1933,.F.);
#2553=ORIENTED_EDGE('',*,*,#1786,.T.);
#2554=ORIENTED_EDGE('',*,*,#1935,.T.);
#2555=ORIENTED_EDGE('',*,*,#1936,.F.);
#2556=ORIENTED_EDGE('',*,*,#1937,.F.);
#2557=ORIENTED_EDGE('',*,*,#1698,.F.);
#2558=ORIENTED_EDGE('',*,*,#1938,.F.);
#2559=ORIENTED_EDGE('',*,*,#1939,.T.);
#2560=ORIENTED_EDGE('',*,*,#1940,.T.);
#2561=ORIENTED_EDGE('',*,*,#1941,.T.);
#2562=ORIENTED_EDGE('',*,*,#1942,.T.);
#2563=ORIENTED_EDGE('',*,*,#1943,.T.);
#2564=ORIENTED_EDGE('',*,*,#1944,.T.);
#2565=ORIENTED_EDGE('',*,*,#1939,.F.);
#2566=ORIENTED_EDGE('',*,*,#1945,.T.);
#2567=ORIENTED_EDGE('',*,*,#1946,.T.);
#2568=ORIENTED_EDGE('',*,*,#1947,.T.);
#2569=ORIENTED_EDGE('',*,*,#1943,.F.);
#2570=ORIENTED_EDGE('',*,*,#1948,.T.);
#2571=ORIENTED_EDGE('',*,*,#1946,.F.);
#2572=ORIENTED_EDGE('',*,*,#1949,.T.);
#2573=ORIENTED_EDGE('',*,*,#1950,.T.);
#2574=ORIENTED_EDGE('',*,*,#1951,.T.);
#2575=ORIENTED_EDGE('',*,*,#1952,.T.);
#2576=ORIENTED_EDGE('',*,*,#1953,.T.);
#2577=ORIENTED_EDGE('',*,*,#1950,.F.);
#2578=ORIENTED_EDGE('',*,*,#1767,.T.);
#2579=ORIENTED_EDGE('',*,*,#1952,.F.);
#2580=ORIENTED_EDGE('',*,*,#1954,.T.);
#2581=ORIENTED_EDGE('',*,*,#1955,.T.);
#2582=ORIENTED_EDGE('',*,*,#1956,.T.);
#2583=ORIENTED_EDGE('',*,*,#1957,.T.);
#2584=ORIENTED_EDGE('',*,*,#1958,.T.);
#2585=ORIENTED_EDGE('',*,*,#1955,.F.);
#2586=ORIENTED_EDGE('',*,*,#1959,.T.);
#2587=ORIENTED_EDGE('',*,*,#1941,.F.);
#2588=ORIENTED_EDGE('',*,*,#1960,.T.);
#2589=ORIENTED_EDGE('',*,*,#1957,.F.);
#2590=ORIENTED_EDGE('',*,*,#1961,.T.);
#2591=ORIENTED_EDGE('',*,*,#1949,.F.);
#2592=ORIENTED_EDGE('',*,*,#1962,.T.);
#2593=ORIENTED_EDGE('',*,*,#1963,.T.);
#2594=ORIENTED_EDGE('',*,*,#1768,.T.);
#2595=ORIENTED_EDGE('',*,*,#1948,.F.);
#2596=ORIENTED_EDGE('',*,*,#1964,.T.);
#2597=ORIENTED_EDGE('',*,*,#1965,.T.);
#2598=ORIENTED_EDGE('',*,*,#1962,.F.);
#2599=ORIENTED_EDGE('',*,*,#1945,.F.);
#2600=ORIENTED_EDGE('',*,*,#1966,.T.);
#2601=ORIENTED_EDGE('',*,*,#1967,.T.);
#2602=ORIENTED_EDGE('',*,*,#1964,.F.);
#2603=ORIENTED_EDGE('',*,*,#1942,.F.);
#2604=ORIENTED_EDGE('',*,*,#1968,.T.);
#2605=ORIENTED_EDGE('',*,*,#1969,.T.);
#2606=ORIENTED_EDGE('',*,*,#1966,.F.);
#2607=ORIENTED_EDGE('',*,*,#1970,.F.);
#2608=ORIENTED_EDGE('',*,*,#1971,.F.);
#2609=ORIENTED_EDGE('',*,*,#1972,.F.);
#2610=ORIENTED_EDGE('',*,*,#1973,.F.);
#2611=ORIENTED_EDGE('',*,*,#1974,.F.);
#2612=ORIENTED_EDGE('',*,*,#1684,.F.);
#2613=ORIENTED_EDGE('',*,*,#1975,.F.);
#2614=ORIENTED_EDGE('',*,*,#1976,.F.);
#2615=ORIENTED_EDGE('',*,*,#1940,.F.);
#2616=ORIENTED_EDGE('',*,*,#1944,.F.);
#2617=ORIENTED_EDGE('',*,*,#1947,.F.);
#2618=ORIENTED_EDGE('',*,*,#1951,.F.);
#2619=ORIENTED_EDGE('',*,*,#1953,.F.);
#2620=ORIENTED_EDGE('',*,*,#1956,.F.);
#2621=ORIENTED_EDGE('',*,*,#1958,.F.);
#2622=ORIENTED_EDGE('',*,*,#1960,.F.);
#2623=ORIENTED_EDGE('',*,*,#1977,.T.);
#2624=ORIENTED_EDGE('',*,*,#1978,.T.);
#2625=ORIENTED_EDGE('',*,*,#1979,.T.);
#2626=ORIENTED_EDGE('',*,*,#1978,.F.);
#2627=ORIENTED_EDGE('',*,*,#1980,.F.);
#2628=ORIENTED_EDGE('',*,*,#1981,.T.);
#2629=ORIENTED_EDGE('',*,*,#1769,.F.);
#2630=ORIENTED_EDGE('',*,*,#1963,.F.);
#2631=ORIENTED_EDGE('',*,*,#1965,.F.);
#2632=ORIENTED_EDGE('',*,*,#1967,.F.);
#2633=ORIENTED_EDGE('',*,*,#1969,.F.);
#2634=ORIENTED_EDGE('',*,*,#1982,.F.);
#2635=ORIENTED_EDGE('',*,*,#1983,.F.);
#2636=ORIENTED_EDGE('',*,*,#1984,.F.);
#2637=ORIENTED_EDGE('',*,*,#1779,.F.);
#2638=ORIENTED_EDGE('',*,*,#1985,.F.);
#2639=ORIENTED_EDGE('',*,*,#1986,.F.);
#2640=ORIENTED_EDGE('',*,*,#1987,.T.);
#2641=ORIENTED_EDGE('',*,*,#1988,.F.);
#2642=ORIENTED_EDGE('',*,*,#1989,.F.);
#2643=ORIENTED_EDGE('',*,*,#1878,.F.);
#2644=ORIENTED_EDGE('',*,*,#1990,.F.);
#2645=ORIENTED_EDGE('',*,*,#1991,.F.);
#2646=ORIENTED_EDGE('',*,*,#1992,.F.);
#2647=ORIENTED_EDGE('',*,*,#1924,.F.);
#2648=ORIENTED_EDGE('',*,*,#1993,.T.);
#2649=ORIENTED_EDGE('',*,*,#1994,.F.);
#2650=ORIENTED_EDGE('',*,*,#1995,.F.);
#2651=ORIENTED_EDGE('',*,*,#1996,.F.);
#2652=ORIENTED_EDGE('',*,*,#1997,.F.);
#2653=ORIENTED_EDGE('',*,*,#1998,.F.);
#2654=ORIENTED_EDGE('',*,*,#1977,.F.);
#2655=ORIENTED_EDGE('',*,*,#1979,.F.);
#2656=ORIENTED_EDGE('',*,*,#1999,.T.);
#2657=ORIENTED_EDGE('',*,*,#2000,.T.);
#2658=ORIENTED_EDGE('',*,*,#1999,.F.);
#2659=ORIENTED_EDGE('',*,*,#1996,.T.);
#2660=ORIENTED_EDGE('',*,*,#2001,.T.);
#2661=ORIENTED_EDGE('',*,*,#2002,.T.);
#2662=ORIENTED_EDGE('',*,*,#2001,.F.);
#2663=ORIENTED_EDGE('',*,*,#2002,.F.);
#2664=ORIENTED_EDGE('',*,*,#2003,.T.);
#2665=ORIENTED_EDGE('',*,*,#2004,.T.);
#2666=ORIENTED_EDGE('',*,*,#2003,.F.);
#2667=ORIENTED_EDGE('',*,*,#1998,.T.);
#2668=ORIENTED_EDGE('',*,*,#2005,.T.);
#2669=ORIENTED_EDGE('',*,*,#2006,.T.);
#2670=ORIENTED_EDGE('',*,*,#2005,.F.);
#2671=ORIENTED_EDGE('',*,*,#2006,.F.);
#2672=ORIENTED_EDGE('',*,*,#2007,.T.);
#2673=ORIENTED_EDGE('',*,*,#2008,.T.);
#2674=ORIENTED_EDGE('',*,*,#2007,.F.);
#2675=ORIENTED_EDGE('',*,*,#1997,.T.);
#2676=ORIENTED_EDGE('',*,*,#2009,.T.);
#2677=ORIENTED_EDGE('',*,*,#2010,.T.);
#2678=ORIENTED_EDGE('',*,*,#2009,.F.);
#2679=ORIENTED_EDGE('',*,*,#2010,.F.);
#2680=ORIENTED_EDGE('',*,*,#2011,.T.);
#2681=ORIENTED_EDGE('',*,*,#2012,.T.);
#2682=ORIENTED_EDGE('',*,*,#2011,.F.);
#2683=ORIENTED_EDGE('',*,*,#2008,.F.);
#2684=ORIENTED_EDGE('',*,*,#2004,.F.);
#2685=ORIENTED_EDGE('',*,*,#2012,.F.);
#2686=ORIENTED_EDGE('',*,*,#2000,.F.);
#2687=ORIENTED_EDGE('',*,*,#2013,.T.);
#2688=ORIENTED_EDGE('',*,*,#2014,.T.);
#2689=ORIENTED_EDGE('',*,*,#2015,.F.);
#2690=ORIENTED_EDGE('',*,*,#2016,.T.);
#2691=ORIENTED_EDGE('',*,*,#1849,.T.);
#2692=ORIENTED_EDGE('',*,*,#2017,.T.);
#2693=ORIENTED_EDGE('',*,*,#2014,.F.);
#2694=ORIENTED_EDGE('',*,*,#2018,.F.);
#2695=ORIENTED_EDGE('',*,*,#2019,.F.);
#2696=ORIENTED_EDGE('',*,*,#2013,.F.);
#2697=ORIENTED_EDGE('',*,*,#2020,.T.);
#2698=ORIENTED_EDGE('',*,*,#2021,.T.);
#2699=ORIENTED_EDGE('',*,*,#1991,.T.);
#2700=ORIENTED_EDGE('',*,*,#2022,.T.);
#2701=ORIENTED_EDGE('',*,*,#2023,.T.);
#2702=ORIENTED_EDGE('',*,*,#2024,.F.);
#2703=ORIENTED_EDGE('',*,*,#2025,.T.);
#2704=ORIENTED_EDGE('',*,*,#2026,.F.);
#2705=ORIENTED_EDGE('',*,*,#2018,.T.);
#2706=ORIENTED_EDGE('',*,*,#2024,.T.);
#2707=ORIENTED_EDGE('',*,*,#2027,.T.);
#2708=ORIENTED_EDGE('',*,*,#1851,.T.);
#2709=ORIENTED_EDGE('',*,*,#2028,.F.);
#2710=ORIENTED_EDGE('',*,*,#2029,.T.);
#2711=ORIENTED_EDGE('',*,*,#2030,.T.);
#2712=ORIENTED_EDGE('',*,*,#2027,.F.);
#2713=ORIENTED_EDGE('',*,*,#2023,.F.);
#2714=ORIENTED_EDGE('',*,*,#2031,.F.);
#2715=ORIENTED_EDGE('',*,*,#2032,.T.);
#2716=ORIENTED_EDGE('',*,*,#1832,.T.);
#2717=ORIENTED_EDGE('',*,*,#1845,.F.);
#2718=ORIENTED_EDGE('',*,*,#2033,.T.);
#2719=ORIENTED_EDGE('',*,*,#2029,.F.);
#2720=ORIENTED_EDGE('',*,*,#2034,.T.);
#2721=ORIENTED_EDGE('',*,*,#2015,.T.);
#2722=ORIENTED_EDGE('',*,*,#2019,.T.);
#2723=ORIENTED_EDGE('',*,*,#2026,.T.);
#2724=ORIENTED_EDGE('',*,*,#2034,.F.);
#2725=ORIENTED_EDGE('',*,*,#2028,.T.);
#2726=ORIENTED_EDGE('',*,*,#1850,.T.);
#2727=ORIENTED_EDGE('',*,*,#2016,.F.);
#2728=ORIENTED_EDGE('',*,*,#1994,.T.);
#2729=ORIENTED_EDGE('',*,*,#2035,.T.);
#2730=ORIENTED_EDGE('',*,*,#2036,.T.);
#2731=ORIENTED_EDGE('',*,*,#2037,.T.);
#2732=ORIENTED_EDGE('',*,*,#2035,.F.);
#2733=ORIENTED_EDGE('',*,*,#1993,.F.);
#2734=ORIENTED_EDGE('',*,*,#1923,.F.);
#2735=ORIENTED_EDGE('',*,*,#2038,.F.);
#2736=ORIENTED_EDGE('',*,*,#2039,.T.);
#2737=ORIENTED_EDGE('',*,*,#2040,.T.);
#2738=ORIENTED_EDGE('',*,*,#1980,.T.);
#2739=ORIENTED_EDGE('',*,*,#2041,.T.);
#2740=ORIENTED_EDGE('',*,*,#2040,.F.);
#2741=ORIENTED_EDGE('',*,*,#2042,.F.);
#2742=ORIENTED_EDGE('',*,*,#1770,.F.);
#2743=ORIENTED_EDGE('',*,*,#1981,.F.);
#2744=ORIENTED_EDGE('',*,*,#2039,.F.);
#2745=ORIENTED_EDGE('',*,*,#2043,.T.);
#2746=ORIENTED_EDGE('',*,*,#2036,.F.);
#2747=ORIENTED_EDGE('',*,*,#2038,.T.);
#2748=ORIENTED_EDGE('',*,*,#1922,.F.);
#2749=ORIENTED_EDGE('',*,*,#2044,.F.);
#2750=ORIENTED_EDGE('',*,*,#2045,.F.);
#2751=ORIENTED_EDGE('',*,*,#1771,.F.);
#2752=ORIENTED_EDGE('',*,*,#2042,.T.);
#2753=ORIENTED_EDGE('',*,*,#2046,.T.);
#2754=ORIENTED_EDGE('',*,*,#2047,.T.);
#2755=ORIENTED_EDGE('',*,*,#1986,.T.);
#2756=ORIENTED_EDGE('',*,*,#2048,.T.);
#2757=ORIENTED_EDGE('',*,*,#2047,.F.);
#2758=ORIENTED_EDGE('',*,*,#2049,.F.);
#2759=ORIENTED_EDGE('',*,*,#2050,.F.);
#2760=ORIENTED_EDGE('',*,*,#1987,.F.);
#2761=ORIENTED_EDGE('',*,*,#1988,.T.);
#2762=ORIENTED_EDGE('',*,*,#2050,.T.);
#2763=ORIENTED_EDGE('',*,*,#2051,.T.);
#2764=ORIENTED_EDGE('',*,*,#2052,.T.);
#2765=ORIENTED_EDGE('',*,*,#2046,.F.);
#2766=ORIENTED_EDGE('',*,*,#2053,.T.);
#2767=ORIENTED_EDGE('',*,*,#1777,.F.);
#2768=ORIENTED_EDGE('',*,*,#2054,.F.);
#2769=ORIENTED_EDGE('',*,*,#2055,.F.);
#2770=ORIENTED_EDGE('',*,*,#1880,.F.);
#2771=ORIENTED_EDGE('',*,*,#2056,.T.);
#2772=ORIENTED_EDGE('',*,*,#2051,.F.);
#2773=ORIENTED_EDGE('',*,*,#2049,.T.);
#2774=ORIENTED_EDGE('',*,*,#2052,.F.);
#2775=ORIENTED_EDGE('',*,*,#2056,.F.);
#2776=ORIENTED_EDGE('',*,*,#1879,.F.);
#2777=ORIENTED_EDGE('',*,*,#1989,.T.);
#2778=ORIENTED_EDGE('',*,*,#2048,.F.);
#2779=ORIENTED_EDGE('',*,*,#1985,.T.);
#2780=ORIENTED_EDGE('',*,*,#1778,.F.);
#2781=ORIENTED_EDGE('',*,*,#2053,.F.);
#2782=ORIENTED_EDGE('',*,*,#1954,.F.);
#2783=ORIENTED_EDGE('',*,*,#1780,.T.);
#2784=ORIENTED_EDGE('',*,*,#1984,.T.);
#2785=ORIENTED_EDGE('',*,*,#2057,.T.);
#2786=ORIENTED_EDGE('',*,*,#1959,.F.);
#2787=ORIENTED_EDGE('',*,*,#2057,.F.);
#2788=ORIENTED_EDGE('',*,*,#1983,.T.);
#2789=ORIENTED_EDGE('',*,*,#2058,.F.);
#2790=ORIENTED_EDGE('',*,*,#2037,.F.);
#2791=ORIENTED_EDGE('',*,*,#2043,.F.);
#2792=ORIENTED_EDGE('',*,*,#2041,.F.);
#2793=ORIENTED_EDGE('',*,*,#1995,.T.);
#2794=ORIENTED_EDGE('',*,*,#1961,.F.);
#2795=ORIENTED_EDGE('',*,*,#2058,.T.);
#2796=ORIENTED_EDGE('',*,*,#1982,.T.);
#2797=ORIENTED_EDGE('',*,*,#1968,.F.);
#2798=ORIENTED_EDGE('',*,*,#2045,.T.);
#2799=ORIENTED_EDGE('',*,*,#2059,.T.);
#2800=ORIENTED_EDGE('',*,*,#2060,.F.);
#2801=ORIENTED_EDGE('',*,*,#1772,.T.);
#2802=ORIENTED_EDGE('',*,*,#2044,.T.);
#2803=ORIENTED_EDGE('',*,*,#1921,.T.);
#2804=ORIENTED_EDGE('',*,*,#1916,.F.);
#2805=ORIENTED_EDGE('',*,*,#2061,.F.);
#2806=ORIENTED_EDGE('',*,*,#2059,.F.);
#2807=ORIENTED_EDGE('',*,*,#1992,.T.);
#2808=ORIENTED_EDGE('',*,*,#2021,.F.);
#2809=ORIENTED_EDGE('',*,*,#2062,.T.);
#2810=ORIENTED_EDGE('',*,*,#2063,.T.);
#2811=ORIENTED_EDGE('',*,*,#2064,.F.);
#2812=ORIENTED_EDGE('',*,*,#1925,.T.);
#2813=ORIENTED_EDGE('',*,*,#2065,.F.);
#2814=ORIENTED_EDGE('',*,*,#2066,.F.);
#2815=ORIENTED_EDGE('',*,*,#2067,.T.);
#2816=ORIENTED_EDGE('',*,*,#2068,.F.);
#2817=ORIENTED_EDGE('',*,*,#1920,.F.);
#2818=ORIENTED_EDGE('',*,*,#2069,.T.);
#2819=ORIENTED_EDGE('',*,*,#2068,.T.);
#2820=ORIENTED_EDGE('',*,*,#2070,.T.);
#2821=ORIENTED_EDGE('',*,*,#1773,.F.);
#2822=ORIENTED_EDGE('',*,*,#2060,.T.);
#2823=ORIENTED_EDGE('',*,*,#2061,.T.);
#2824=ORIENTED_EDGE('',*,*,#1915,.F.);
#2825=ORIENTED_EDGE('',*,*,#1900,.F.);
#2826=ORIENTED_EDGE('',*,*,#1891,.F.);
#2827=ORIENTED_EDGE('',*,*,#1901,.F.);
#2828=ORIENTED_EDGE('',*,*,#2071,.F.);
#2829=ORIENTED_EDGE('',*,*,#1897,.F.);
#2830=ORIENTED_EDGE('',*,*,#2072,.F.);
#2831=ORIENTED_EDGE('',*,*,#2063,.F.);
#2832=ORIENTED_EDGE('',*,*,#2073,.F.);
#2833=ORIENTED_EDGE('',*,*,#1907,.F.);
#2834=ORIENTED_EDGE('',*,*,#2074,.F.);
#2835=ORIENTED_EDGE('',*,*,#2075,.F.);
#2836=ORIENTED_EDGE('',*,*,#1883,.T.);
#2837=ORIENTED_EDGE('',*,*,#1860,.F.);
#2838=ORIENTED_EDGE('',*,*,#2076,.F.);
#2839=ORIENTED_EDGE('',*,*,#2077,.F.);
#2840=ORIENTED_EDGE('',*,*,#1829,.T.);
#2841=ORIENTED_EDGE('',*,*,#2078,.F.);
#2842=ORIENTED_EDGE('',*,*,#2079,.F.);
#2843=ORIENTED_EDGE('',*,*,#2080,.F.);
#2844=ORIENTED_EDGE('',*,*,#1833,.T.);
#2845=ORIENTED_EDGE('',*,*,#2032,.F.);
#2846=ORIENTED_EDGE('',*,*,#2081,.F.);
#2847=ORIENTED_EDGE('',*,*,#2082,.F.);
#2848=ORIENTED_EDGE('',*,*,#2072,.T.);
#2849=ORIENTED_EDGE('',*,*,#2083,.T.);
#2850=ORIENTED_EDGE('',*,*,#1926,.T.);
#2851=ORIENTED_EDGE('',*,*,#2064,.T.);
#2852=ORIENTED_EDGE('',*,*,#1872,.T.);
#2853=ORIENTED_EDGE('',*,*,#1774,.F.);
#2854=ORIENTED_EDGE('',*,*,#2070,.F.);
#2855=ORIENTED_EDGE('',*,*,#2067,.F.);
#2856=ORIENTED_EDGE('',*,*,#2084,.F.);
#2857=ORIENTED_EDGE('',*,*,#2076,.T.);
#2858=ORIENTED_EDGE('',*,*,#1859,.F.);
#2859=ORIENTED_EDGE('',*,*,#1867,.T.);
#2860=ORIENTED_EDGE('',*,*,#2080,.T.);
#2861=ORIENTED_EDGE('',*,*,#2085,.F.);
#2862=ORIENTED_EDGE('',*,*,#1875,.T.);
#2863=ORIENTED_EDGE('',*,*,#1834,.T.);
#2864=ORIENTED_EDGE('',*,*,#2079,.T.);
#2865=ORIENTED_EDGE('',*,*,#2086,.T.);
#2866=ORIENTED_EDGE('',*,*,#1876,.T.);
#2867=ORIENTED_EDGE('',*,*,#2085,.T.);
#2868=ORIENTED_EDGE('',*,*,#1913,.T.);
#2869=ORIENTED_EDGE('',*,*,#2087,.F.);
#2870=ORIENTED_EDGE('',*,*,#2088,.T.);
#2871=ORIENTED_EDGE('',*,*,#1903,.T.);
#2872=ORIENTED_EDGE('',*,*,#1912,.T.);
#2873=ORIENTED_EDGE('',*,*,#2089,.T.);
#2874=ORIENTED_EDGE('',*,*,#1929,.T.);
#2875=ORIENTED_EDGE('',*,*,#2090,.T.);
#2876=ORIENTED_EDGE('',*,*,#2087,.T.);
#2877=ORIENTED_EDGE('',*,*,#1840,.T.);
#2878=ORIENTED_EDGE('',*,*,#2091,.F.);
#2879=ORIENTED_EDGE('',*,*,#2092,.F.);
#2880=ORIENTED_EDGE('',*,*,#2093,.F.);
#2881=ORIENTED_EDGE('',*,*,#1839,.T.);
#2882=ORIENTED_EDGE('',*,*,#2094,.T.);
#2883=ORIENTED_EDGE('',*,*,#2095,.T.);
#2884=ORIENTED_EDGE('',*,*,#2091,.T.);
#2885=ORIENTED_EDGE('',*,*,#1838,.T.);
#2886=ORIENTED_EDGE('',*,*,#2096,.F.);
#2887=ORIENTED_EDGE('',*,*,#2097,.F.);
#2888=ORIENTED_EDGE('',*,*,#2094,.F.);
#2889=ORIENTED_EDGE('',*,*,#1837,.T.);
#2890=ORIENTED_EDGE('',*,*,#2098,.T.);
#2891=ORIENTED_EDGE('',*,*,#2099,.T.);
#2892=ORIENTED_EDGE('',*,*,#2096,.T.);
#2893=ORIENTED_EDGE('',*,*,#2054,.T.);
#2894=ORIENTED_EDGE('',*,*,#1776,.T.);
#2895=ORIENTED_EDGE('',*,*,#1869,.F.);
#2896=ORIENTED_EDGE('',*,*,#2100,.T.);
#2897=ORIENTED_EDGE('',*,*,#2055,.T.);
#2898=ORIENTED_EDGE('',*,*,#2100,.F.);
#2899=ORIENTED_EDGE('',*,*,#1871,.T.);
#2900=ORIENTED_EDGE('',*,*,#1864,.T.);
#2901=ORIENTED_EDGE('',*,*,#1874,.F.);
#2902=ORIENTED_EDGE('',*,*,#1881,.T.);
#2903=ORIENTED_EDGE('',*,*,#2101,.F.);
#2904=ORIENTED_EDGE('',*,*,#2065,.T.);
#2905=ORIENTED_EDGE('',*,*,#2069,.F.);
#2906=ORIENTED_EDGE('',*,*,#1919,.T.);
#2907=ORIENTED_EDGE('',*,*,#1930,.F.);
#2908=ORIENTED_EDGE('',*,*,#2089,.F.);
#2909=ORIENTED_EDGE('',*,*,#1911,.T.);
#2910=ORIENTED_EDGE('',*,*,#1934,.F.);
#2911=ORIENTED_EDGE('',*,*,#1938,.T.);
#2912=ORIENTED_EDGE('',*,*,#1697,.F.);
#2913=ORIENTED_EDGE('',*,*,#1937,.T.);
#2914=ORIENTED_EDGE('',*,*,#1686,.F.);
#2915=ORIENTED_EDGE('',*,*,#2102,.T.);
#2916=ORIENTED_EDGE('',*,*,#1787,.T.);
#2917=ORIENTED_EDGE('',*,*,#2102,.F.);
#2918=ORIENTED_EDGE('',*,*,#1805,.T.);
#2919=ORIENTED_EDGE('',*,*,#1812,.F.);
#2920=ORIENTED_EDGE('',*,*,#1826,.F.);
#2921=ORIENTED_EDGE('',*,*,#1827,.T.);
#2922=ORIENTED_EDGE('',*,*,#1791,.T.);
#2923=ORIENTED_EDGE('',*,*,#1794,.F.);
#2924=ORIENTED_EDGE('',*,*,#1687,.F.);
#2925=ORIENTED_EDGE('',*,*,#2103,.T.);
#2926=ORIENTED_EDGE('',*,*,#1788,.T.);
#2927=ORIENTED_EDGE('',*,*,#2103,.F.);
#2928=ORIENTED_EDGE('',*,*,#1690,.F.);
#2929=ORIENTED_EDGE('',*,*,#1795,.T.);
#2930=ORIENTED_EDGE('',*,*,#1691,.F.);
#2931=ORIENTED_EDGE('',*,*,#2104,.T.);
#2932=ORIENTED_EDGE('',*,*,#1792,.T.);
#2933=ORIENTED_EDGE('',*,*,#2104,.F.);
#2934=ORIENTED_EDGE('',*,*,#2090,.F.);
#2935=ORIENTED_EDGE('',*,*,#1928,.F.);
#2936=ORIENTED_EDGE('',*,*,#1904,.T.);
#2937=ORIENTED_EDGE('',*,*,#2088,.F.);
#2938=ORIENTED_EDGE('',*,*,#2074,.T.);
#2939=ORIENTED_EDGE('',*,*,#1906,.F.);
#2940=ORIENTED_EDGE('',*,*,#1927,.T.);
#2941=ORIENTED_EDGE('',*,*,#2083,.F.);
#2942=ORIENTED_EDGE('',*,*,#1990,.T.);
#2943=ORIENTED_EDGE('',*,*,#1877,.F.);
#2944=ORIENTED_EDGE('',*,*,#2086,.F.);
#2945=ORIENTED_EDGE('',*,*,#2081,.T.);
#2946=ORIENTED_EDGE('',*,*,#2031,.T.);
#2947=ORIENTED_EDGE('',*,*,#2022,.F.);
#2948=ORIENTED_EDGE('',*,*,#2075,.T.);
#2949=ORIENTED_EDGE('',*,*,#2105,.T.);
#2950=ORIENTED_EDGE('',*,*,#1931,.T.);
#2951=ORIENTED_EDGE('',*,*,#2105,.F.);
#2952=ORIENTED_EDGE('',*,*,#1914,.T.);
#2953=ORIENTED_EDGE('',*,*,#2106,.T.);
#2954=ORIENTED_EDGE('',*,*,#1932,.T.);
#2955=ORIENTED_EDGE('',*,*,#2106,.F.);
#2956=ORIENTED_EDGE('',*,*,#1683,.T.);
#2957=ORIENTED_EDGE('',*,*,#2107,.T.);
#2958=ORIENTED_EDGE('',*,*,#2108,.T.);
#2959=ORIENTED_EDGE('',*,*,#1975,.T.);
#2960=ORIENTED_EDGE('',*,*,#2078,.T.);
#2961=ORIENTED_EDGE('',*,*,#2109,.T.);
#2962=ORIENTED_EDGE('',*,*,#1868,.T.);
#2963=ORIENTED_EDGE('',*,*,#2109,.F.);
#2964=ORIENTED_EDGE('',*,*,#2082,.T.);
#2965=ORIENTED_EDGE('',*,*,#2110,.T.);
#2966=ORIENTED_EDGE('',*,*,#1882,.T.);
#2967=ORIENTED_EDGE('',*,*,#2110,.F.);
#2968=ORIENTED_EDGE('',*,*,#2111,.F.);
#2969=ORIENTED_EDGE('',*,*,#2112,.F.);
#2970=ORIENTED_EDGE('',*,*,#2113,.F.);
#2971=ORIENTED_EDGE('',*,*,#1972,.T.);
#2972=ORIENTED_EDGE('',*,*,#2114,.T.);
#2973=ORIENTED_EDGE('',*,*,#2112,.T.);
#2974=ORIENTED_EDGE('',*,*,#2115,.T.);
#2975=ORIENTED_EDGE('',*,*,#2116,.F.);
#2976=ORIENTED_EDGE('',*,*,#2117,.F.);
#2977=ORIENTED_EDGE('',*,*,#2118,.F.);
#2978=ORIENTED_EDGE('',*,*,#1970,.T.);
#2979=ORIENTED_EDGE('',*,*,#2119,.T.);
#2980=ORIENTED_EDGE('',*,*,#2117,.T.);
#2981=ORIENTED_EDGE('',*,*,#2120,.T.);
#2982=ORIENTED_EDGE('',*,*,#2121,.F.);
#2983=ORIENTED_EDGE('',*,*,#2122,.F.);
#2984=ORIENTED_EDGE('',*,*,#2123,.F.);
#2985=ORIENTED_EDGE('',*,*,#2124,.F.);
#2986=ORIENTED_EDGE('',*,*,#2125,.F.);
#2987=ORIENTED_EDGE('',*,*,#2107,.F.);
#2988=ORIENTED_EDGE('',*,*,#2125,.T.);
#2989=ORIENTED_EDGE('',*,*,#2126,.T.);
#2990=ORIENTED_EDGE('',*,*,#2118,.T.);
#2991=ORIENTED_EDGE('',*,*,#2127,.T.);
#2992=ORIENTED_EDGE('',*,*,#2122,.T.);
#2993=ORIENTED_EDGE('',*,*,#2128,.T.);
#2994=ORIENTED_EDGE('',*,*,#2124,.T.);
#2995=ORIENTED_EDGE('',*,*,#1682,.T.);
#2996=ORIENTED_EDGE('',*,*,#1681,.T.);
#2997=ORIENTED_EDGE('',*,*,#1974,.T.);
#2998=ORIENTED_EDGE('',*,*,#2129,.T.);
#2999=ORIENTED_EDGE('',*,*,#2123,.T.);
#3000=ORIENTED_EDGE('',*,*,#2121,.T.);
#3001=ORIENTED_EDGE('',*,*,#2130,.T.);
#3002=ORIENTED_EDGE('',*,*,#2111,.T.);
#3003=ORIENTED_EDGE('',*,*,#2131,.T.);
#3004=ORIENTED_EDGE('',*,*,#2116,.T.);
#3005=ORIENTED_EDGE('',*,*,#2132,.T.);
#3006=ORIENTED_EDGE('',*,*,#2113,.T.);
#3007=ORIENTED_EDGE('',*,*,#2133,.T.);
#3008=ORIENTED_EDGE('',*,*,#2120,.F.);
#3009=ORIENTED_EDGE('',*,*,#2133,.F.);
#3010=ORIENTED_EDGE('',*,*,#2114,.F.);
#3011=ORIENTED_EDGE('',*,*,#1971,.T.);
#3012=ORIENTED_EDGE('',*,*,#2115,.F.);
#3013=ORIENTED_EDGE('',*,*,#2130,.F.);
#3014=ORIENTED_EDGE('',*,*,#2129,.F.);
#3015=ORIENTED_EDGE('',*,*,#1973,.T.);
#3016=ORIENTED_EDGE('',*,*,#2126,.F.);
#3017=ORIENTED_EDGE('',*,*,#2128,.F.);
#3018=ORIENTED_EDGE('',*,*,#2131,.F.);
#3019=ORIENTED_EDGE('',*,*,#2132,.F.);
#3020=ORIENTED_EDGE('',*,*,#2097,.T.);
#3021=ORIENTED_EDGE('',*,*,#2099,.F.);
#3022=ORIENTED_EDGE('',*,*,#2134,.T.);
#3023=ORIENTED_EDGE('',*,*,#2135,.F.);
#3024=ORIENTED_EDGE('',*,*,#2136,.T.);
#3025=ORIENTED_EDGE('',*,*,#2137,.F.);
#3026=ORIENTED_EDGE('',*,*,#2092,.T.);
#3027=ORIENTED_EDGE('',*,*,#2095,.F.);
#3028=ORIENTED_EDGE('',*,*,#1841,.T.);
#3029=ORIENTED_EDGE('',*,*,#2093,.T.);
#3030=ORIENTED_EDGE('',*,*,#2137,.T.);
#3031=ORIENTED_EDGE('',*,*,#2138,.T.);
#3032=ORIENTED_EDGE('',*,*,#1843,.T.);
#3033=ORIENTED_EDGE('',*,*,#2139,.T.);
#3034=ORIENTED_EDGE('',*,*,#2135,.T.);
#3035=ORIENTED_EDGE('',*,*,#2140,.T.);
#3036=ORIENTED_EDGE('',*,*,#1842,.T.);
#3037=ORIENTED_EDGE('',*,*,#2138,.F.);
#3038=ORIENTED_EDGE('',*,*,#2136,.F.);
#3039=ORIENTED_EDGE('',*,*,#2139,.F.);
#3040=ORIENTED_EDGE('',*,*,#2030,.F.);
#3041=ORIENTED_EDGE('',*,*,#2033,.F.);
#3042=ORIENTED_EDGE('',*,*,#2025,.F.);
#3043=ORIENTED_EDGE('',*,*,#2071,.T.);
#3044=ORIENTED_EDGE('',*,*,#1909,.F.);
#3045=ORIENTED_EDGE('',*,*,#1846,.F.);
#3046=ORIENTED_EDGE('',*,*,#1830,.T.);
#3047=ORIENTED_EDGE('',*,*,#2077,.T.);
#3048=ORIENTED_EDGE('',*,*,#2084,.T.);
#3049=ORIENTED_EDGE('',*,*,#2066,.T.);
#3050=ORIENTED_EDGE('',*,*,#2101,.T.);
#3051=ORIENTED_EDGE('',*,*,#1910,.T.);
#3052=ORIENTED_EDGE('',*,*,#1893,.T.);
#3053=ORIENTED_EDGE('',*,*,#2017,.F.);
#3054=ORIENTED_EDGE('',*,*,#1848,.F.);
#3055=ORIENTED_EDGE('',*,*,#1908,.T.);
#3056=ORIENTED_EDGE('',*,*,#2073,.T.);
#3057=ORIENTED_EDGE('',*,*,#2062,.F.);
#3058=ORIENTED_EDGE('',*,*,#2020,.F.);
#3059=ORIENTED_EDGE('',*,*,#1844,.T.);
#3060=ORIENTED_EDGE('',*,*,#2140,.F.);
#3061=ORIENTED_EDGE('',*,*,#2134,.F.);
#3062=ORIENTED_EDGE('',*,*,#2098,.F.);
#3063=ORIENTED_EDGE('',*,*,#2119,.F.);
#3064=ORIENTED_EDGE('',*,*,#1976,.T.);
#3065=ORIENTED_EDGE('',*,*,#2108,.F.);
#3066=ORIENTED_EDGE('',*,*,#2127,.F.);
#3067=CONICAL_SURFACE('',#3282,5.90000000000001,0.785398163397448);
#3068=CONICAL_SURFACE('',#3295,1.5,0.78539816339745);
#3069=CONICAL_SURFACE('',#3299,1.5,0.78539816339745);
#3070=CONICAL_SURFACE('',#3304,1.5,0.785398163397451);
#3071=CONICAL_SURFACE('',#3308,1.5,0.78539816339745);
#3072=CONICAL_SURFACE('',#3313,1.5,0.785398163397449);
#3073=CONICAL_SURFACE('',#3317,1.5,0.785398163397449);
#3074=CONICAL_SURFACE('',#3323,1.5,0.78539816339745);
#3075=CONICAL_SURFACE('',#3327,1.5,0.785398163397449);
#3076=CONICAL_SURFACE('',#3330,1.,0.785398163397451);
#3077=CONICAL_SURFACE('',#3332,1.,0.78539816339745);
#3078=CONICAL_SURFACE('',#3334,1.,0.78539816339745);
#3079=CONICAL_SURFACE('',#3336,1.,0.78539816339745);
#3080=CONICAL_SURFACE('',#3361,1.7,0.78539816339745);
#3081=CONICAL_SURFACE('',#3364,1.7,0.785398163397451);
#3082=CONICAL_SURFACE('',#3367,1.8,0.785398163397459);
#3083=CONICAL_SURFACE('',#3369,1.8,0.785398163397459);
#3084=CONICAL_SURFACE('',#3405,3.85000000000001,0.785398163397448);
#3085=CONICAL_SURFACE('',#3410,5.50000000000002,0.785398163397447);
#3086=CONICAL_SURFACE('',#3414,5.5,0.785398163397447);
#3087=CONICAL_SURFACE('',#3418,5.5,0.785398163397447);
#3088=CONICAL_SURFACE('',#3422,5.50000000000002,0.785398163397447);
#3089=CONICAL_SURFACE('',#3436,2.65,0.785398163397447);
#3090=CONICAL_SURFACE('',#3451,2.65,0.785398163397447);
#3091=CONICAL_SURFACE('',#3455,2.65,0.785398163397447);
#3092=CONICAL_SURFACE('',#3459,2.65,0.785398163397447);
#3093=ADVANCED_FACE('',(#203),#3067,.T.);
#3094=ADVANCED_FACE('',(#204,#68,#69,#70,#71,#72,#73,#74),#100,.T.);
#3095=ADVANCED_FACE('',(#205,#75),#101,.T.);
#3096=ADVANCED_FACE('',(#206),#102,.T.);
#3097=ADVANCED_FACE('',(#207),#3068,.F.);
#3098=ADVANCED_FACE('',(#208),#103,.T.);
#3099=ADVANCED_FACE('',(#209),#3069,.F.);
#3100=ADVANCED_FACE('',(#210),#104,.T.);
#3101=ADVANCED_FACE('',(#211),#105,.T.);
#3102=ADVANCED_FACE('',(#212),#3070,.F.);
#3103=ADVANCED_FACE('',(#213),#106,.T.);
#3104=ADVANCED_FACE('',(#214),#3071,.F.);
#3105=ADVANCED_FACE('',(#215),#107,.T.);
#3106=ADVANCED_FACE('',(#216),#108,.T.);
#3107=ADVANCED_FACE('',(#217),#3072,.F.);
#3108=ADVANCED_FACE('',(#218),#109,.T.);
#3109=ADVANCED_FACE('',(#219),#3073,.F.);
#3110=ADVANCED_FACE('',(#220),#110,.T.);
#3111=ADVANCED_FACE('',(#221),#111,.T.);
#3112=ADVANCED_FACE('',(#222),#112,.T.);
#3113=ADVANCED_FACE('',(#223),#3074,.F.);
#3114=ADVANCED_FACE('',(#224),#113,.T.);
#3115=ADVANCED_FACE('',(#225),#3075,.F.);
#3116=ADVANCED_FACE('',(#226),#3076,.T.);
#3117=ADVANCED_FACE('',(#227),#3077,.T.);
#3118=ADVANCED_FACE('',(#228),#3078,.T.);
#3119=ADVANCED_FACE('',(#229),#3079,.T.);
#3120=ADVANCED_FACE('',(#230,#76,#77,#78),#114,.F.);
#3121=ADVANCED_FACE('',(#231,#79,#80,#81),#115,.T.);
#3122=ADVANCED_FACE('',(#232),#116,.F.);
#3123=ADVANCED_FACE('',(#233),#117,.F.);
#3124=ADVANCED_FACE('',(#234),#118,.F.);
#3125=ADVANCED_FACE('',(#235),#27,.F.);
#3126=ADVANCED_FACE('',(#236),#119,.F.);
#3127=ADVANCED_FACE('',(#237),#28,.F.);
#3128=ADVANCED_FACE('',(#238,#82,#83,#84),#120,.T.);
#3129=ADVANCED_FACE('',(#239),#121,.F.);
#3130=ADVANCED_FACE('',(#240),#29,.F.);
#3131=ADVANCED_FACE('',(#241),#3080,.F.);
#3132=ADVANCED_FACE('',(#242),#30,.F.);
#3133=ADVANCED_FACE('',(#243),#3081,.F.);
#3134=ADVANCED_FACE('',(#244),#31,.F.);
#3135=ADVANCED_FACE('',(#245),#3082,.F.);
#3136=ADVANCED_FACE('',(#246),#122,.T.);
#3137=ADVANCED_FACE('',(#247),#3083,.F.);
#3138=ADVANCED_FACE('',(#248),#123,.T.);
#3139=ADVANCED_FACE('',(#249),#124,.F.);
#3140=ADVANCED_FACE('',(#250),#125,.F.);
#3141=ADVANCED_FACE('',(#251,#85),#126,.F.);
#3142=ADVANCED_FACE('',(#252),#127,.F.);
#3143=ADVANCED_FACE('',(#253),#128,.F.);
#3144=ADVANCED_FACE('',(#254),#129,.T.);
#3145=ADVANCED_FACE('',(#255,#86),#130,.T.);
#3146=ADVANCED_FACE('',(#256),#21,.T.);
#3147=ADVANCED_FACE('',(#257),#131,.F.);
#3148=ADVANCED_FACE('',(#258),#132,.F.);
#3149=ADVANCED_FACE('',(#259,#87),#133,.F.);
#3150=ADVANCED_FACE('',(#260),#134,.F.);
#3151=ADVANCED_FACE('',(#261),#135,.T.);
#3152=ADVANCED_FACE('',(#262),#136,.F.);
#3153=ADVANCED_FACE('',(#263),#137,.F.);
#3154=ADVANCED_FACE('',(#264),#138,.F.);
#3155=ADVANCED_FACE('',(#265),#139,.T.);
#3156=ADVANCED_FACE('',(#266,#88),#140,.T.);
#3157=ADVANCED_FACE('',(#267),#141,.F.);
#3158=ADVANCED_FACE('',(#268),#142,.F.);
#3159=ADVANCED_FACE('',(#269,#89,#90),#143,.F.);
#3160=ADVANCED_FACE('',(#270),#3084,.F.);
#3161=ADVANCED_FACE('',(#271),#144,.T.);
#3162=ADVANCED_FACE('',(#272),#145,.T.);
#3163=ADVANCED_FACE('',(#273),#146,.T.);
#3164=ADVANCED_FACE('',(#274),#3085,.F.);
#3165=ADVANCED_FACE('',(#275),#147,.T.);
#3166=ADVANCED_FACE('',(#276),#3086,.F.);
#3167=ADVANCED_FACE('',(#277),#148,.T.);
#3168=ADVANCED_FACE('',(#278),#3087,.F.);
#3169=ADVANCED_FACE('',(#279),#149,.T.);
#3170=ADVANCED_FACE('',(#280),#3088,.F.);
#3171=ADVANCED_FACE('',(#281),#32,.F.);
#3172=ADVANCED_FACE('',(#282),#150,.F.);
#3173=ADVANCED_FACE('',(#283),#33,.F.);
#3174=ADVANCED_FACE('',(#284),#151,.F.);
#3175=ADVANCED_FACE('',(#285,#91),#152,.F.);
#3176=ADVANCED_FACE('',(#286),#3089,.F.);
#3177=ADVANCED_FACE('',(#287,#92,#93,#94,#95),#153,.T.);
#3178=ADVANCED_FACE('',(#288),#34,.F.);
#3179=ADVANCED_FACE('',(#289),#3090,.F.);
#3180=ADVANCED_FACE('',(#290),#35,.F.);
#3181=ADVANCED_FACE('',(#291),#3091,.F.);
#3182=ADVANCED_FACE('',(#292),#36,.F.);
#3183=ADVANCED_FACE('',(#293),#3092,.F.);
#3184=ADVANCED_FACE('',(#294),#37,.F.);
#3185=ADVANCED_FACE('',(#295),#154,.T.);
#3186=ADVANCED_FACE('',(#296),#155,.T.);
#3187=ADVANCED_FACE('',(#297),#156,.T.);
#3188=ADVANCED_FACE('',(#298),#157,.T.);
#3189=ADVANCED_FACE('',(#299),#38,.T.);
#3190=ADVANCED_FACE('',(#300),#158,.T.);
#3191=ADVANCED_FACE('',(#301),#159,.T.);
#3192=ADVANCED_FACE('',(#302),#39,.T.);
#3193=ADVANCED_FACE('',(#303),#160,.T.);
#3194=ADVANCED_FACE('',(#304),#161,.T.);
#3195=ADVANCED_FACE('',(#305),#162,.T.);
#3196=ADVANCED_FACE('',(#306),#40,.F.);
#3197=ADVANCED_FACE('',(#307),#163,.T.);
#3198=ADVANCED_FACE('',(#308),#41,.T.);
#3199=ADVANCED_FACE('',(#309),#164,.T.);
#3200=ADVANCED_FACE('',(#310),#165,.F.);
#3201=ADVANCED_FACE('',(#311),#42,.T.);
#3202=ADVANCED_FACE('',(#312),#166,.T.);
#3203=ADVANCED_FACE('',(#313),#43,.F.);
#3204=ADVANCED_FACE('',(#314),#167,.F.);
#3205=ADVANCED_FACE('',(#315),#168,.T.);
#3206=ADVANCED_FACE('',(#316),#169,.T.);
#3207=ADVANCED_FACE('',(#317),#44,.F.);
#3208=ADVANCED_FACE('',(#318),#170,.F.);
#3209=ADVANCED_FACE('',(#319),#171,.T.);
#3210=ADVANCED_FACE('',(#320),#45,.F.);
#3211=ADVANCED_FACE('',(#321),#46,.F.);
#3212=ADVANCED_FACE('',(#322),#172,.F.);
#3213=ADVANCED_FACE('',(#323),#173,.T.);
#3214=ADVANCED_FACE('',(#324),#174,.F.);
#3215=ADVANCED_FACE('',(#325),#175,.T.);
#3216=ADVANCED_FACE('',(#326,#96),#176,.T.);
#3217=ADVANCED_FACE('',(#327,#97),#177,.T.);
#3218=ADVANCED_FACE('',(#328,#98),#178,.T.);
#3219=ADVANCED_FACE('',(#329),#179,.T.);
#3220=ADVANCED_FACE('',(#330),#180,.T.);
#3221=ADVANCED_FACE('',(#331),#181,.T.);
#3222=ADVANCED_FACE('',(#332),#182,.T.);
#3223=ADVANCED_FACE('',(#333),#183,.T.);
#3224=ADVANCED_FACE('',(#334),#184,.T.);
#3225=ADVANCED_FACE('',(#335),#185,.F.);
#3226=ADVANCED_FACE('',(#336),#47,.F.);
#3227=ADVANCED_FACE('',(#337),#186,.F.);
#3228=ADVANCED_FACE('',(#338),#48,.F.);
#3229=ADVANCED_FACE('',(#339),#49,.F.);
#3230=ADVANCED_FACE('',(#340),#187,.F.);
#3231=ADVANCED_FACE('',(#341),#188,.T.);
#3232=ADVANCED_FACE('',(#342),#50,.F.);
#3233=ADVANCED_FACE('',(#343),#51,.F.);
#3234=ADVANCED_FACE('',(#344),#52,.F.);
#3235=ADVANCED_FACE('',(#345),#189,.F.);
#3236=ADVANCED_FACE('',(#346),#190,.F.);
#3237=ADVANCED_FACE('',(#347),#53,.F.);
#3238=ADVANCED_FACE('',(#348),#191,.F.);
#3239=ADVANCED_FACE('',(#349),#192,.T.);
#3240=ADVANCED_FACE('',(#350),#193,.T.);
#3241=ADVANCED_FACE('',(#351),#54,.F.);
#3242=ADVANCED_FACE('',(#352),#55,.F.);
#3243=ADVANCED_FACE('',(#353),#56,.T.);
#3244=ADVANCED_FACE('',(#354),#57,.F.);
#3245=ADVANCED_FACE('',(#355),#58,.F.);
#3246=ADVANCED_FACE('',(#356),#15,.T.);
#3247=ADVANCED_FACE('',(#357),#59,.T.);
#3248=ADVANCED_FACE('',(#358),#16,.T.);
#3249=ADVANCED_FACE('',(#359),#60,.T.);
#3250=ADVANCED_FACE('',(#360),#17,.T.);
#3251=ADVANCED_FACE('',(#361),#18,.T.);
#3252=ADVANCED_FACE('',(#362),#61,.T.);
#3253=ADVANCED_FACE('',(#363),#62,.T.);
#3254=ADVANCED_FACE('',(#364),#63,.T.);
#3255=ADVANCED_FACE('',(#365),#64,.T.);
#3256=ADVANCED_FACE('',(#366),#65,.T.);
#3257=ADVANCED_FACE('',(#367),#194,.T.);
#3258=ADVANCED_FACE('',(#368),#195,.T.);
#3259=ADVANCED_FACE('',(#369,#99),#196,.T.);
#3260=ADVANCED_FACE('',(#370),#66,.F.);
#3261=ADVANCED_FACE('',(#371),#67,.F.);
#3262=ADVANCED_FACE('',(#372),#197,.F.);
#3263=ADVANCED_FACE('',(#373),#198,.T.);
#3264=ADVANCED_FACE('',(#374),#199,.T.);
#3265=ADVANCED_FACE('',(#375),#200,.T.);
#3266=ADVANCED_FACE('',(#376),#201,.F.);
#3267=ADVANCED_FACE('',(#377),#202,.T.);
#3268=CLOSED_SHELL('',(#3093,#3094,#3095,#3096,#3097,#3098,#3099,#3100,
#3101,#3102,#3103,#3104,#3105,#3106,#3107,#3108,#3109,#3110,#3111,#3112,
#3113,#3114,#3115,#3116,#3117,#3118,#3119,#3120,#3121,#3122,#3123,#3124,
#3125,#3126,#3127,#3128,#3129,#3130,#3131,#3132,#3133,#3134,#3135,#3136,
#3137,#3138,#3139,#3140,#3141,#3142,#3143,#3144,#3145,#3146,#3147,#3148,
#3149,#3150,#3151,#3152,#3153,#3154,#3155,#3156,#3157,#3158,#3159,#3160,
#3161,#3162,#3163,#3164,#3165,#3166,#3167,#3168,#3169,#3170,#3171,#3172,
#3173,#3174,#3175,#3176,#3177,#3178,#3179,#3180,#3181,#3182,#3183,#3184,
#3185,#3186,#3187,#3188,#3189,#3190,#3191,#3192,#3193,#3194,#3195,#3196,
#3197,#3198,#3199,#3200,#3201,#3202,#3203,#3204,#3205,#3206,#3207,#3208,
#3209,#3210,#3211,#3212,#3213,#3214,#3215,#3216,#3217,#3218,#3219,#3220,
#3221,#3222,#3223,#3224,#3225,#3226,#3227,#3228,#3229,#3230,#3231,#3232,
#3233,#3234,#3235,#3236,#3237,#3238,#3239,#3240,#3241,#3242,#3243,#3244,
#3245,#3246,#3247,#3248,#3249,#3250,#3251,#3252,#3253,#3254,#3255,#3256,
#3257,#3258,#3259,#3260,#3261,#3262,#3263,#3264,#3265,#3266,#3267));
#3269=DERIVED_UNIT_ELEMENT(#3271,1.);
#3270=DERIVED_UNIT_ELEMENT(#5458,-3.);
#3271=(
MASS_UNIT()
NAMED_UNIT(*)
SI_UNIT(.KILO.,.GRAM.)
);
#3272=DERIVED_UNIT((#3269,#3270));
#3273=MEASURE_REPRESENTATION_ITEM('density measure',
POSITIVE_RATIO_MEASURE(7850.),#3272);
#3274=PROPERTY_DEFINITION_REPRESENTATION(#3279,#3276);
#3275=PROPERTY_DEFINITION_REPRESENTATION(#3280,#3277);
#3276=REPRESENTATION('material name',(#3278),#5455);
#3277=REPRESENTATION('density',(#3273),#5455);
#3278=DESCRIPTIVE_REPRESENTATION_ITEM('Steel','Steel');
#3279=PROPERTY_DEFINITION('material property','material name',#5465);
#3280=PROPERTY_DEFINITION('material property','density of part',#5465);
#3281=AXIS2_PLACEMENT_3D('',#4507,#3576,#3577);
#3282=AXIS2_PLACEMENT_3D('',#4508,#3578,#3579);
#3283=AXIS2_PLACEMENT_3D('',#4510,#3580,#3581);
#3284=AXIS2_PLACEMENT_3D('',#4513,#3583,#3584);
#3285=AXIS2_PLACEMENT_3D('',#4514,#3585,#3586);
#3286=AXIS2_PLACEMENT_3D('',#4524,#3591,#3592);
#3287=AXIS2_PLACEMENT_3D('',#4526,#3593,#3594);
#3288=AXIS2_PLACEMENT_3D('',#4536,#3599,#3600);
#3289=AXIS2_PLACEMENT_3D('',#4539,#3601,#3602);
#3290=AXIS2_PLACEMENT_3D('',#4543,#3604,#3605);
#3291=AXIS2_PLACEMENT_3D('',#4546,#3607,#3608);
#3292=AXIS2_PLACEMENT_3D('',#4547,#3609,#3610);
#3293=AXIS2_PLACEMENT_3D('',#4550,#3611,#3612);
#3294=AXIS2_PLACEMENT_3D('',#4552,#3614,#3615);
#3295=AXIS2_PLACEMENT_3D('',#4561,#3620,#3621);
#3296=AXIS2_PLACEMENT_3D('',#4563,#3622,#3623);
#3297=AXIS2_PLACEMENT_3D('',#4566,#3625,#3626);
#3298=AXIS2_PLACEMENT_3D('',#4567,#3627,#3628);
#3299=AXIS2_PLACEMENT_3D('',#4573,#3632,#3633);
#3300=AXIS2_PLACEMENT_3D('',#4575,#3634,#3635);
#3301=AXIS2_PLACEMENT_3D('',#4578,#3637,#3638);
#3302=AXIS2_PLACEMENT_3D('',#4579,#3639,#3640);
#3303=AXIS2_PLACEMENT_3D('',#4585,#3644,#3645);
#3304=AXIS2_PLACEMENT_3D('',#4594,#3650,#3651);
#3305=AXIS2_PLACEMENT_3D('',#4596,#3652,#3653);
#3306=AXIS2_PLACEMENT_3D('',#4599,#3655,#3656);
#3307=AXIS2_PLACEMENT_3D('',#4600,#3657,#3658);
#3308=AXIS2_PLACEMENT_3D('',#4606,#3662,#3663);
#3309=AXIS2_PLACEMENT_3D('',#4608,#3664,#3665);
#3310=AXIS2_PLACEMENT_3D('',#4611,#3667,#3668);
#3311=AXIS2_PLACEMENT_3D('',#4612,#3669,#3670);
#3312=AXIS2_PLACEMENT_3D('',#4617,#3674,#3675);
#3313=AXIS2_PLACEMENT_3D('',#4626,#3680,#3681);
#3314=AXIS2_PLACEMENT_3D('',#4628,#3682,#3683);
#3315=AXIS2_PLACEMENT_3D('',#4631,#3685,#3686);
#3316=AXIS2_PLACEMENT_3D('',#4632,#3687,#3688);
#3317=AXIS2_PLACEMENT_3D('',#4638,#3692,#3693);
#3318=AXIS2_PLACEMENT_3D('',#4640,#3694,#3695);
#3319=AXIS2_PLACEMENT_3D('',#4643,#3697,#3698);
#3320=AXIS2_PLACEMENT_3D('',#4644,#3699,#3700);
#3321=AXIS2_PLACEMENT_3D('',#4649,#3704,#3705);
#3322=AXIS2_PLACEMENT_3D('',#4657,#3710,#3711);
#3323=AXIS2_PLACEMENT_3D('',#4665,#3716,#3717);
#3324=AXIS2_PLACEMENT_3D('',#4667,#3718,#3719);
#3325=AXIS2_PLACEMENT_3D('',#4670,#3721,#3722);
#3326=AXIS2_PLACEMENT_3D('',#4671,#3723,#3724);
#3327=AXIS2_PLACEMENT_3D('',#4677,#3728,#3729);
#3328=AXIS2_PLACEMENT_3D('',#4678,#3730,#3731);
#3329=AXIS2_PLACEMENT_3D('',#4679,#3732,#3733);
#3330=AXIS2_PLACEMENT_3D('',#4680,#3734,#3735);
#3331=AXIS2_PLACEMENT_3D('',#4681,#3736,#3737);
#3332=AXIS2_PLACEMENT_3D('',#4682,#3738,#3739);
#3333=AXIS2_PLACEMENT_3D('',#4683,#3740,#3741);
#3334=AXIS2_PLACEMENT_3D('',#4684,#3742,#3743);
#3335=AXIS2_PLACEMENT_3D('',#4685,#3744,#3745);
#3336=AXIS2_PLACEMENT_3D('',#4686,#3746,#3747);
#3337=AXIS2_PLACEMENT_3D('',#4687,#3748,#3749);
#3338=AXIS2_PLACEMENT_3D('',#4688,#3750,#3751);
#3339=AXIS2_PLACEMENT_3D('',#4721,#3767,#3768);
#3340=AXIS2_PLACEMENT_3D('',#4724,#3770,#3771);
#3341=AXIS2_PLACEMENT_3D('',#4727,#3772,#3773);
#3342=AXIS2_PLACEMENT_3D('',#4729,#3775,#3776);
#3343=AXIS2_PLACEMENT_3D('',#4731,#3777,#3778);
#3344=AXIS2_PLACEMENT_3D('',#4741,#3783,#3784);
#3345=AXIS2_PLACEMENT_3D('',#4742,#3785,#3786);
#3346=AXIS2_PLACEMENT_3D('',#4745,#3789,#3790);
#3347=AXIS2_PLACEMENT_3D('',#4747,#3792,#3793);
#3348=AXIS2_PLACEMENT_3D('',#4753,#3797,#3798);
#3349=AXIS2_PLACEMENT_3D('',#4756,#3800,#3801);
#3350=AXIS2_PLACEMENT_3D('',#4757,#3802,#3803);
#3351=AXIS2_PLACEMENT_3D('',#4761,#3806,#3807);
#3352=AXIS2_PLACEMENT_3D('',#4762,#3808,#3809);
#3353=AXIS2_PLACEMENT_3D('',#4763,#3810,#3811);
#3354=AXIS2_PLACEMENT_3D('',#4765,#3812,#3813);
#3355=AXIS2_PLACEMENT_3D('',#4768,#3814,#3815);
#3356=AXIS2_PLACEMENT_3D('',#4772,#3817,#3818);
#3357=AXIS2_PLACEMENT_3D('',#4775,#3820,#3821);
#3358=AXIS2_PLACEMENT_3D('',#4776,#3822,#3823);
#3359=AXIS2_PLACEMENT_3D('',#4782,#3827,#3828);
#3360=AXIS2_PLACEMENT_3D('',#4785,#3830,#3831);
#3361=AXIS2_PLACEMENT_3D('',#4786,#3832,#3833);
#3362=AXIS2_PLACEMENT_3D('',#4789,#3835,#3836);
#3363=AXIS2_PLACEMENT_3D('',#4790,#3837,#3838);
#3364=AXIS2_PLACEMENT_3D('',#4792,#3840,#3841);
#3365=AXIS2_PLACEMENT_3D('',#4795,#3843,#3844);
#3366=AXIS2_PLACEMENT_3D('',#4796,#3845,#3846);
#3367=AXIS2_PLACEMENT_3D('',#4798,#3848,#3849);
#3368=AXIS2_PLACEMENT_3D('',#4801,#3852,#3853);
#3369=AXIS2_PLACEMENT_3D('',#4805,#3856,#3857);
#3370=AXIS2_PLACEMENT_3D('',#4807,#3859,#3860);
#3371=AXIS2_PLACEMENT_3D('',#4808,#3861,#3862);
#3372=AXIS2_PLACEMENT_3D('',#4809,#3863,#3864);
#3373=AXIS2_PLACEMENT_3D('',#4811,#3866,#3867);
#3374=AXIS2_PLACEMENT_3D('',#4830,#3877,#3878);
#3375=AXIS2_PLACEMENT_3D('',#4833,#3879,#3880);
#3376=AXIS2_PLACEMENT_3D('',#4837,#3882,#3883);
#3377=AXIS2_PLACEMENT_3D('',#4841,#3885,#3886);
#3378=AXIS2_PLACEMENT_3D('',#4845,#3888,#3889);
#3379=AXIS2_PLACEMENT_3D('',#4856,#3895,#3896);
#3380=AXIS2_PLACEMENT_3D('',#4859,#3898,#3899);
#3381=AXIS2_PLACEMENT_3D('',#4860,#3900,#3901);
#3382=AXIS2_PLACEMENT_3D('',#4869,#3906,#3907);
#3383=AXIS2_PLACEMENT_3D('',#4873,#3910,#3911);
#3384=AXIS2_PLACEMENT_3D('',#4881,#3916,#3917);
#3385=AXIS2_PLACEMENT_3D('',#4888,#3921,#3922);
#3386=AXIS2_PLACEMENT_3D('',#4893,#3925,#3926);
#3387=AXIS2_PLACEMENT_3D('',#4901,#3927,#3928);
#3388=AXIS2_PLACEMENT_3D('',#4904,#3931,#3932);
#3389=AXIS2_PLACEMENT_3D('',#4906,#3934,#3935);
#3390=AXIS2_PLACEMENT_3D('',#4910,#3938,#3939);
#3391=AXIS2_PLACEMENT_3D('',#4925,#3947,#3948);
#3392=AXIS2_PLACEMENT_3D('',#4926,#3949,#3950);
#3393=AXIS2_PLACEMENT_3D('',#4928,#3952,#3953);
#3394=AXIS2_PLACEMENT_3D('',#4937,#3958,#3959);
#3395=AXIS2_PLACEMENT_3D('',#4947,#3965,#3966);
#3396=AXIS2_PLACEMENT_3D('',#4957,#3972,#3973);
#3397=AXIS2_PLACEMENT_3D('',#4963,#3977,#3978);
#3398=AXIS2_PLACEMENT_3D('',#4980,#3988,#3989);
#3399=AXIS2_PLACEMENT_3D('',#4989,#3994,#3995);
#3400=AXIS2_PLACEMENT_3D('',#4990,#3996,#3997);
#3401=AXIS2_PLACEMENT_3D('',#4996,#4001,#4002);
#3402=AXIS2_PLACEMENT_3D('',#5002,#4006,#4007);
#3403=AXIS2_PLACEMENT_3D('',#5022,#4018,#4019);
#3404=AXIS2_PLACEMENT_3D('',#5024,#4020,#4021);
#3405=AXIS2_PLACEMENT_3D('',#5025,#4022,#4023);
#3406=AXIS2_PLACEMENT_3D('',#5032,#4024,#4025);
#3407=AXIS2_PLACEMENT_3D('',#5037,#4026,#4027);
#3408=AXIS2_PLACEMENT_3D('',#5039,#4029,#4030);
#3409=AXIS2_PLACEMENT_3D('',#5042,#4033,#4034);
#3410=AXIS2_PLACEMENT_3D('',#5051,#4039,#4040);
#3411=AXIS2_PLACEMENT_3D('',#5055,#4042,#4043);
#3412=AXIS2_PLACEMENT_3D('',#5056,#4044,#4045);
#3413=AXIS2_PLACEMENT_3D('',#5057,#4046,#4047);
#3414=AXIS2_PLACEMENT_3D('',#5063,#4051,#4052);
#3415=AXIS2_PLACEMENT_3D('',#5064,#4053,#4054);
#3416=AXIS2_PLACEMENT_3D('',#5067,#4056,#4057);
#3417=AXIS2_PLACEMENT_3D('',#5068,#4058,#4059);
#3418=AXIS2_PLACEMENT_3D('',#5072,#4062,#4063);
#3419=AXIS2_PLACEMENT_3D('',#5074,#4064,#4065);
#3420=AXIS2_PLACEMENT_3D('',#5077,#4067,#4068);
#3421=AXIS2_PLACEMENT_3D('',#5078,#4069,#4070);
#3422=AXIS2_PLACEMENT_3D('',#5084,#4074,#4075);
#3423=AXIS2_PLACEMENT_3D('',#5085,#4076,#4077);
#3424=AXIS2_PLACEMENT_3D('',#5086,#4078,#4079);
#3425=AXIS2_PLACEMENT_3D('',#5087,#4080,#4081);
#3426=AXIS2_PLACEMENT_3D('',#5090,#4083,#4084);
#3427=AXIS2_PLACEMENT_3D('',#5091,#4085,#4086);
#3428=AXIS2_PLACEMENT_3D('',#5095,#4089,#4090);
#3429=AXIS2_PLACEMENT_3D('',#5098,#4092,#4093);
#3430=AXIS2_PLACEMENT_3D('',#5099,#4094,#4095);
#3431=AXIS2_PLACEMENT_3D('',#5103,#4098,#4099);
#3432=AXIS2_PLACEMENT_3D('',#5106,#4100,#4101);
#3433=AXIS2_PLACEMENT_3D('',#5110,#4103,#4104);
#3434=AXIS2_PLACEMENT_3D('',#5113,#4106,#4107);
#3435=AXIS2_PLACEMENT_3D('',#5115,#4108,#4109);
#3436=AXIS2_PLACEMENT_3D('',#5117,#4111,#4112);
#3437=AXIS2_PLACEMENT_3D('',#5119,#4113,#4114);
#3438=AXIS2_PLACEMENT_3D('',#5122,#4116,#4117);
#3439=AXIS2_PLACEMENT_3D('',#5123,#4118,#4119);
#3440=AXIS2_PLACEMENT_3D('',#5126,#4120,#4121);
#3441=AXIS2_PLACEMENT_3D('',#5129,#4123,#4124);
#3442=AXIS2_PLACEMENT_3D('',#5132,#4126,#4127);
#3443=AXIS2_PLACEMENT_3D('',#5136,#4129,#4130);
#3444=AXIS2_PLACEMENT_3D('',#5140,#4132,#4133);
#3445=AXIS2_PLACEMENT_3D('',#5150,#4139,#4140);
#3446=AXIS2_PLACEMENT_3D('',#5153,#4142,#4143);
#3447=AXIS2_PLACEMENT_3D('',#5155,#4144,#4145);
#3448=AXIS2_PLACEMENT_3D('',#5157,#4146,#4147);
#3449=AXIS2_PLACEMENT_3D('',#5158,#4148,#4149);
#3450=AXIS2_PLACEMENT_3D('',#5161,#4151,#4152);
#3451=AXIS2_PLACEMENT_3D('',#5162,#4153,#4154);
#3452=AXIS2_PLACEMENT_3D('',#5165,#4156,#4157);
#3453=AXIS2_PLACEMENT_3D('',#5166,#4158,#4159);
#3454=AXIS2_PLACEMENT_3D('',#5169,#4161,#4162);
#3455=AXIS2_PLACEMENT_3D('',#5170,#4163,#4164);
#3456=AXIS2_PLACEMENT_3D('',#5173,#4166,#4167);
#3457=AXIS2_PLACEMENT_3D('',#5174,#4168,#4169);
#3458=AXIS2_PLACEMENT_3D('',#5177,#4171,#4172);
#3459=AXIS2_PLACEMENT_3D('',#5178,#4173,#4174);
#3460=AXIS2_PLACEMENT_3D('',#5181,#4176,#4177);
#3461=AXIS2_PLACEMENT_3D('',#5182,#4178,#4179);
#3462=AXIS2_PLACEMENT_3D('',#5185,#4181,#4182);
#3463=AXIS2_PLACEMENT_3D('',#5186,#4183,#4184);
#3464=AXIS2_PLACEMENT_3D('',#5187,#4185,#4186);
#3465=AXIS2_PLACEMENT_3D('',#5188,#4187,#4188);
#3466=AXIS2_PLACEMENT_3D('',#5189,#4189,#4190);
#3467=AXIS2_PLACEMENT_3D('',#5190,#4191,#4192);
#3468=AXIS2_PLACEMENT_3D('',#5193,#4193,#4194);
#3469=AXIS2_PLACEMENT_3D('',#5197,#4196,#4197);
#3470=AXIS2_PLACEMENT_3D('',#5200,#4200,#4201);
#3471=AXIS2_PLACEMENT_3D('',#5204,#4204,#4205);
#3472=AXIS2_PLACEMENT_3D('',#5213,#4210,#4211);
#3473=AXIS2_PLACEMENT_3D('',#5217,#4214,#4215);
#3474=AXIS2_PLACEMENT_3D('',#5222,#4218,#4219);
#3475=AXIS2_PLACEMENT_3D('',#5224,#4221,#4222);
#3476=AXIS2_PLACEMENT_3D('',#5228,#4225,#4226);
#3477=AXIS2_PLACEMENT_3D('',#5231,#4229,#4230);
#3478=AXIS2_PLACEMENT_3D('',#5232,#4231,#4232);
#3479=AXIS2_PLACEMENT_3D('',#5236,#4234,#4235);
#3480=AXIS2_PLACEMENT_3D('',#5238,#4237,#4238);
#3481=AXIS2_PLACEMENT_3D('',#5240,#4240,#4241);
#3482=AXIS2_PLACEMENT_3D('',#5243,#4242,#4243);
#3483=AXIS2_PLACEMENT_3D('',#5246,#4246,#4247);
#3484=AXIS2_PLACEMENT_3D('',#5248,#4249,#4250);
#3485=AXIS2_PLACEMENT_3D('',#5252,#4253,#4254);
#3486=AXIS2_PLACEMENT_3D('',#5253,#4255,#4256);
#3487=AXIS2_PLACEMENT_3D('',#5256,#4257,#4258);
#3488=AXIS2_PLACEMENT_3D('',#5259,#4261,#4262);
#3489=AXIS2_PLACEMENT_3D('',#5263,#4265,#4266);
#3490=AXIS2_PLACEMENT_3D('',#5265,#4267,#4268);
#3491=AXIS2_PLACEMENT_3D('',#5267,#4270,#4271);
#3492=AXIS2_PLACEMENT_3D('',#5270,#4273,#4274);
#3493=AXIS2_PLACEMENT_3D('',#5273,#4277,#4278);
#3494=AXIS2_PLACEMENT_3D('',#5274,#4279,#4280);
#3495=AXIS2_PLACEMENT_3D('',#5275,#4281,#4282);
#3496=AXIS2_PLACEMENT_3D('',#5277,#4284,#4285);
#3497=AXIS2_PLACEMENT_3D('',#5279,#4287,#4288);
#3498=AXIS2_PLACEMENT_3D('',#5280,#4289,#4290);
#3499=AXIS2_PLACEMENT_3D('',#5281,#4291,#4292);
#3500=AXIS2_PLACEMENT_3D('',#5284,#4294,#4295);
#3501=AXIS2_PLACEMENT_3D('',#5285,#4296,#4297);
#3502=AXIS2_PLACEMENT_3D('',#5287,#4299,#4300);
#3503=AXIS2_PLACEMENT_3D('',#5293,#4304,#4305);
#3504=AXIS2_PLACEMENT_3D('',#5302,#4310,#4311);
#3505=AXIS2_PLACEMENT_3D('',#5306,#4315,#4316);
#3506=AXIS2_PLACEMENT_3D('',#5312,#4320,#4321);
#3507=AXIS2_PLACEMENT_3D('',#5313,#4322,#4323);
#3508=AXIS2_PLACEMENT_3D('',#5318,#4326,#4327);
#3509=AXIS2_PLACEMENT_3D('',#5319,#4328,#4329);
#3510=AXIS2_PLACEMENT_3D('',#5326,#4333,#4334);
#3511=AXIS2_PLACEMENT_3D('',#5327,#4335,#4336);
#3512=AXIS2_PLACEMENT_3D('',#5329,#4338,#4339);
#3513=AXIS2_PLACEMENT_3D('',#5331,#4341,#4342);
#3514=AXIS2_PLACEMENT_3D('',#5333,#4344,#4345);
#3515=AXIS2_PLACEMENT_3D('',#5335,#4347,#4348);
#3516=AXIS2_PLACEMENT_3D('',#5339,#4351,#4352);
#3517=AXIS2_PLACEMENT_3D('',#5342,#4355,#4356);
#3518=AXIS2_PLACEMENT_3D('',#5348,#4360,#4361);
#3519=AXIS2_PLACEMENT_3D('',#5351,#4363,#4364);
#3520=AXIS2_PLACEMENT_3D('',#5352,#4365,#4366);
#3521=AXIS2_PLACEMENT_3D('',#5356,#4369,#4370);
#3522=AXIS2_PLACEMENT_3D('',#5359,#4372,#4373);
#3523=AXIS2_PLACEMENT_3D('',#5360,#4374,#4375);
#3524=AXIS2_PLACEMENT_3D('',#5362,#4377,#4378);
#3525=AXIS2_PLACEMENT_3D('',#5363,#4379,#4380);
#3526=AXIS2_PLACEMENT_3D('',#5365,#4382,#4383);
#3527=AXIS2_PLACEMENT_3D('',#5366,#4384,#4385);
#3528=AXIS2_PLACEMENT_3D('',#5368,#4387,#4388);
#3529=AXIS2_PLACEMENT_3D('',#5369,#4389,#4390);
#3530=AXIS2_PLACEMENT_3D('',#5371,#4392,#4393);
#3531=AXIS2_PLACEMENT_3D('',#5372,#4394,#4395);
#3532=AXIS2_PLACEMENT_3D('',#5374,#4397,#4398);
#3533=AXIS2_PLACEMENT_3D('',#5375,#4399,#4400);
#3534=AXIS2_PLACEMENT_3D('',#5376,#4401,#4402);
#3535=AXIS2_PLACEMENT_3D('',#5377,#4403,#4404);
#3536=AXIS2_PLACEMENT_3D('',#5379,#4406,#4407);
#3537=AXIS2_PLACEMENT_3D('',#5381,#4409,#4410);
#3538=AXIS2_PLACEMENT_3D('',#5383,#4411,#4412);
#3539=AXIS2_PLACEMENT_3D('',#5385,#4414,#4415);
#3540=AXIS2_PLACEMENT_3D('',#5387,#4417,#4418);
#3541=AXIS2_PLACEMENT_3D('',#5389,#4420,#4421);
#3542=AXIS2_PLACEMENT_3D('',#5392,#4422,#4423);
#3543=AXIS2_PLACEMENT_3D('',#5394,#4424,#4425);
#3544=AXIS2_PLACEMENT_3D('',#5395,#4426,#4427);
#3545=AXIS2_PLACEMENT_3D('',#5396,#4428,#4429);
#3546=AXIS2_PLACEMENT_3D('',#5399,#4432,#4433);
#3547=AXIS2_PLACEMENT_3D('',#5402,#4434,#4435);
#3548=AXIS2_PLACEMENT_3D('',#5404,#4436,#4437);
#3549=AXIS2_PLACEMENT_3D('',#5405,#4438,#4439);
#3550=AXIS2_PLACEMENT_3D('',#5406,#4440,#4441);
#3551=AXIS2_PLACEMENT_3D('',#5409,#4444,#4445);
#3552=AXIS2_PLACEMENT_3D('',#5412,#4446,#4447);
#3553=AXIS2_PLACEMENT_3D('',#5413,#4448,#4449);
#3554=AXIS2_PLACEMENT_3D('',#5414,#4450,#4451);
#3555=AXIS2_PLACEMENT_3D('',#5415,#4452,#4453);
#3556=AXIS2_PLACEMENT_3D('',#5417,#4454,#4455);
#3557=AXIS2_PLACEMENT_3D('',#5418,#4456,#4457);
#3558=AXIS2_PLACEMENT_3D('',#5419,#4458,#4459);
#3559=AXIS2_PLACEMENT_3D('',#5422,#4462,#4463);
#3560=AXIS2_PLACEMENT_3D('',#5424,#4465,#4466);
#3561=AXIS2_PLACEMENT_3D('',#5426,#4468,#4469);
#3562=AXIS2_PLACEMENT_3D('',#5429,#4472,#4473);
#3563=AXIS2_PLACEMENT_3D('',#5432,#4476,#4477);
#3564=AXIS2_PLACEMENT_3D('',#5433,#4478,#4479);
#3565=AXIS2_PLACEMENT_3D('',#5434,#4480,#4481);
#3566=AXIS2_PLACEMENT_3D('',#5438,#4483,#4484);
#3567=AXIS2_PLACEMENT_3D('',#5441,#4486,#4487);
#3568=AXIS2_PLACEMENT_3D('',#5442,#4488,#4489);
#3569=AXIS2_PLACEMENT_3D('',#5444,#4491,#4492);
#3570=AXIS2_PLACEMENT_3D('',#5447,#4495,#4496);
#3571=AXIS2_PLACEMENT_3D('',#5448,#4497,#4498);
#3572=AXIS2_PLACEMENT_3D('',#5449,#4499,#4500);
#3573=AXIS2_PLACEMENT_3D('',#5450,#4501,#4502);
#3574=AXIS2_PLACEMENT_3D('',#5451,#4503,#4504);
#3575=AXIS2_PLACEMENT_3D('',#5452,#4505,#4506);
#3576=DIRECTION('axis',(0.,0.,1.));
#3577=DIRECTION('refdir',(1.,0.,0.));
#3578=DIRECTION('center_axis',(0.,-1.,0.));
#3579=DIRECTION('ref_axis',(-1.,0.,0.));
#3580=DIRECTION('center_axis',(0.,1.,0.));
#3581=DIRECTION('ref_axis',(-1.,0.,0.));
#3582=DIRECTION('',(-0.707106781186548,0.707106781186548,-8.65956056235493E-17));
#3583=DIRECTION('center_axis',(0.,1.,0.));
#3584=DIRECTION('ref_axis',(-1.,0.,0.));
#3585=DIRECTION('center_axis',(0.,1.,0.));
#3586=DIRECTION('ref_axis',(-1.,0.,0.));
#3587=DIRECTION('',(0.,0.,-1.));
#3588=DIRECTION('',(-1.,0.,0.));
#3589=DIRECTION('',(0.,0.,1.));
#3590=DIRECTION('',(-1.,0.,0.));
#3591=DIRECTION('center_axis',(0.,1.,0.));
#3592=DIRECTION('ref_axis',(-1.,0.,0.));
#3593=DIRECTION('center_axis',(0.,-1.,0.));
#3594=DIRECTION('ref_axis',(-1.,0.,0.));
#3595=DIRECTION('',(1.,0.,6.76965258917778E-17));
#3596=DIRECTION('',(-3.17206578464331E-16,0.,1.));
#3597=DIRECTION('',(-1.,0.,5.41572207134223E-16));
#3598=DIRECTION('',(-6.34413156928661E-16,0.,-1.));
#3599=DIRECTION('center_axis',(0.,-1.,0.));
#3600=DIRECTION('ref_axis',(-1.,0.,0.));
#3601=DIRECTION('center_axis',(0.,1.,0.));
#3602=DIRECTION('ref_axis',(0.,0.,1.));
#3603=DIRECTION('',(1.,0.,0.));
#3604=DIRECTION('center_axis',(0.,1.,0.));
#3605=DIRECTION('ref_axis',(0.,0.,-1.));
#3606=DIRECTION('',(-1.,0.,0.));
#3607=DIRECTION('center_axis',(0.,1.,0.));
#3608=DIRECTION('ref_axis',(-1.,0.,0.));
#3609=DIRECTION('center_axis',(0.,1.,0.));
#3610=DIRECTION('ref_axis',(-1.,0.,0.));
#3611=DIRECTION('center_axis',(0.,-1.,0.));
#3612=DIRECTION('ref_axis',(0.648524208430096,0.,0.761194029850549));
#3613=DIRECTION('',(-1.,0.,0.));
#3614=DIRECTION('center_axis',(-0.707106781186545,-0.70710678118655,0.));
#3615=DIRECTION('ref_axis',(0.,0.,1.));
#3616=DIRECTION('',(0.70710678118655,-0.707106781186545,0.));
#3617=DIRECTION('',(0.,0.,1.));
#3618=DIRECTION('',(-0.70710678118655,0.707106781186545,0.));
#3619=DIRECTION('',(0.,0.,-1.));
#3620=DIRECTION('center_axis',(0.,-1.,0.));
#3621=DIRECTION('ref_axis',(0.707106781186547,0.,-0.707106781186548));
#3622=DIRECTION('center_axis',(0.,-1.,0.));
#3623=DIRECTION('ref_axis',(0.707106781186547,0.,-0.707106781186548));
#3624=DIRECTION('',(7.85046229341889E-16,-0.707106781186546,-0.707106781186549));
#3625=DIRECTION('center_axis',(0.,-1.,0.));
#3626=DIRECTION('ref_axis',(0.707106781186547,0.,-0.707106781186548));
#3627=DIRECTION('center_axis',(-8.48698626315552E-17,-0.707106781186549,
0.707106781186546));
#3628=DIRECTION('ref_axis',(1.,0.,1.20024110770287E-16));
#3629=DIRECTION('',(0.,-0.707106781186546,-0.707106781186549));
#3630=DIRECTION('',(1.,0.,1.20024110770287E-16));
#3631=DIRECTION('',(-1.,0.,-1.20024110770287E-16));
#3632=DIRECTION('center_axis',(0.,-1.,0.));
#3633=DIRECTION('ref_axis',(-0.707106781186546,0.,-0.707106781186549));
#3634=DIRECTION('center_axis',(0.,-1.,0.));
#3635=DIRECTION('ref_axis',(-0.707106781186546,0.,-0.707106781186549));
#3636=DIRECTION('',(-0.707106781186549,-0.707106781186546,0.));
#3637=DIRECTION('center_axis',(0.,-1.,0.));
#3638=DIRECTION('ref_axis',(-0.707106781186546,0.,-0.707106781186549));
#3639=DIRECTION('center_axis',(0.707106781186546,-0.707106781186549,0.));
#3640=DIRECTION('ref_axis',(0.,0.,-1.));
#3641=DIRECTION('',(-0.707106781186549,-0.707106781186546,0.));
#3642=DIRECTION('',(0.,0.,-1.));
#3643=DIRECTION('',(0.,0.,1.));
#3644=DIRECTION('center_axis',(0.,-0.707106781186549,-0.707106781186546));
#3645=DIRECTION('ref_axis',(-1.,0.,0.));
#3646=DIRECTION('',(-2.35513868802567E-15,-0.707106781186546,0.707106781186549));
#3647=DIRECTION('',(-1.,0.,0.));
#3648=DIRECTION('',(-3.14018491736755E-15,0.707106781186546,-0.707106781186549));
#3649=DIRECTION('',(1.,0.,0.));
#3650=DIRECTION('center_axis',(0.,-1.,0.));
#3651=DIRECTION('ref_axis',(0.707106781186546,0.,0.707106781186549));
#3652=DIRECTION('center_axis',(0.,-1.,0.));
#3653=DIRECTION('ref_axis',(0.707106781186546,0.,0.707106781186549));
#3654=DIRECTION('',(0.70710678118655,-0.707106781186545,0.));
#3655=DIRECTION('center_axis',(0.,-1.,0.));
#3656=DIRECTION('ref_axis',(0.707106781186546,0.,0.70710678118655));
#3657=DIRECTION('center_axis',(-0.707106781186547,-0.707106781186548,0.));
#3658=DIRECTION('ref_axis',(0.,0.,1.));
#3659=DIRECTION('',(0.707106781186548,-0.707106781186547,0.));
#3660=DIRECTION('',(0.,0.,1.));
#3661=DIRECTION('',(0.,0.,-1.));
#3662=DIRECTION('center_axis',(0.,-1.,0.));
#3663=DIRECTION('ref_axis',(0.707106781186549,0.,-0.707106781186546));
#3664=DIRECTION('center_axis',(0.,-1.,0.));
#3665=DIRECTION('ref_axis',(0.707106781186549,0.,-0.707106781186546));
#3666=DIRECTION('',(0.,-0.707106781186546,-0.707106781186549));
#3667=DIRECTION('center_axis',(0.,-1.,0.));
#3668=DIRECTION('ref_axis',(0.707106781186549,0.,-0.707106781186546));
#3669=DIRECTION('center_axis',(0.,-0.707106781186549,0.707106781186546));
#3670=DIRECTION('ref_axis',(1.,0.,0.));
#3671=DIRECTION('',(2.35513868802567E-15,-0.707106781186546,-0.707106781186549));
#3672=DIRECTION('',(1.,0.,0.));
#3673=DIRECTION('',(-1.,0.,0.));
#3674=DIRECTION('center_axis',(0.707106781186546,-0.707106781186549,0.));
#3675=DIRECTION('ref_axis',(0.,0.,-1.));
#3676=DIRECTION('',(-0.707106781186549,-0.707106781186546,0.));
#3677=DIRECTION('',(0.,0.,-1.));
#3678=DIRECTION('',(0.707106781186549,0.707106781186546,0.));
#3679=DIRECTION('',(0.,0.,1.));
#3680=DIRECTION('center_axis',(0.,-1.,0.));
#3681=DIRECTION('ref_axis',(-0.707106781186548,0.,0.707106781186548));
#3682=DIRECTION('center_axis',(0.,-1.,0.));
#3683=DIRECTION('ref_axis',(-0.707106781186548,0.,0.707106781186548));
#3684=DIRECTION('',(0.,-0.707106781186544,0.707106781186551));
#3685=DIRECTION('center_axis',(0.,-1.,0.));
#3686=DIRECTION('ref_axis',(-0.707106781186548,0.,0.707106781186548));
#3687=DIRECTION('center_axis',(0.,-0.707106781186549,-0.707106781186546));
#3688=DIRECTION('ref_axis',(-1.,0.,0.));
#3689=DIRECTION('',(0.,-0.707106781186546,0.707106781186549));
#3690=DIRECTION('',(-1.,0.,0.));
#3691=DIRECTION('',(1.,0.,0.));
#3692=DIRECTION('center_axis',(0.,-1.,0.));
#3693=DIRECTION('ref_axis',(0.707106781186545,0.,0.70710678118655));
#3694=DIRECTION('center_axis',(0.,-1.,0.));
#3695=DIRECTION('ref_axis',(0.707106781186545,0.,0.70710678118655));
#3696=DIRECTION('',(0.707106781186549,-0.707106781186546,0.));
#3697=DIRECTION('center_axis',(0.,-1.,0.));
#3698=DIRECTION('ref_axis',(0.707106781186545,0.,0.70710678118655));
#3699=DIRECTION('center_axis',(-0.707106781186545,-0.70710678118655,0.));
#3700=DIRECTION('ref_axis',(0.,0.,1.));
#3701=DIRECTION('',(0.70710678118655,-0.707106781186545,0.));
#3702=DIRECTION('',(0.,0.,1.));
#3703=DIRECTION('',(0.,0.,-1.));
#3704=DIRECTION('center_axis',(0.,-0.707106781186549,-0.707106781186546));
#3705=DIRECTION('ref_axis',(-1.,0.,0.));
#3706=DIRECTION('',(3.14018491736755E-15,-0.707106781186546,0.707106781186549));
#3707=DIRECTION('',(-1.,0.,0.));
#3708=DIRECTION('',(0.,0.707106781186546,-0.707106781186549));
#3709=DIRECTION('',(1.,0.,0.));
#3710=DIRECTION('center_axis',(0.,-0.707106781186549,0.707106781186546));
#3711=DIRECTION('ref_axis',(1.,0.,0.));
#3712=DIRECTION('',(3.14018491736756E-15,-0.707106781186546,-0.707106781186549));
#3713=DIRECTION('',(1.,0.,0.));
#3714=DIRECTION('',(0.,0.707106781186546,0.707106781186549));
#3715=DIRECTION('',(-1.,0.,0.));
#3716=DIRECTION('center_axis',(0.,-1.,0.));
#3717=DIRECTION('ref_axis',(-0.707106781186549,0.,-0.707106781186546));
#3718=DIRECTION('center_axis',(0.,-1.,0.));
#3719=DIRECTION('ref_axis',(-0.707106781186549,0.,-0.707106781186546));
#3720=DIRECTION('',(-0.707106781186549,-0.707106781186546,0.));
#3721=DIRECTION('center_axis',(0.,-1.,0.));
#3722=DIRECTION('ref_axis',(-0.707106781186549,0.,-0.707106781186546));
#3723=DIRECTION('center_axis',(0.707106781186546,-0.707106781186549,0.));
#3724=DIRECTION('ref_axis',(0.,0.,-1.));
#3725=DIRECTION('',(-0.707106781186549,-0.707106781186546,0.));
#3726=DIRECTION('',(0.,0.,-1.));
#3727=DIRECTION('',(0.,0.,1.));
#3728=DIRECTION('center_axis',(0.,-1.,0.));
#3729=DIRECTION('ref_axis',(-0.707106781186548,0.,0.707106781186548));
#3730=DIRECTION('center_axis',(0.,-1.,0.));
#3731=DIRECTION('ref_axis',(-0.707106781186548,0.,0.707106781186548));
#3732=DIRECTION('center_axis',(0.,-1.,0.));
#3733=DIRECTION('ref_axis',(-0.707106781186548,0.,0.707106781186548));
#3734=DIRECTION('center_axis',(0.,1.,0.));
#3735=DIRECTION('ref_axis',(0.707106781186545,0.,-0.70710678118655));
#3736=DIRECTION('center_axis',(0.,1.,0.));
#3737=DIRECTION('ref_axis',(0.707106781186544,0.,-0.707106781186551));
#3738=DIRECTION('center_axis',(0.,1.,0.));
#3739=DIRECTION('ref_axis',(-0.707106781186549,0.,-0.707106781186546));
#3740=DIRECTION('center_axis',(0.,1.,0.));
#3741=DIRECTION('ref_axis',(-0.707106781186549,0.,-0.707106781186546));
#3742=DIRECTION('center_axis',(0.,1.,0.));
#3743=DIRECTION('ref_axis',(-0.707106781186548,0.,0.707106781186547));
#3744=DIRECTION('center_axis',(0.,1.,0.));
#3745=DIRECTION('ref_axis',(-0.707106781186548,0.,0.707106781186547));
#3746=DIRECTION('center_axis',(0.,1.,0.));
#3747=DIRECTION('ref_axis',(0.707106781186546,0.,0.707106781186549));
#3748=DIRECTION('center_axis',(0.,1.,0.));
#3749=DIRECTION('ref_axis',(0.707106781186546,0.,0.707106781186549));
#3750=DIRECTION('center_axis',(0.,1.,0.));
#3751=DIRECTION('ref_axis',(-1.,0.,0.));
#3752=DIRECTION('',(-1.,0.,0.));
#3753=DIRECTION('',(0.,0.,-1.));
#3754=DIRECTION('',(-1.,0.,0.));
#3755=DIRECTION('',(0.,0.,1.));
#3756=DIRECTION('',(1.,0.,0.));
#3757=DIRECTION('',(0.,0.,-1.));
#3758=DIRECTION('',(-1.,0.,0.));
#3759=DIRECTION('',(-9.25334876832604E-48,0.,-1.));
#3760=DIRECTION('',(-1.,0.,4.35205851976814E-31));
#3761=DIRECTION('',(0.,0.,1.));
#3762=DIRECTION('',(1.,0.,0.));
#3763=DIRECTION('',(0.,0.,-1.));
#3764=DIRECTION('',(-1.,0.,0.));
#3765=DIRECTION('',(0.,0.,1.));
#3766=DIRECTION('',(1.,0.,0.));
#3767=DIRECTION('center_axis',(0.,1.,0.));
#3768=DIRECTION('ref_axis',(0.,0.,-1.));
#3769=DIRECTION('',(-1.,0.,0.));
#3770=DIRECTION('center_axis',(0.,1.,0.));
#3771=DIRECTION('ref_axis',(0.,0.,1.));
#3772=DIRECTION('center_axis',(0.,-1.,0.));
#3773=DIRECTION('ref_axis',(-1.,0.,0.));
#3774=DIRECTION('',(-1.,0.,0.));
#3775=DIRECTION('center_axis',(0.,-1.,0.));
#3776=DIRECTION('ref_axis',(1.,0.,0.));
#3777=DIRECTION('center_axis',(0.,-1.,0.));
#3778=DIRECTION('ref_axis',(-1.,0.,0.));
#3779=DIRECTION('',(-6.34413156928661E-16,0.,-1.));
#3780=DIRECTION('',(-1.,0.,5.41572207134223E-16));
#3781=DIRECTION('',(-3.17206578464331E-16,0.,1.));
#3782=DIRECTION('',(1.,0.,6.76965258917778E-17));
#3783=DIRECTION('center_axis',(0.,-1.,0.));
#3784=DIRECTION('ref_axis',(-1.,0.,0.));
#3785=DIRECTION('center_axis',(1.,0.,3.17206578464331E-16));
#3786=DIRECTION('ref_axis',(-3.17206578464331E-16,0.,1.));
#3787=DIRECTION('',(0.,-1.,0.));
#3788=DIRECTION('',(0.,-1.,0.));
#3789=DIRECTION('center_axis',(5.41572207134223E-16,0.,1.));
#3790=DIRECTION('ref_axis',(-1.,0.,5.41572207134223E-16));
#3791=DIRECTION('',(0.,-1.,0.));
#3792=DIRECTION('center_axis',(0.,0.,1.));
#3793=DIRECTION('ref_axis',(1.,0.,0.));
#3794=DIRECTION('',(0.,1.,0.));
#3795=DIRECTION('',(1.,0.,0.));
#3796=DIRECTION('',(0.,1.,0.));
#3797=DIRECTION('center_axis',(0.,1.,0.));
#3798=DIRECTION('ref_axis',(0.,0.,1.));
#3799=DIRECTION('',(0.,1.,0.));
#3800=DIRECTION('center_axis',(0.,1.,0.));
#3801=DIRECTION('ref_axis',(0.,0.,1.));
#3802=DIRECTION('center_axis',(0.,0.,-1.));
#3803=DIRECTION('ref_axis',(-1.,0.,0.));
#3804=DIRECTION('',(0.,1.,0.));
#3805=DIRECTION('',(-1.,0.,0.));
#3806=DIRECTION('center_axis',(0.,1.,0.));
#3807=DIRECTION('ref_axis',(0.,0.,-1.));
#3808=DIRECTION('center_axis',(0.,1.,0.));
#3809=DIRECTION('ref_axis',(0.,0.,-1.));
#3810=DIRECTION('center_axis',(0.,-1.,0.));
#3811=DIRECTION('ref_axis',(1.,0.,0.));
#3812=DIRECTION('center_axis',(0.,-1.,0.));
#3813=DIRECTION('ref_axis',(-1.,0.,0.));
#3814=DIRECTION('center_axis',(0.,-1.,0.));
#3815=DIRECTION('ref_axis',(0.,0.,-1.));
#3816=DIRECTION('',(-1.,0.,0.));
#3817=DIRECTION('center_axis',(0.,-1.,0.));
#3818=DIRECTION('ref_axis',(0.,0.,1.));
#3819=DIRECTION('',(1.,0.,0.));
#3820=DIRECTION('center_axis',(0.,-1.,0.));
#3821=DIRECTION('ref_axis',(-1.,0.,0.));
#3822=DIRECTION('center_axis',(0.,0.,-1.));
#3823=DIRECTION('ref_axis',(1.,0.,0.));
#3824=DIRECTION('',(0.,-1.,0.));
#3825=DIRECTION('',(1.,0.,0.));
#3826=DIRECTION('',(0.,-1.,0.));
#3827=DIRECTION('center_axis',(0.,-1.,0.));
#3828=DIRECTION('ref_axis',(0.,0.,1.));
#3829=DIRECTION('',(0.,-1.,0.));
#3830=DIRECTION('center_axis',(0.,-1.,0.));
#3831=DIRECTION('ref_axis',(0.,0.,1.));
#3832=DIRECTION('center_axis',(0.,1.,0.));
#3833=DIRECTION('ref_axis',(-1.,0.,0.));
#3834=DIRECTION('',(-0.707106781186549,-0.707106781186546,8.65956056235495E-17));
#3835=DIRECTION('center_axis',(0.,-1.,0.));
#3836=DIRECTION('ref_axis',(-1.,0.,0.));
#3837=DIRECTION('center_axis',(0.,-1.,0.));
#3838=DIRECTION('ref_axis',(-1.,0.,0.));
#3839=DIRECTION('',(0.,-1.,0.));
#3840=DIRECTION('center_axis',(0.,1.,0.));
#3841=DIRECTION('ref_axis',(-1.,0.,0.));
#3842=DIRECTION('',(-0.707106781186549,-0.707106781186546,8.65956056235495E-17));
#3843=DIRECTION('center_axis',(0.,-1.,0.));
#3844=DIRECTION('ref_axis',(-1.,0.,0.));
#3845=DIRECTION('center_axis',(0.,-1.,0.));
#3846=DIRECTION('ref_axis',(-1.,0.,0.));
#3847=DIRECTION('',(0.,-1.,0.));
#3848=DIRECTION('center_axis',(0.,1.,0.));
#3849=DIRECTION('ref_axis',(0.,0.,1.));
#3850=DIRECTION('',(0.,0.70710678118654,0.707106781186555));
#3851=DIRECTION('',(0.,-0.70710678118654,0.707106781186555));
#3852=DIRECTION('center_axis',(0.,0.707106781186555,-0.70710678118654));
#3853=DIRECTION('ref_axis',(-1.,0.,0.));
#3854=DIRECTION('',(1.57009245868379E-14,0.70710678118654,0.707106781186555));
#3855=DIRECTION('',(-1.,0.,0.));
#3856=DIRECTION('center_axis',(0.,1.,0.));
#3857=DIRECTION('ref_axis',(0.,0.,-1.));
#3858=DIRECTION('',(0.,0.70710678118654,-0.707106781186555));
#3859=DIRECTION('center_axis',(0.,-1.,0.));
#3860=DIRECTION('ref_axis',(0.,0.,-1.));
#3861=DIRECTION('center_axis',(0.,0.707106781186555,0.70710678118654));
#3862=DIRECTION('ref_axis',(1.,0.,0.));
#3863=DIRECTION('center_axis',(0.,0.,1.));
#3864=DIRECTION('ref_axis',(-1.,0.,0.));
#3865=DIRECTION('',(0.,-1.,0.));
#3866=DIRECTION('center_axis',(-1.,0.,0.));
#3867=DIRECTION('ref_axis',(0.,0.,1.));
#3868=DIRECTION('',(0.,0.4226182617407,-0.90630778703665));
#3869=DIRECTION('',(5.17385487203956E-16,-0.90630778703665,-0.422618261740699));
#3870=DIRECTION('',(0.,0.4226182617407,-0.90630778703665));
#3871=DIRECTION('',(0.,0.90630778703665,0.4226182617407));
#3872=DIRECTION('',(0.,-0.4226182617407,0.90630778703665));
#3873=DIRECTION('',(5.17385487203956E-16,-0.90630778703665,-0.422618261740699));
#3874=DIRECTION('',(0.,-0.4226182617407,0.90630778703665));
#3875=DIRECTION('',(0.,-0.90630778703665,-0.4226182617407));
#3876=DIRECTION('',(0.,0.422618261740699,-0.90630778703665));
#3877=DIRECTION('center_axis',(4.0526167529814E-17,0.4226182617407,-0.90630778703665));
#3878=DIRECTION('ref_axis',(-1.,1.71270984764624E-17,-3.67291812110223E-17));
#3879=DIRECTION('center_axis',(4.0526167529814E-17,0.4226182617407,-0.90630778703665));
#3880=DIRECTION('ref_axis',(0.707106781186547,0.640856382055789,0.298836238730119));
#3881=DIRECTION('',(1.,-5.87487643529944E-17,1.73206796676268E-17));
#3882=DIRECTION('center_axis',(4.0526167529814E-17,0.4226182617407,-0.90630778703665));
#3883=DIRECTION('ref_axis',(-0.707106781186547,0.640856382055789,0.298836238730119));
#3884=DIRECTION('',(1.60032147693716E-16,0.90630778703665,0.4226182617407));
#3885=DIRECTION('center_axis',(4.0526167529814E-17,0.4226182617407,-0.90630778703665));
#3886=DIRECTION('ref_axis',(-0.707106781186547,-0.640856382055789,-0.298836238730119));
#3887=DIRECTION('',(-1.,5.87487643529944E-17,-1.73206796676268E-17));
#3888=DIRECTION('center_axis',(4.0526167529814E-17,0.4226182617407,-0.90630778703665));
#3889=DIRECTION('ref_axis',(0.707106781186547,-0.640856382055789,-0.298836238730119));
#3890=DIRECTION('',(0.,-0.90630778703665,-0.4226182617407));
#3891=DIRECTION('',(-1.,-9.14730702331965E-17,-4.26545931646896E-17));
#3892=DIRECTION('',(1.,-1.71270984764624E-17,3.67291812110223E-17));
#3893=DIRECTION('',(3.44923658135971E-16,-0.90630778703665,-0.422618261740699));
#3894=DIRECTION('',(-1.,-9.14730702331965E-17,-4.26545931646896E-17));
#3895=DIRECTION('center_axis',(4.0526167529814E-17,0.4226182617407,-0.90630778703665));
#3896=DIRECTION('ref_axis',(-0.707106781186546,0.640856382055791,0.298836238730119));
#3897=DIRECTION('',(1.,-2.43201615263285E-15,-1.08935207833678E-15));
#3898=DIRECTION('center_axis',(4.0526167529814E-17,0.4226182617407,-0.90630778703665));
#3899=DIRECTION('ref_axis',(0.707106781186547,0.640856382055788,0.298836238730121));
#3900=DIRECTION('center_axis',(0.,0.,1.));
#3901=DIRECTION('ref_axis',(1.98438704715638E-47,1.,0.));
#3902=DIRECTION('',(0.671542934237818,0.740965645273289,0.));
#3903=DIRECTION('',(1.,-6.63280173533753E-16,0.));
#3904=DIRECTION('',(1.98438704715638E-47,1.,0.));
#3905=DIRECTION('',(-1.,0.,0.));
#3906=DIRECTION('center_axis',(-1.,0.,0.));
#3907=DIRECTION('ref_axis',(0.,0.,1.));
#3908=DIRECTION('',(0.,-0.4226182617407,0.90630778703665));
#3909=DIRECTION('',(0.,-0.90630778703665,-0.4226182617407));
#3910=DIRECTION('center_axis',(0.707106781186547,-0.640856382055789,-0.29883623873012));
#3911=DIRECTION('ref_axis',(-0.389281620635026,0.,-0.921118787038766));
#3912=DIRECTION('',(0.707106781186548,0.640856382055788,0.29883623873012));
#3913=DIRECTION('',(-1.21543267145725E-63,-0.4226182617407,0.90630778703665));
#3914=DIRECTION('',(-0.707106781186548,-0.640856382055788,-0.29883623873012));
#3915=DIRECTION('',(-7.85046229341888E-17,0.4226182617407,-0.90630778703665));
#3916=DIRECTION('center_axis',(0.,0.4226182617407,-0.90630778703665));
#3917=DIRECTION('ref_axis',(-1.,0.,0.));
#3918=DIRECTION('',(1.,-5.44814225415993E-16,-2.54051045583261E-16));
#3919=DIRECTION('',(1.,-2.80346207882473E-16,-1.10000078247381E-16));
#3920=DIRECTION('',(2.16195750847043E-16,-0.90630778703665,-0.4226182617407));
#3921=DIRECTION('center_axis',(2.30969137282606E-33,-0.4226182617407,0.90630778703665));
#3922=DIRECTION('ref_axis',(-1.00620377256515E-16,0.90630778703665,0.4226182617407));
#3923=DIRECTION('',(-1.,3.03415073288677E-16,2.14524845351644E-16));
#3924=DIRECTION('',(2.18952885050753E-47,0.90630778703665,0.4226182617407));
#3925=DIRECTION('center_axis',(0.,0.4226182617407,-0.90630778703665));
#3926=DIRECTION('ref_axis',(1.,-2.43280983389726E-47,-4.86561966779451E-47));
#3927=DIRECTION('center_axis',(-3.94430452610506E-31,0.4226182617407,-0.90630778703665));
#3928=DIRECTION('ref_axis',(-1.00620377256516E-16,0.90630778703665,0.4226182617407));
#3929=DIRECTION('',(0.,-0.422618261740699,0.90630778703665));
#3930=DIRECTION('',(0.,-0.422618261740699,0.90630778703665));
#3931=DIRECTION('center_axis',(3.65649560868528E-16,0.90630778703665,0.422618261740699));
#3932=DIRECTION('ref_axis',(-1.,3.03415073288677E-16,2.14524845351644E-16));
#3933=DIRECTION('',(-1.82314900718588E-62,0.422618261740699,-0.90630778703665));
#3934=DIRECTION('center_axis',(-3.0056799313033E-16,-0.90630778703665,-0.422618261740699));
#3935=DIRECTION('ref_axis',(1.,-2.80346207882473E-16,-1.10000078247381E-16));
#3936=DIRECTION('',(1.,-2.72407112707996E-16,-1.27025522791631E-16));
#3937=DIRECTION('',(0.,-0.422618261740699,0.90630778703665));
#3938=DIRECTION('center_axis',(3.94430452610506E-31,-0.4226182617407,0.90630778703665));
#3939=DIRECTION('ref_axis',(1.,1.66693512259849E-31,-3.57475390645292E-31));
#3940=DIRECTION('',(-1.,6.28877357853224E-17,2.93250328007244E-17));
#3941=DIRECTION('',(-0.707106781186544,0.640856382055792,0.298836238730121));
#3942=DIRECTION('',(2.02967281699948E-15,-0.90630778703665,-0.4226182617407));
#3943=DIRECTION('',(-1.,-9.33301961410535E-31,0.));
#3944=DIRECTION('',(-3.39895147040055E-16,0.90630778703665,0.4226182617407));
#3945=DIRECTION('',(-1.,-9.33301961410535E-31,0.));
#3946=DIRECTION('',(0.,-0.90630778703665,-0.4226182617407));
#3947=DIRECTION('center_axis',(-3.94430452610506E-31,0.4226182617407,-0.90630778703665));
#3948=DIRECTION('ref_axis',(1.,1.66693512259849E-31,-3.57475390645292E-31));
#3949=DIRECTION('center_axis',(6.0113598626066E-16,0.90630778703665,0.4226182617407));
#3950=DIRECTION('ref_axis',(-1.,6.13288921295856E-16,1.07206586389107E-16));
#3951=DIRECTION('',(1.,-5.44814225415993E-16,-2.54051045583262E-16));
#3952=DIRECTION('center_axis',(-2.78904447747368E-31,0.939692620785909,
-0.342020143325667));
#3953=DIRECTION('ref_axis',(0.,0.342020143325667,0.939692620785909));
#3954=DIRECTION('',(-1.39563774105225E-15,-0.342020143325667,-0.939692620785909));
#3955=DIRECTION('',(1.,1.66693512259849E-31,-3.57475390645292E-31));
#3956=DIRECTION('',(1.39563774105225E-15,0.342020143325667,0.939692620785909));
#3957=DIRECTION('',(-1.,-1.66693512259849E-31,3.57475390645292E-31));
#3958=DIRECTION('center_axis',(0.,-0.90630778703665,-0.4226182617407));
#3959=DIRECTION('ref_axis',(1.,0.,0.));
#3960=DIRECTION('',(1.97372982155583E-15,-0.4226182617407,0.90630778703665));
#3961=DIRECTION('',(-1.,-1.66693512259849E-31,3.57475390645292E-31));
#3962=DIRECTION('',(1.23259516440783E-31,0.4226182617407,-0.90630778703665));
#3963=DIRECTION('',(1.,9.86076131526265E-32,-3.94430452610506E-31));
#3964=DIRECTION('',(1.97372982155583E-15,-0.4226182617407,0.90630778703665));
#3965=DIRECTION('center_axis',(-1.,-8.34134266331708E-16,1.78880670678251E-15));
#3966=DIRECTION('ref_axis',(0.,-0.90630778703665,-0.4226182617407));
#3967=DIRECTION('',(1.97372982155583E-15,-0.4226182617407,0.90630778703665));
#3968=DIRECTION('',(-5.91645678915759E-31,0.90630778703665,0.4226182617407));
#3969=DIRECTION('',(5.91645678915759E-31,-0.90630778703665,-0.4226182617407));
#3970=DIRECTION('',(-1.78880670678251E-15,-8.94403353391252E-16,-1.));
#3971=DIRECTION('',(7.73246645985265E-32,-0.90630778703665,-0.4226182617407));
#3972=DIRECTION('center_axis',(1.,8.34134266331705E-16,-1.78880670678251E-15));
#3973=DIRECTION('ref_axis',(0.,0.906307787036651,0.422618261740698));
#3974=DIRECTION('',(1.78880670678251E-15,8.94403353391252E-16,1.));
#3975=DIRECTION('',(3.15544362088405E-30,0.90630778703665,0.4226182617407));
#3976=DIRECTION('',(-7.73246645985258E-32,0.906307787036651,0.422618261740698));
#3977=DIRECTION('center_axis',(-1.,-3.12606997301798E-16,-1.45771036834668E-16));
#3978=DIRECTION('ref_axis',(-3.44923658135971E-16,0.90630778703665,0.422618261740699));
#3979=DIRECTION('',(3.44923658135971E-16,-0.90630778703665,-0.4226182617407));
#3980=DIRECTION('',(3.44923658135971E-16,-0.90630778703665,-0.422618261740699));
#3981=DIRECTION('',(0.,-0.4226182617407,0.90630778703665));
#3982=DIRECTION('',(-1.98438704715638E-47,-1.,0.));
#3983=DIRECTION('',(0.,0.90630778703665,0.4226182617407));
#3984=DIRECTION('',(0.,-0.4226182617407,0.90630778703665));
#3985=DIRECTION('',(3.44923658135971E-16,-0.90630778703665,-0.422618261740699));
#3986=DIRECTION('',(0.,0.4226182617407,-0.90630778703665));
#3987=DIRECTION('',(0.,0.4226182617407,-0.90630778703665));
#3988=DIRECTION('center_axis',(3.94430452610506E-31,-0.4226182617407,0.90630778703665));
#3989=DIRECTION('ref_axis',(1.,1.66693512259849E-31,-3.57475390645292E-31));
#3990=DIRECTION('',(1.,-7.32277156027604E-17,-2.01191495096829E-16));
#3991=DIRECTION('',(1.70845529772268E-15,0.90630778703665,0.4226182617407));
#3992=DIRECTION('',(-0.707106781186554,0.640856382055782,0.298836238730117));
#3993=DIRECTION('',(-1.,-1.66693512259849E-31,3.57475390645292E-31));
#3994=DIRECTION('center_axis',(3.94430452610506E-31,-0.4226182617407,0.90630778703665));
#3995=DIRECTION('ref_axis',(1.,-2.43280983389726E-47,-4.86561966779451E-47));
#3996=DIRECTION('center_axis',(-1.89410636303724E-15,-1.,8.94403353391256E-16));
#3997=DIRECTION('ref_axis',(-9.02530510231562E-16,-8.94403353391254E-16,
-1.));
#3998=DIRECTION('',(1.,-1.89410636303724E-15,-8.60957437744202E-16));
#3999=DIRECTION('',(-9.02530510231562E-16,-8.94403353391254E-16,-1.));
#4000=DIRECTION('',(1.,-1.89410636303724E-15,-8.8323630244438E-16));
#4001=DIRECTION('center_axis',(-1.89410636303724E-15,-1.,8.94403353391256E-16));
#4002=DIRECTION('ref_axis',(-9.02530510231562E-16,-8.94403353391254E-16,
-1.));
#4003=DIRECTION('',(1.,-1.89410636303724E-15,-8.8323630244438E-16));
#4004=DIRECTION('',(-7.22024408185249E-16,-8.94403353391254E-16,-1.));
#4005=DIRECTION('',(1.,-1.89410636303724E-15,-8.60957437744202E-16));
#4006=DIRECTION('center_axis',(3.94430452610506E-31,-0.4226182617407,0.90630778703665));
#4007=DIRECTION('ref_axis',(1.,1.66693512259849E-31,-3.57475390645292E-31));
#4008=DIRECTION('',(0.,0.90630778703665,0.4226182617407));
#4009=DIRECTION('',(-1.,-9.33301961410535E-31,0.));
#4010=DIRECTION('',(-1.64218379025504E-15,-0.90630778703665,-0.4226182617407));
#4011=DIRECTION('',(-1.,-9.33301961410535E-31,0.));
#4012=DIRECTION('',(1.29346371800989E-15,-0.90630778703665,-0.4226182617407));
#4013=DIRECTION('',(-0.707106781186548,-0.640856382055788,-0.29883623873012));
#4014=DIRECTION('',(-1.,-1.67700628760861E-16,-7.82000874685973E-17));
#4015=DIRECTION('',(-1.,-9.33301961410535E-31,0.));
#4016=DIRECTION('',(0.707106781186554,-0.640856382055782,-0.298836238730117));
#4017=DIRECTION('',(1.70845529772268E-15,0.90630778703665,0.4226182617407));
#4018=DIRECTION('center_axis',(-3.94430452610506E-31,0.4226182617407,-0.90630778703665));
#4019=DIRECTION('ref_axis',(1.,1.66693512259849E-31,-3.57475390645292E-31));
#4020=DIRECTION('center_axis',(-3.94430452610506E-31,0.4226182617407,-0.90630778703665));
#4021=DIRECTION('ref_axis',(1.,1.66693512259849E-31,-3.57475390645292E-31));
#4022=DIRECTION('center_axis',(0.,-1.,0.));
#4023=DIRECTION('ref_axis',(-6.12323399573676E-17,0.,-1.));
#4024=DIRECTION('center_axis',(0.,1.,0.));
#4025=DIRECTION('ref_axis',(-1.,0.,0.));
#4026=DIRECTION('center_axis',(0.,-0.707106781186544,-0.707106781186551));
#4027=DIRECTION('ref_axis',(-1.,0.,0.));
#4028=DIRECTION('',(1.,0.,0.));
#4029=DIRECTION('center_axis',(0.,0.,-1.));
#4030=DIRECTION('ref_axis',(1.,0.,0.));
#4031=DIRECTION('',(0.,-1.,0.));
#4032=DIRECTION('',(0.,1.,0.));
#4033=DIRECTION('center_axis',(0.,0.707106781186558,-0.707106781186537));
#4034=DIRECTION('ref_axis',(-1.,0.,0.));
#4035=DIRECTION('',(-1.25607396694702E-14,-0.707106781186549,-0.707106781186546));
#4036=DIRECTION('',(-1.,0.,0.));
#4037=DIRECTION('',(0.,0.707106781186546,0.707106781186549));
#4038=DIRECTION('',(1.,0.,0.));
#4039=DIRECTION('center_axis',(0.,0.,-1.));
#4040=DIRECTION('ref_axis',(1.,0.,0.));
#4041=DIRECTION('',(0.707106781186546,0.,-0.707106781186549));
#4042=DIRECTION('center_axis',(0.,0.,-1.));
#4043=DIRECTION('ref_axis',(1.,0.,0.));
#4044=DIRECTION('center_axis',(0.,0.,1.));
#4045=DIRECTION('ref_axis',(1.,0.,0.));
#4046=DIRECTION('center_axis',(-0.707106781186549,0.,-0.707106781186546));
#4047=DIRECTION('ref_axis',(-0.707106781186546,0.,0.707106781186549));
#4048=DIRECTION('',(0.707106781186546,0.,-0.707106781186549));
#4049=DIRECTION('',(0.,-1.,0.));
#4050=DIRECTION('',(0.,1.,0.));
#4051=DIRECTION('center_axis',(0.,0.,-1.));
#4052=DIRECTION('ref_axis',(0.707106781186547,0.707106781186547,0.));
#4053=DIRECTION('center_axis',(0.,0.,1.));
#4054=DIRECTION('ref_axis',(0.707106781186547,0.707106781186547,0.));
#4055=DIRECTION('',(0.,0.707106781186543,-0.707106781186552));
#4056=DIRECTION('center_axis',(0.,0.,-1.));
#4057=DIRECTION('ref_axis',(0.707106781186548,0.707106781186548,0.));
#4058=DIRECTION('center_axis',(0.,-0.707106781186549,-0.707106781186546));
#4059=DIRECTION('ref_axis',(-1.,0.,0.));
#4060=DIRECTION('',(1.25607396694702E-14,0.707106781186546,-0.707106781186549));
#4061=DIRECTION('',(1.,0.,0.));
#4062=DIRECTION('center_axis',(0.,0.,-1.));
#4063=DIRECTION('ref_axis',(-0.707106781186547,0.707106781186547,0.));
#4064=DIRECTION('center_axis',(0.,0.,1.));
#4065=DIRECTION('ref_axis',(-0.707106781186547,0.707106781186547,0.));
#4066=DIRECTION('',(-0.707106781186552,0.,-0.707106781186542));
#4067=DIRECTION('center_axis',(0.,0.,-1.));
#4068=DIRECTION('ref_axis',(-0.707106781186548,0.707106781186548,0.));
#4069=DIRECTION('center_axis',(0.707106781186549,0.,-0.707106781186546));
#4070=DIRECTION('ref_axis',(-0.707106781186546,0.,-0.707106781186549));
#4071=DIRECTION('',(-0.70710678118654,0.,-0.707106781186555));
#4072=DIRECTION('',(0.,1.,0.));
#4073=DIRECTION('',(0.,-1.,0.));
#4074=DIRECTION('center_axis',(0.,0.,-1.));
#4075=DIRECTION('ref_axis',(-1.,0.,0.));
#4076=DIRECTION('center_axis',(0.,0.,-1.));
#4077=DIRECTION('ref_axis',(-1.,0.,0.));
#4078=DIRECTION('center_axis',(0.,0.,1.));
#4079=DIRECTION('ref_axis',(-1.,0.,0.));
#4080=DIRECTION('center_axis',(0.,0.,1.));
#4081=DIRECTION('ref_axis',(0.707106781186547,0.707106781186547,0.));
#4082=DIRECTION('',(0.,0.,1.));
#4083=DIRECTION('center_axis',(0.,0.,1.));
#4084=DIRECTION('ref_axis',(0.707106781186547,0.707106781186547,0.));
#4085=DIRECTION('center_axis',(1.,0.,0.));
#4086=DIRECTION('ref_axis',(0.,1.,0.));
#4087=DIRECTION('',(0.,0.,1.));
#4088=DIRECTION('',(0.,1.,0.));
#4089=DIRECTION('center_axis',(0.,0.,1.));
#4090=DIRECTION('ref_axis',(1.,0.,0.));
#4091=DIRECTION('',(0.,0.,1.));
#4092=DIRECTION('center_axis',(0.,0.,1.));
#4093=DIRECTION('ref_axis',(1.,0.,0.));
#4094=DIRECTION('center_axis',(0.,-1.,0.));
#4095=DIRECTION('ref_axis',(1.,0.,0.));
#4096=DIRECTION('',(0.,0.,1.));
#4097=DIRECTION('',(1.,4.24637194568566E-17,0.));
#4098=DIRECTION('center_axis',(0.,0.,1.));
#4099=DIRECTION('ref_axis',(1.,0.,0.));
#4100=DIRECTION('center_axis',(0.,0.,1.));
#4101=DIRECTION('ref_axis',(0.707106781186548,-0.707106781186548,0.));
#4102=DIRECTION('',(1.,0.,0.));
#4103=DIRECTION('center_axis',(0.,0.,1.));
#4104=DIRECTION('ref_axis',(-0.707106781186548,-0.707106781186548,0.));
#4105=DIRECTION('',(0.,-1.,0.));
#4106=DIRECTION('center_axis',(0.,0.,1.));
#4107=DIRECTION('ref_axis',(-0.707106781186548,0.707106781186548,0.));
#4108=DIRECTION('center_axis',(0.,0.,1.));
#4109=DIRECTION('ref_axis',(0.707106781186548,0.707106781186548,0.));
#4110=DIRECTION('',(0.,1.,0.));
#4111=DIRECTION('center_axis',(0.,0.,-1.));
#4112=DIRECTION('ref_axis',(1.,0.,0.));
#4113=DIRECTION('center_axis',(0.,0.,-1.));
#4114=DIRECTION('ref_axis',(1.,0.,0.));
#4115=DIRECTION('',(0.707106781186546,-8.65956056235492E-17,0.707106781186549));
#4116=DIRECTION('center_axis',(0.,0.,1.));
#4117=DIRECTION('ref_axis',(1.,0.,0.));
#4118=DIRECTION('center_axis',(0.,0.,-1.));
#4119=DIRECTION('ref_axis',(1.,0.,0.));
#4120=DIRECTION('center_axis',(0.,0.,1.));
#4121=DIRECTION('ref_axis',(-0.70710678118655,-0.707106781186545,0.));
#4122=DIRECTION('',(1.66533453693771E-15,1.,0.));
#4123=DIRECTION('center_axis',(0.,0.,1.));
#4124=DIRECTION('ref_axis',(1.,0.,0.));
#4125=DIRECTION('',(0.,-1.,0.));
#4126=DIRECTION('center_axis',(0.,0.,1.));
#4127=DIRECTION('ref_axis',(-0.707106781186547,0.707106781186547,0.));
#4128=DIRECTION('',(2.10182611387526E-15,1.,0.));
#4129=DIRECTION('center_axis',(0.,0.,1.));
#4130=DIRECTION('ref_axis',(0.707106781186547,-0.707106781186547,0.));
#4131=DIRECTION('',(-1.,4.972924090065E-16,0.));
#4132=DIRECTION('center_axis',(0.,0.,-1.));
#4133=DIRECTION('ref_axis',(-0.707106781186547,0.707106781186547,0.));
#4134=DIRECTION('',(-3.75032800006506E-16,1.,0.));
#4135=DIRECTION('',(-1.83950827918324E-15,1.,0.));
#4136=DIRECTION('',(-1.,0.,0.));
#4137=DIRECTION('',(1.17227623988174E-15,-1.,0.));
#4138=DIRECTION('',(1.81194933304555E-15,1.,0.));
#4139=DIRECTION('center_axis',(0.,0.,-1.));
#4140=DIRECTION('ref_axis',(0.707106781186549,0.707106781186546,0.));
#4141=DIRECTION('',(1.,-1.89410636303724E-15,8.60957437744202E-17));
#4142=DIRECTION('center_axis',(0.,0.,-1.));
#4143=DIRECTION('ref_axis',(1.,0.,0.));
#4144=DIRECTION('center_axis',(0.,0.,-1.));
#4145=DIRECTION('ref_axis',(1.,0.,0.));
#4146=DIRECTION('center_axis',(0.,0.,-1.));
#4147=DIRECTION('ref_axis',(1.,0.,0.));
#4148=DIRECTION('center_axis',(0.,0.,1.));
#4149=DIRECTION('ref_axis',(1.,0.,0.));
#4150=DIRECTION('',(0.,0.,1.));
#4151=DIRECTION('center_axis',(0.,0.,1.));
#4152=DIRECTION('ref_axis',(1.,0.,0.));
#4153=DIRECTION('center_axis',(0.,0.,-1.));
#4154=DIRECTION('ref_axis',(1.,0.,0.));
#4155=DIRECTION('',(0.707106781186546,-8.65956056235492E-17,0.707106781186549));
#4156=DIRECTION('center_axis',(0.,0.,1.));
#4157=DIRECTION('ref_axis',(1.,0.,0.));
#4158=DIRECTION('center_axis',(0.,0.,1.));
#4159=DIRECTION('ref_axis',(1.,0.,0.));
#4160=DIRECTION('',(0.,0.,1.));
#4161=DIRECTION('center_axis',(0.,0.,1.));
#4162=DIRECTION('ref_axis',(1.,0.,0.));
#4163=DIRECTION('center_axis',(0.,0.,-1.));
#4164=DIRECTION('ref_axis',(1.,0.,0.));
#4165=DIRECTION('',(0.707106781186546,-8.65956056235492E-17,0.707106781186549));
#4166=DIRECTION('center_axis',(0.,0.,1.));
#4167=DIRECTION('ref_axis',(1.,0.,0.));
#4168=DIRECTION('center_axis',(0.,0.,1.));
#4169=DIRECTION('ref_axis',(1.,0.,0.));
#4170=DIRECTION('',(0.,0.,1.));
#4171=DIRECTION('center_axis',(0.,0.,1.));
#4172=DIRECTION('ref_axis',(1.,0.,0.));
#4173=DIRECTION('center_axis',(0.,0.,-1.));
#4174=DIRECTION('ref_axis',(1.,0.,0.));
#4175=DIRECTION('',(0.707106781186546,-8.65956056235492E-17,0.707106781186549));
#4176=DIRECTION('center_axis',(0.,0.,1.));
#4177=DIRECTION('ref_axis',(1.,0.,0.));
#4178=DIRECTION('center_axis',(0.,0.,1.));
#4179=DIRECTION('ref_axis',(1.,0.,0.));
#4180=DIRECTION('',(0.,0.,1.));
#4181=DIRECTION('center_axis',(0.,0.,1.));
#4182=DIRECTION('ref_axis',(1.,0.,0.));
#4183=DIRECTION('center_axis',(0.,0.,-1.));
#4184=DIRECTION('ref_axis',(1.,0.,0.));
#4185=DIRECTION('center_axis',(0.,0.,-1.));
#4186=DIRECTION('ref_axis',(1.,0.,0.));
#4187=DIRECTION('center_axis',(0.,0.,-1.));
#4188=DIRECTION('ref_axis',(1.,0.,0.));
#4189=DIRECTION('center_axis',(0.,0.,-1.));
#4190=DIRECTION('ref_axis',(1.,0.,0.));
#4191=DIRECTION('center_axis',(0.,0.4226182617407,-0.90630778703665));
#4192=DIRECTION('ref_axis',(-0.707106781186546,0.640856382055791,0.298836238730119));
#4193=DIRECTION('center_axis',(0.,-0.4226182617407,0.90630778703665));
#4194=DIRECTION('ref_axis',(-0.707106781186546,0.640856382055791,0.298836238730119));
#4195=DIRECTION('',(0.,-0.4226182617407,0.90630778703665));
#4196=DIRECTION('center_axis',(-1.88411095042052E-15,-0.939692620785907,
0.342020143325672));
#4197=DIRECTION('ref_axis',(1.91355018402086E-15,0.342020143325672,0.939692620785907));
#4198=DIRECTION('',(0.,0.4226182617407,-0.90630778703665));
#4199=DIRECTION('',(0.,0.4226182617407,-0.90630778703665));
#4200=DIRECTION('center_axis',(-1.,2.68321006017375E-15,1.25120139949756E-15));
#4201=DIRECTION('ref_axis',(2.96059473233374E-15,0.90630778703665,0.422618261740699));
#4202=DIRECTION('',(2.96059473233374E-15,0.90630778703665,0.422618261740699));
#4203=DIRECTION('',(2.09345661157837E-15,0.342020143325672,0.939692620785907));
#4204=DIRECTION('center_axis',(0.,0.4226182617407,-0.90630778703665));
#4205=DIRECTION('ref_axis',(-1.,0.,0.));
#4206=DIRECTION('',(1.,9.14730702331965E-17,4.26545931646896E-17));
#4207=DIRECTION('',(1.29346371800989E-15,-0.90630778703665,-0.4226182617407));
#4208=DIRECTION('',(-2.02967281699948E-15,0.90630778703665,0.4226182617407));
#4209=DIRECTION('',(1.,9.14730702331965E-17,4.26545931646896E-17));
#4210=DIRECTION('center_axis',(0.,-0.4226182617407,0.90630778703665));
#4211=DIRECTION('ref_axis',(0.707106781186547,0.640856382055788,0.298836238730121));
#4212=DIRECTION('',(0.,-0.90630778703665,-0.422618261740699));
#4213=DIRECTION('',(-1.,2.41488905415639E-15,1.12608125954781E-15));
#4214=DIRECTION('center_axis',(0.,0.4226182617407,-0.90630778703665));
#4215=DIRECTION('ref_axis',(0.707106781186547,0.640856382055788,0.298836238730121));
#4216=DIRECTION('',(0.,-0.4226182617407,0.90630778703665));
#4217=DIRECTION('',(0.,-0.4226182617407,0.90630778703665));
#4218=DIRECTION('center_axis',(-1.88411095042052E-15,-0.939692620785907,
0.342020143325672));
#4219=DIRECTION('ref_axis',(1.81541940535312E-15,0.342020143325672,0.939692620785907));
#4220=DIRECTION('',(0.,0.4226182617407,-0.90630778703665));
#4221=DIRECTION('center_axis',(-1.00929365875014E-16,0.90630778703665,0.4226182617407));
#4222=DIRECTION('ref_axis',(1.,9.14730702331965E-17,4.26545931646896E-17));
#4223=DIRECTION('',(-1.77493703674728E-30,-0.422618261740699,0.90630778703665));
#4224=DIRECTION('',(-1.,0.,0.));
#4225=DIRECTION('center_axis',(1.88411095042052E-15,0.939692620785907,-0.342020143325672));
#4226=DIRECTION('ref_axis',(0.,0.342020143325672,0.939692620785907));
#4227=DIRECTION('',(0.,-0.342020143325672,-0.939692620785907));
#4228=DIRECTION('',(1.,-2.41488905415639E-15,-1.12608125954781E-15));
#4229=DIRECTION('center_axis',(2.66453525910038E-15,0.90630778703665,0.4226182617407));
#4230=DIRECTION('ref_axis',(1.,-2.41488905415639E-15,-1.1260812595478E-15));
#4231=DIRECTION('center_axis',(0.,0.,1.));
#4232=DIRECTION('ref_axis',(0.707106781186549,0.707106781186546,0.));
#4233=DIRECTION('',(0.,0.,1.));
#4234=DIRECTION('center_axis',(0.,0.,1.));
#4235=DIRECTION('ref_axis',(0.707106781186549,0.707106781186546,0.));
#4236=DIRECTION('',(0.,0.,-1.));
#4237=DIRECTION('center_axis',(-1.,1.81194933304555E-15,0.));
#4238=DIRECTION('ref_axis',(-1.81194933304555E-15,-1.,0.));
#4239=DIRECTION('',(-1.81194933304555E-15,-1.,0.));
#4240=DIRECTION('center_axis',(0.,0.,1.));
#4241=DIRECTION('ref_axis',(-0.70710678118655,-0.707106781186545,0.));
#4242=DIRECTION('center_axis',(0.,0.,-1.));
#4243=DIRECTION('ref_axis',(-0.70710678118655,-0.707106781186545,0.));
#4244=DIRECTION('',(0.,0.,-1.));
#4245=DIRECTION('',(0.,0.,1.));
#4246=DIRECTION('center_axis',(-1.,1.66533453693771E-15,0.));
#4247=DIRECTION('ref_axis',(-1.66533453693771E-15,-1.,0.));
#4248=DIRECTION('',(-1.66533453693771E-15,-1.,0.));
#4249=DIRECTION('center_axis',(0.,0.,-1.));
#4250=DIRECTION('ref_axis',(1.,0.,0.));
#4251=DIRECTION('',(1.,-1.89410636303724E-15,8.60957437744202E-17));
#4252=DIRECTION('',(0.,-1.,0.));
#4253=DIRECTION('center_axis',(0.,0.,-1.));
#4254=DIRECTION('ref_axis',(0.707106781186547,0.707106781186547,0.));
#4255=DIRECTION('center_axis',(0.,0.,1.));
#4256=DIRECTION('ref_axis',(0.707106781186547,-0.707106781186547,0.));
#4257=DIRECTION('center_axis',(0.,0.,-1.));
#4258=DIRECTION('ref_axis',(0.707106781186547,-0.707106781186547,0.));
#4259=DIRECTION('',(0.,0.,-1.));
#4260=DIRECTION('',(0.,0.,1.));
#4261=DIRECTION('center_axis',(-4.972924090065E-16,-1.,0.));
#4262=DIRECTION('ref_axis',(1.,-4.972924090065E-16,0.));
#4263=DIRECTION('',(1.,-4.972924090065E-16,0.));
#4264=DIRECTION('',(0.,0.,1.));
#4265=DIRECTION('center_axis',(0.,0.,1.));
#4266=DIRECTION('ref_axis',(-0.707106781186547,0.707106781186547,0.));
#4267=DIRECTION('center_axis',(0.,0.,1.));
#4268=DIRECTION('ref_axis',(-0.707106781186547,0.707106781186547,0.));
#4269=DIRECTION('',(0.,0.,-1.));
#4270=DIRECTION('center_axis',(0.,0.,-1.));
#4271=DIRECTION('ref_axis',(1.,0.,0.));
#4272=DIRECTION('',(2.10182611387526E-15,1.,0.));
#4273=DIRECTION('center_axis',(0.,0.,-1.));
#4274=DIRECTION('ref_axis',(-0.707106781186547,0.707106781186547,0.));
#4275=DIRECTION('',(0.,1.,0.));
#4276=DIRECTION('',(-3.75032800006506E-16,1.,0.));
#4277=DIRECTION('center_axis',(1.,3.75032800006506E-16,0.));
#4278=DIRECTION('ref_axis',(-3.75032800006506E-16,1.,0.));
#4279=DIRECTION('center_axis',(1.,-2.10182611387526E-15,0.));
#4280=DIRECTION('ref_axis',(2.10182611387526E-15,1.,0.));
#4281=DIRECTION('center_axis',(0.,0.,1.));
#4282=DIRECTION('ref_axis',(-0.707106781186547,0.707106781186547,0.));
#4283=DIRECTION('',(0.,0.,-1.));
#4284=DIRECTION('center_axis',(-1.,0.,0.));
#4285=DIRECTION('ref_axis',(0.,-1.,0.));
#4286=DIRECTION('',(0.,0.,1.));
#4287=DIRECTION('center_axis',(-1.89410636303724E-15,-1.,0.));
#4288=DIRECTION('ref_axis',(1.,-1.89410636303724E-15,8.60957437744202E-17));
#4289=DIRECTION('center_axis',(0.,0.,1.));
#4290=DIRECTION('ref_axis',(1.,0.,0.));
#4291=DIRECTION('center_axis',(0.,0.,1.));
#4292=DIRECTION('ref_axis',(0.707106781186547,0.707106781186547,0.));
#4293=DIRECTION('',(0.,0.,1.));
#4294=DIRECTION('center_axis',(0.,0.4226182617407,-0.90630778703665));
#4295=DIRECTION('ref_axis',(1.00620377256516E-16,0.90630778703665,0.4226182617407));
#4296=DIRECTION('center_axis',(1.,0.,0.));
#4297=DIRECTION('ref_axis',(0.,1.,0.));
#4298=DIRECTION('',(-2.13556912215335E-15,-0.90630778703665,-0.4226182617407));
#4299=DIRECTION('center_axis',(-1.,-1.17227623988174E-15,-5.46641388130003E-16));
#4300=DIRECTION('ref_axis',(1.29346371800989E-15,-0.90630778703665,-0.4226182617407));
#4301=DIRECTION('',(1.18329135783152E-30,0.422618261740699,-0.90630778703665));
#4302=DIRECTION('',(-1.29346371800989E-15,0.90630778703665,0.4226182617407));
#4303=DIRECTION('',(0.,-0.4226182617407,0.90630778703665));
#4304=DIRECTION('center_axis',(1.86984930463185E-15,3.75360419849258E-15,
1.));
#4305=DIRECTION('ref_axis',(1.9354829251626E-15,1.,-3.75360419849258E-15));
#4306=DIRECTION('',(1.9354829251626E-15,1.,-3.75360419849258E-15));
#4307=DIRECTION('',(1.,7.04880199823566E-16,-1.86984930463185E-15));
#4308=DIRECTION('',(1.9354829251626E-15,1.,-3.75360419849258E-15));
#4309=DIRECTION('',(-1.,4.00990477409294E-15,1.86984930463183E-15));
#4310=DIRECTION('center_axis',(0.,0.4226182617407,-0.90630778703665));
#4311=DIRECTION('ref_axis',(-1.,0.,0.));
#4312=DIRECTION('',(-1.70845529772268E-15,-0.90630778703665,-0.4226182617407));
#4313=DIRECTION('',(2.18952885050753E-47,0.90630778703665,0.4226182617407));
#4314=DIRECTION('',(1.,6.96924660981914E-16,-1.85278859652954E-15));
#4315=DIRECTION('center_axis',(3.94430452610506E-31,-0.4226182617407,0.90630778703665));
#4316=DIRECTION('ref_axis',(1.,1.66693512259849E-31,-3.57475390645292E-31));
#4317=DIRECTION('',(0.707106781186548,0.640856382055788,0.29883623873012));
#4318=DIRECTION('',(-1.,-9.14730702331965E-17,-4.26545931646896E-17));
#4319=DIRECTION('',(1.,1.67700628760861E-16,7.82000874685974E-17));
#4320=DIRECTION('center_axis',(3.94430452610506E-31,-0.4226182617407,0.90630778703665));
#4321=DIRECTION('ref_axis',(1.,-2.43280983389726E-47,-4.86561966779451E-47));
#4322=DIRECTION('center_axis',(3.94430452610506E-31,-0.4226182617407,0.90630778703665));
#4323=DIRECTION('ref_axis',(1.,1.66693512259849E-31,-3.57475390645292E-31));
#4324=DIRECTION('',(-2.18952885050753E-47,-0.90630778703665,-0.4226182617407));
#4325=DIRECTION('',(1.,-7.32277156027604E-17,-2.01191495096829E-16));
#4326=DIRECTION('center_axis',(3.94430452610506E-31,-0.4226182617407,0.90630778703665));
#4327=DIRECTION('ref_axis',(1.,-2.43280983389726E-47,-4.86561966779451E-47));
#4328=DIRECTION('center_axis',(3.94430452610506E-31,-0.4226182617407,0.90630778703665));
#4329=DIRECTION('ref_axis',(1.,1.66693512259849E-31,-3.57475390645292E-31));
#4330=DIRECTION('',(0.707106781186544,-0.640856382055792,-0.298836238730121));
#4331=DIRECTION('',(1.,-6.28877357853224E-17,-2.93250328007244E-17));
#4332=DIRECTION('',(2.02967281699948E-15,-0.90630778703665,-0.4226182617407));
#4333=DIRECTION('center_axis',(3.94430452610506E-31,-0.4226182617407,0.90630778703665));
#4334=DIRECTION('ref_axis',(1.,-2.43280983389726E-47,-4.86561966779451E-47));
#4335=DIRECTION('center_axis',(-0.707106781186547,0.640856382055789,0.29883623873012));
#4336=DIRECTION('ref_axis',(0.389281620635026,0.,0.921118787038766));
#4337=DIRECTION('',(0.,0.4226182617407,-0.90630778703665));
#4338=DIRECTION('center_axis',(1.,-1.98438704715638E-47,-9.25334876832604E-48));
#4339=DIRECTION('ref_axis',(2.18952885050753E-47,0.90630778703665,0.4226182617407));
#4340=DIRECTION('',(1.06905828562412E-15,-0.4226182617407,0.90630778703665));
#4341=DIRECTION('center_axis',(6.93889390390722E-17,0.90630778703665,0.4226182617407));
#4342=DIRECTION('ref_axis',(-1.,6.28877357853224E-17,2.93250328007244E-17));
#4343=DIRECTION('',(0.,-0.4226182617407,0.90630778703665));
#4344=DIRECTION('center_axis',(0.707106781186551,0.640856382055785,0.298836238730118));
#4345=DIRECTION('ref_axis',(0.389281620635022,0.,-0.921118787038768));
#4346=DIRECTION('',(0.,0.4226182617407,-0.90630778703665));
#4347=DIRECTION('center_axis',(-6.56858655152258E-47,-0.90630778703665,
-0.4226182617407));
#4348=DIRECTION('ref_axis',(1.,1.66693512259849E-31,-3.57475390645292E-31));
#4349=DIRECTION('',(0.,-0.4226182617407,0.90630778703665));
#4350=DIRECTION('',(1.,-7.24763335974399E-47,0.));
#4351=DIRECTION('center_axis',(-0.707106781186541,-0.640856382055795,-0.298836238730123));
#4352=DIRECTION('ref_axis',(-0.389281620635032,0.,0.921118787038764));
#4353=DIRECTION('',(0.,0.4226182617407,-0.90630778703665));
#4354=DIRECTION('',(0.671542934237825,-0.740965645273283,0.));
#4355=DIRECTION('center_axis',(-1.,1.45038381631014E-16,6.76325080809492E-17));
#4356=DIRECTION('ref_axis',(1.60032147693716E-16,0.90630778703665,0.422618261740699));
#4357=DIRECTION('',(0.,0.422618261740699,-0.90630778703665));
#4358=DIRECTION('',(1.60032147693716E-16,0.90630778703665,0.4226182617407));
#4359=DIRECTION('',(0.,-0.422618261740699,0.90630778703665));
#4360=DIRECTION('center_axis',(0.,0.422618261740699,-0.90630778703665));
#4361=DIRECTION('ref_axis',(-0.707106781186547,0.640856382055789,0.298836238730119));
#4362=DIRECTION('',(0.,-0.422618261740699,0.90630778703665));
#4363=DIRECTION('center_axis',(0.,-0.4226182617407,0.90630778703665));
#4364=DIRECTION('ref_axis',(-0.707106781186547,0.640856382055789,0.298836238730119));
#4365=DIRECTION('center_axis',(4.59244270786001E-17,0.90630778703665,0.422618261740699));
#4366=DIRECTION('ref_axis',(1.,-4.1621665876532E-17,-1.94085015433955E-17));
#4367=DIRECTION('',(0.,0.422618261740699,-0.90630778703665));
#4368=DIRECTION('',(1.,-4.1621665876532E-17,-1.94085015433955E-17));
#4369=DIRECTION('center_axis',(0.,0.422618261740699,-0.90630778703665));
#4370=DIRECTION('ref_axis',(0.707106781186547,0.640856382055789,0.298836238730119));
#4371=DIRECTION('',(0.,-0.422618261740699,0.90630778703665));
#4372=DIRECTION('center_axis',(0.,-0.4226182617407,0.90630778703665));
#4373=DIRECTION('ref_axis',(0.707106781186547,0.640856382055789,0.298836238730119));
#4374=DIRECTION('center_axis',(0.,0.,1.));
#4375=DIRECTION('ref_axis',(-0.707106781186547,0.707106781186547,0.));
#4376=DIRECTION('',(0.,0.,-1.));
#4377=DIRECTION('center_axis',(-1.,0.,0.));
#4378=DIRECTION('ref_axis',(0.,-1.,0.));
#4379=DIRECTION('center_axis',(-1.,1.54838634013008E-15,7.22024408185248E-16));
#4380=DIRECTION('ref_axis',(-1.70845529772268E-15,-0.90630778703665,-0.4226182617407));
#4381=DIRECTION('',(-1.11022302462515E-15,0.4226182617407,-0.90630778703665));
#4382=DIRECTION('center_axis',(0.,-1.,0.));
#4383=DIRECTION('ref_axis',(1.60812264967664E-16,0.,-1.));
#4384=DIRECTION('center_axis',(0.,-1.,0.));
#4385=DIRECTION('ref_axis',(-1.,0.,0.));
#4386=DIRECTION('',(0.,-1.,0.));
#4387=DIRECTION('center_axis',(0.,-1.,0.));
#4388=DIRECTION('ref_axis',(0.,0.,-1.));
#4389=DIRECTION('center_axis',(6.76965258917778E-17,0.,-1.));
#4390=DIRECTION('ref_axis',(1.,0.,6.76965258917778E-17));
#4391=DIRECTION('',(0.,-1.,0.));
#4392=DIRECTION('center_axis',(-1.,0.,6.34413156928661E-16));
#4393=DIRECTION('ref_axis',(-6.34413156928661E-16,0.,-1.));
#4394=DIRECTION('center_axis',(0.,-1.,0.));
#4395=DIRECTION('ref_axis',(-1.,0.,0.));
#4396=DIRECTION('',(0.,-1.,0.));
#4397=DIRECTION('center_axis',(0.,0.,1.));
#4398=DIRECTION('ref_axis',(1.98438704715638E-47,1.,0.));
#4399=DIRECTION('center_axis',(-1.8503717077086E-16,0.90630778703665,0.4226182617407));
#4400=DIRECTION('ref_axis',(-1.,-1.67700628760861E-16,-7.82000874685973E-17));
#4401=DIRECTION('center_axis',(1.,1.83950827918324E-15,8.5777679782267E-16));
#4402=DIRECTION('ref_axis',(-2.02967281699948E-15,0.90630778703665,0.4226182617407));
#4403=DIRECTION('center_axis',(0.,-0.4226182617407,0.90630778703665));
#4404=DIRECTION('ref_axis',(1.,-2.43280983389726E-47,-4.86561966779451E-47));
#4405=DIRECTION('',(0.,0.4226182617407,-0.90630778703665));
#4406=DIRECTION('center_axis',(0.,-0.4226182617407,0.90630778703665));
#4407=DIRECTION('ref_axis',(1.,-2.43280983389726E-47,-4.86561966779451E-47));
#4408=DIRECTION('',(0.,0.4226182617407,-0.90630778703665));
#4409=DIRECTION('center_axis',(0.,0.,1.));
#4410=DIRECTION('ref_axis',(0.707106781186548,0.707106781186548,0.));
#4411=DIRECTION('center_axis',(0.,0.,1.));
#4412=DIRECTION('ref_axis',(0.,1.,0.));
#4413=DIRECTION('',(0.,0.,-1.));
#4414=DIRECTION('center_axis',(0.,-0.4226182617407,0.90630778703665));
#4415=DIRECTION('ref_axis',(1.,-2.43280983389726E-47,-4.86561966779451E-47));
#4416=DIRECTION('',(0.,0.4226182617407,-0.90630778703665));
#4417=DIRECTION('center_axis',(0.,-0.4226182617407,0.90630778703665));
#4418=DIRECTION('ref_axis',(1.,-2.43280983389726E-47,-4.86561966779451E-47));
#4419=DIRECTION('',(0.,0.4226182617407,-0.90630778703665));
#4420=DIRECTION('center_axis',(0.,0.,1.));
#4421=DIRECTION('ref_axis',(1.,0.,0.));
#4422=DIRECTION('center_axis',(0.,-0.906307787036649,-0.422618261740702));
#4423=DIRECTION('ref_axis',(-1.,0.,0.));
#4424=DIRECTION('center_axis',(1.45716771982052E-15,0.,1.));
#4425=DIRECTION('ref_axis',(0.,-1.,0.));
#4426=DIRECTION('center_axis',(-1.,0.,0.));
#4427=DIRECTION('ref_axis',(0.,-0.422618261740699,0.90630778703665));
#4428=DIRECTION('center_axis',(0.,0.,1.));
#4429=DIRECTION('ref_axis',(-0.707106781186548,-0.707106781186548,0.));
#4430=DIRECTION('',(0.,0.,1.));
#4431=DIRECTION('',(0.,0.,-1.));
#4432=DIRECTION('center_axis',(0.,0.,1.));
#4433=DIRECTION('ref_axis',(1.,0.,0.));
#4434=DIRECTION('center_axis',(1.,0.,0.));
#4435=DIRECTION('ref_axis',(0.,-1.,0.));
#4436=DIRECTION('center_axis',(0.,-9.02056207507939E-16,1.));
#4437=DIRECTION('ref_axis',(1.,0.,0.));
#4438=DIRECTION('center_axis',(1.24080403497095E-15,-0.90630778703665,-0.422618261740699));
#4439=DIRECTION('ref_axis',(0.,-0.422618261740699,0.90630778703665));
#4440=DIRECTION('center_axis',(0.,0.,1.));
#4441=DIRECTION('ref_axis',(0.707106781186548,-0.707106781186548,0.));
#4442=DIRECTION('',(0.,0.,1.));
#4443=DIRECTION('',(0.,0.,-1.));
#4444=DIRECTION('center_axis',(-0.534688227821842,0.30871921840656,-0.78663901709436));
#4445=DIRECTION('ref_axis',(-0.681240089299232,0.39333558693151,0.617413197773436));
#4446=DIRECTION('center_axis',(0.,0.90630778703665,0.422618261740699));
#4447=DIRECTION('ref_axis',(0.,-0.422618261740699,0.90630778703665));
#4448=DIRECTION('center_axis',(-1.,0.,0.));
#4449=DIRECTION('ref_axis',(0.,1.,0.));
#4450=DIRECTION('center_axis',(0.,0.,1.));
#4451=DIRECTION('ref_axis',(-1.,0.,0.));
#4452=DIRECTION('center_axis',(0.534688227821844,0.30871921840656,-0.786639017094359));
#4453=DIRECTION('ref_axis',(0.681240089299232,0.39333558693151,0.617413197773436));
#4454=DIRECTION('center_axis',(1.,0.,0.));
#4455=DIRECTION('ref_axis',(0.,-0.422618261740699,0.90630778703665));
#4456=DIRECTION('center_axis',(0.,0.906307787036651,0.422618261740697));
#4457=DIRECTION('ref_axis',(1.,0.,0.));
#4458=DIRECTION('center_axis',(0.,0.90630778703665,0.4226182617407));
#4459=DIRECTION('ref_axis',(0.707106781186548,-0.29883623873012,0.640856382055788));
#4460=DIRECTION('',(0.,-0.90630778703665,-0.4226182617407));
#4461=DIRECTION('',(0.,0.90630778703665,0.4226182617407));
#4462=DIRECTION('center_axis',(-1.,0.,0.));
#4463=DIRECTION('ref_axis',(0.,0.537299608346823,0.843391445812887));
#4464=DIRECTION('',(1.,0.,0.));
#4465=DIRECTION('center_axis',(0.,0.,1.));
#4466=DIRECTION('ref_axis',(-0.707106781186548,0.707106781186548,0.));
#4467=DIRECTION('',(0.,0.,1.));
#4468=DIRECTION('center_axis',(0.,0.90630778703665,0.4226182617407));
#4469=DIRECTION('ref_axis',(-0.707106781186548,-0.29883623873012,0.640856382055788));
#4470=DIRECTION('',(0.,-0.90630778703665,-0.4226182617407));
#4471=DIRECTION('',(0.,0.90630778703665,0.4226182617407));
#4472=DIRECTION('center_axis',(1.,0.,0.));
#4473=DIRECTION('ref_axis',(0.,-0.843391445812885,0.537299608346824));
#4474=DIRECTION('',(-1.,0.,0.));
#4475=DIRECTION('',(1.,0.,0.));
#4476=DIRECTION('center_axis',(0.,-1.,0.));
#4477=DIRECTION('ref_axis',(1.,0.,0.));
#4478=DIRECTION('center_axis',(-1.,0.,0.));
#4479=DIRECTION('ref_axis',(0.,-1.,0.));
#4480=DIRECTION('center_axis',(0.,-0.4226182617407,0.90630778703665));
#4481=DIRECTION('ref_axis',(0.,0.90630778703665,0.4226182617407));
#4482=DIRECTION('',(0.,-0.90630778703665,-0.4226182617407));
#4483=DIRECTION('center_axis',(0.,-0.4226182617407,0.90630778703665));
#4484=DIRECTION('ref_axis',(0.707106781186547,-0.640856382055789,-0.298836238730119));
#4485=DIRECTION('',(-1.,4.1621665876532E-17,1.94085015433955E-17));
#4486=DIRECTION('center_axis',(0.,-0.4226182617407,0.90630778703665));
#4487=DIRECTION('ref_axis',(-0.707106781186547,-0.640856382055789,-0.298836238730119));
#4488=DIRECTION('center_axis',(0.,0.422618261740699,-0.90630778703665));
#4489=DIRECTION('ref_axis',(-0.707106781186547,-0.640856382055789,-0.298836238730119));
#4490=DIRECTION('',(0.,0.422618261740699,-0.90630778703665));
#4491=DIRECTION('center_axis',(0.,0.422618261740699,-0.90630778703665));
#4492=DIRECTION('ref_axis',(0.707106781186547,-0.640856382055789,-0.298836238730119));
#4493=DIRECTION('',(0.,-0.422618261740699,0.90630778703665));
#4494=DIRECTION('',(0.,0.422618261740699,-0.90630778703665));
#4495=DIRECTION('center_axis',(-4.59244270786E-17,-0.90630778703665,-0.422618261740699));
#4496=DIRECTION('ref_axis',(-1.,2.80466278974109E-18,1.0265183329646E-16));
#4497=DIRECTION('center_axis',(1.,0.,0.));
#4498=DIRECTION('ref_axis',(0.,-0.90630778703665,-0.422618261740699));
#4499=DIRECTION('center_axis',(-1.51394048812521E-16,-0.90630778703665,
-0.4226182617407));
#4500=DIRECTION('ref_axis',(-1.,7.32277156027604E-17,2.01191495096829E-16));
#4501=DIRECTION('center_axis',(-1.00929365875014E-16,0.90630778703665,0.4226182617407));
#4502=DIRECTION('ref_axis',(1.,9.14730702331965E-17,4.26545931646896E-17));
#4503=DIRECTION('center_axis',(1.,0.,0.));
#4504=DIRECTION('ref_axis',(0.,-0.90630778703665,-0.422618261740699));
#4505=DIRECTION('center_axis',(1.,0.,0.));
#4506=DIRECTION('ref_axis',(0.,1.,0.));
#4507=CARTESIAN_POINT('',(0.,0.,0.));
#4508=CARTESIAN_POINT('Origin',(92.5808552642828,71.3960583803306,51.6545268261951));
#4509=CARTESIAN_POINT('',(98.8808552642828,70.9960583803306,51.6545268261951));
#4510=CARTESIAN_POINT('Origin',(92.5808552642828,70.9960583803306,51.6545268261951));
#4511=CARTESIAN_POINT('',(98.0808552642828,71.7960583803306,51.6545268261951));
#4512=CARTESIAN_POINT('',(98.4808552642828,71.3960583803306,51.6545268261951));
#4513=CARTESIAN_POINT('Origin',(92.5808552642828,71.7960583803306,51.6545268261951));
#4514=CARTESIAN_POINT('Origin',(112.580855264283,70.9960583803306,0.));
#4515=CARTESIAN_POINT('',(-104.580855264283,70.9960583803306,63.6545268261951));
#4516=CARTESIAN_POINT('',(-104.580855264283,70.9960583803306,0.));
#4517=CARTESIAN_POINT('',(-104.580855264283,70.9960583803306,0.));
#4518=CARTESIAN_POINT('',(104.580855264283,70.9960583803306,63.6545268261951));
#4519=CARTESIAN_POINT('',(112.580855264283,70.9960583803306,63.6545268261951));
#4520=CARTESIAN_POINT('',(104.580855264283,70.9960583803306,0.));
#4521=CARTESIAN_POINT('',(104.580855264283,70.9960583803306,0.));
#4522=CARTESIAN_POINT('',(112.580855264283,70.9960583803306,0.));
#4523=CARTESIAN_POINT('',(27.45,70.9960583803306,15.));
#4524=CARTESIAN_POINT('Origin',(25.25,70.9960583803306,15.));
#4525=CARTESIAN_POINT('',(-0.799999999999997,70.9960583803306,16.2));
#4526=CARTESIAN_POINT('Origin',(-2.5,70.9960583803306,16.2));
#4527=CARTESIAN_POINT('',(-24.2,70.9960583803306,8.));
#4528=CARTESIAN_POINT('',(-7.8,70.9960583803306,8.));
#4529=CARTESIAN_POINT('',(44.1904276321414,70.9960583803306,8.));
#4530=CARTESIAN_POINT('',(-7.8,70.9960583803306,22.));
#4531=CARTESIAN_POINT('',(-7.79999999999999,70.9960583803306,3.99999999999998));
#4532=CARTESIAN_POINT('',(-24.2,70.9960583803306,22.));
#4533=CARTESIAN_POINT('',(52.3904276321414,70.9960583803306,22.));
#4534=CARTESIAN_POINT('',(-24.2,70.9960583803306,11.));
#4535=CARTESIAN_POINT('',(-27.8,70.9960583803306,16.2));
#4536=CARTESIAN_POINT('Origin',(-29.5,70.9960583803306,16.2));
#4537=CARTESIAN_POINT('',(20.9,70.9960583803306,16.9));
#4538=CARTESIAN_POINT('',(20.9,70.9960583803306,13.1));
#4539=CARTESIAN_POINT('Origin',(20.9,70.9960583803306,15.));
#4540=CARTESIAN_POINT('',(15.1,70.9960583803306,16.9));
#4541=CARTESIAN_POINT('',(66.7404276321414,70.9960583803306,16.9));
#4542=CARTESIAN_POINT('',(15.1,70.9960583803306,13.1));
#4543=CARTESIAN_POINT('Origin',(15.1,70.9960583803306,15.));
#4544=CARTESIAN_POINT('',(63.8404276321414,70.9960583803306,13.1));
#4545=CARTESIAN_POINT('',(12.95,70.9960583803306,15.));
#4546=CARTESIAN_POINT('Origin',(10.75,70.9960583803306,15.));
#4547=CARTESIAN_POINT('Origin',(92.5808552642828,71.7960583803306,51.6545268261951));
#4548=CARTESIAN_POINT('',(90.4082991660414,71.7960583803306,54.2045268261951));
#4549=CARTESIAN_POINT('',(94.7534113625241,71.7960583803306,54.2045268261951));
#4550=CARTESIAN_POINT('Origin',(92.5808552642828,71.7960583803306,51.6545268261951));
#4551=CARTESIAN_POINT('',(94.7534113625241,71.7960583803306,54.2045268261951));
#4552=CARTESIAN_POINT('Origin',(-4.,68.4960583803306,5.475));
#4553=CARTESIAN_POINT('',(-4.5,68.9960583803306,5.7));
#4554=CARTESIAN_POINT('',(-3.5,67.9960583803306,5.7));
#4555=CARTESIAN_POINT('',(-4.5,68.9960583803306,5.7));
#4556=CARTESIAN_POINT('',(-3.5,67.9960583803306,9.95));
#4557=CARTESIAN_POINT('',(-3.5,67.9960583803306,5.475));
#4558=CARTESIAN_POINT('',(-4.5,68.9960583803306,9.95));
#4559=CARTESIAN_POINT('',(-3.5,67.9960583803306,9.95));
#4560=CARTESIAN_POINT('',(-4.5,68.9960583803306,4.7));
#4561=CARTESIAN_POINT('Origin',(-5.5,68.4960583803306,5.7));
#4562=CARTESIAN_POINT('',(-5.5,68.9960583803306,4.7));
#4563=CARTESIAN_POINT('Origin',(-5.5,68.9960583803306,5.7));
#4564=CARTESIAN_POINT('',(-5.5,67.9960583803306,3.7));
#4565=CARTESIAN_POINT('',(-5.5,68.9960583803306,4.7));
#4566=CARTESIAN_POINT('Origin',(-5.5,67.9960583803306,5.7));
#4567=CARTESIAN_POINT('Origin',(54.0404276321414,68.4960583803306,4.20000000000001));
#4568=CARTESIAN_POINT('',(-26.5,68.9960583803306,4.7));
#4569=CARTESIAN_POINT('',(-26.5,67.9960583803306,3.7));
#4570=CARTESIAN_POINT('',(-26.5,68.9960583803306,4.7));
#4571=CARTESIAN_POINT('',(54.0404276321414,67.9960583803306,3.70000000000001));
#4572=CARTESIAN_POINT('',(-34.5,68.9960583803306,4.7));
#4573=CARTESIAN_POINT('Origin',(-26.5,68.4960583803306,5.7));
#4574=CARTESIAN_POINT('',(-27.5,68.9960583803306,5.7));
#4575=CARTESIAN_POINT('Origin',(-26.5,68.9960583803306,5.7));
#4576=CARTESIAN_POINT('',(-28.5,67.9960583803306,5.7));
#4577=CARTESIAN_POINT('',(-27.5,68.9960583803306,5.7));
#4578=CARTESIAN_POINT('Origin',(-26.5,67.9960583803306,5.7));
#4579=CARTESIAN_POINT('Origin',(-28.,68.4960583803306,2.35));
#4580=CARTESIAN_POINT('',(-27.5,68.9960583803306,9.95));
#4581=CARTESIAN_POINT('',(-28.5,67.9960583803306,9.95));
#4582=CARTESIAN_POINT('',(-27.5,68.9960583803306,9.95));
#4583=CARTESIAN_POINT('',(-28.5,67.9960583803306,2.35));
#4584=CARTESIAN_POINT('',(-27.5,68.9960583803306,4.7));
#4585=CARTESIAN_POINT('Origin',(54.0404276321414,68.4960583803306,21.95));
#4586=CARTESIAN_POINT('',(1.5,68.9960583803306,21.45));
#4587=CARTESIAN_POINT('',(1.49999999999999,67.9960583803306,22.45));
#4588=CARTESIAN_POINT('',(1.5,68.9960583803306,21.45));
#4589=CARTESIAN_POINT('',(-3.5,67.9960583803306,22.45));
#4590=CARTESIAN_POINT('',(54.0404276321414,67.9960583803306,22.45));
#4591=CARTESIAN_POINT('',(-3.5,68.9960583803306,21.45));
#4592=CARTESIAN_POINT('',(-3.5,67.9960583803306,22.45));
#4593=CARTESIAN_POINT('',(-4.5,68.9960583803306,21.45));
#4594=CARTESIAN_POINT('Origin',(1.5,68.4960583803306,20.45));
#4595=CARTESIAN_POINT('',(2.5,68.9960583803306,20.45));
#4596=CARTESIAN_POINT('Origin',(1.5,68.9960583803306,20.45));
#4597=CARTESIAN_POINT('',(3.5,67.9960583803306,20.45));
#4598=CARTESIAN_POINT('',(2.5,68.9960583803306,20.45));
#4599=CARTESIAN_POINT('Origin',(1.5,67.9960583803306,20.45));
#4600=CARTESIAN_POINT('Origin',(3.,68.4960583803306,10.725));
#4601=CARTESIAN_POINT('',(2.5,68.9960583803306,11.95));
#4602=CARTESIAN_POINT('',(3.5,67.9960583803306,11.95));
#4603=CARTESIAN_POINT('',(2.5,68.9960583803306,11.95));
#4604=CARTESIAN_POINT('',(3.5,67.9960583803306,10.725));
#4605=CARTESIAN_POINT('',(2.5,68.9960583803306,4.7));
#4606=CARTESIAN_POINT('Origin',(1.5,68.4960583803306,11.95));
#4607=CARTESIAN_POINT('',(1.5,68.9960583803306,10.95));
#4608=CARTESIAN_POINT('Origin',(1.5,68.9960583803306,11.95));
#4609=CARTESIAN_POINT('',(1.5,67.9960583803306,9.95));
#4610=CARTESIAN_POINT('',(1.5,68.9960583803306,10.95));
#4611=CARTESIAN_POINT('Origin',(1.5,67.9960583803306,11.95));
#4612=CARTESIAN_POINT('Origin',(57.5404276321414,68.4960583803306,10.45));
#4613=CARTESIAN_POINT('',(-3.5,68.9960583803306,10.95));
#4614=CARTESIAN_POINT('',(-3.5,68.9960583803306,10.95));
#4615=CARTESIAN_POINT('',(57.5404276321414,67.9960583803306,9.95));
#4616=CARTESIAN_POINT('',(-4.5,68.9960583803306,10.95));
#4617=CARTESIAN_POINT('Origin',(-28.,68.4960583803306,10.725));
#4618=CARTESIAN_POINT('',(-27.5,68.9960583803306,26.7));
#4619=CARTESIAN_POINT('',(-28.5,67.9960583803306,26.7));
#4620=CARTESIAN_POINT('',(-27.5,68.9960583803306,26.7));
#4621=CARTESIAN_POINT('',(-28.5,67.9960583803306,22.45));
#4622=CARTESIAN_POINT('',(-28.5,67.9960583803306,10.725));
#4623=CARTESIAN_POINT('',(-27.5,68.9960583803306,22.45));
#4624=CARTESIAN_POINT('',(-28.5,67.9960583803306,22.45));
#4625=CARTESIAN_POINT('',(-27.5,68.9960583803306,27.7));
#4626=CARTESIAN_POINT('Origin',(-26.5,68.4960583803306,26.7));
#4627=CARTESIAN_POINT('',(-26.5,68.9960583803306,27.7));
#4628=CARTESIAN_POINT('Origin',(-26.5,68.9960583803306,26.7));
#4629=CARTESIAN_POINT('',(-26.5,67.9960583803306,28.7));
#4630=CARTESIAN_POINT('',(-26.5,68.9960583803306,27.7));
#4631=CARTESIAN_POINT('Origin',(-26.5,67.9960583803306,26.7));
#4632=CARTESIAN_POINT('Origin',(42.5404276321414,68.4960583803306,28.2));
#4633=CARTESIAN_POINT('',(-5.5,68.9960583803306,27.7));
#4634=CARTESIAN_POINT('',(-5.5,67.9960583803306,28.7));
#4635=CARTESIAN_POINT('',(-5.5,68.9960583803306,27.7));
#4636=CARTESIAN_POINT('',(42.5404276321414,67.9960583803306,28.7));
#4637=CARTESIAN_POINT('',(2.5,68.9960583803306,27.7));
#4638=CARTESIAN_POINT('Origin',(-5.5,68.4960583803306,26.7));
#4639=CARTESIAN_POINT('',(-4.5,68.9960583803306,26.7));
#4640=CARTESIAN_POINT('Origin',(-5.5,68.9960583803306,26.7));
#4641=CARTESIAN_POINT('',(-3.5,67.9960583803306,26.7));
#4642=CARTESIAN_POINT('',(-4.5,68.9960583803306,26.7));
#4643=CARTESIAN_POINT('Origin',(-5.5,67.9960583803306,26.7));
#4644=CARTESIAN_POINT('Origin',(-4.,68.4960583803306,13.85));
#4645=CARTESIAN_POINT('',(-4.5,68.9960583803306,22.45));
#4646=CARTESIAN_POINT('',(-4.5,68.9960583803306,22.45));
#4647=CARTESIAN_POINT('',(-3.5,67.9960583803306,13.85));
#4648=CARTESIAN_POINT('',(-4.5,68.9960583803306,27.7));
#4649=CARTESIAN_POINT('Origin',(39.0404276321414,68.4960583803306,21.95));
#4650=CARTESIAN_POINT('',(-28.5,68.9960583803306,21.45));
#4651=CARTESIAN_POINT('',(-28.5,68.9960583803306,21.45));
#4652=CARTESIAN_POINT('',(-33.5,67.9960583803306,22.45));
#4653=CARTESIAN_POINT('',(39.0404276321414,67.9960583803306,22.45));
#4654=CARTESIAN_POINT('',(-33.5,68.9960583803306,21.45));
#4655=CARTESIAN_POINT('',(-33.5,67.9960583803306,22.45));
#4656=CARTESIAN_POINT('',(-27.5,68.9960583803306,21.45));
#4657=CARTESIAN_POINT('Origin',(42.5404276321414,68.4960583803306,10.45));
#4658=CARTESIAN_POINT('',(-33.5,68.9960583803306,10.95));
#4659=CARTESIAN_POINT('',(-33.5,67.9960583803306,9.95));
#4660=CARTESIAN_POINT('',(-33.5,68.9960583803306,10.95));
#4661=CARTESIAN_POINT('',(42.5404276321414,67.9960583803306,9.95));
#4662=CARTESIAN_POINT('',(-28.5,68.9960583803306,10.95));
#4663=CARTESIAN_POINT('',(-28.5,67.9960583803306,9.95));
#4664=CARTESIAN_POINT('',(-27.5,68.9960583803306,10.95));
#4665=CARTESIAN_POINT('Origin',(-33.5,68.4960583803306,11.95));
#4666=CARTESIAN_POINT('',(-34.5,68.9960583803306,11.95));
#4667=CARTESIAN_POINT('Origin',(-33.5,68.9960583803306,11.95));
#4668=CARTESIAN_POINT('',(-35.5,67.9960583803306,11.95));
#4669=CARTESIAN_POINT('',(-34.5,68.9960583803306,11.95));
#4670=CARTESIAN_POINT('Origin',(-33.5,67.9960583803306,11.95));
#4671=CARTESIAN_POINT('Origin',(-35.,68.4960583803306,5.475));
#4672=CARTESIAN_POINT('',(-34.5,68.9960583803306,20.45));
#4673=CARTESIAN_POINT('',(-35.5,67.9960583803306,20.45));
#4674=CARTESIAN_POINT('',(-34.5,68.9960583803306,20.45));
#4675=CARTESIAN_POINT('',(-35.5,67.9960583803306,5.475));
#4676=CARTESIAN_POINT('',(-34.5,68.9960583803306,27.7));
#4677=CARTESIAN_POINT('Origin',(-33.5,68.4960583803306,20.45));
#4678=CARTESIAN_POINT('Origin',(-33.5,68.9960583803306,20.45));
#4679=CARTESIAN_POINT('Origin',(-33.5,67.9960583803306,20.45));
#4680=CARTESIAN_POINT('Origin',(-28.5,68.9960583803306,22.45));
#4681=CARTESIAN_POINT('Origin',(-28.5,68.9960583803306,22.45));
#4682=CARTESIAN_POINT('Origin',(-3.5,68.9960583803306,22.45));
#4683=CARTESIAN_POINT('Origin',(-3.5,68.9960583803306,22.45));
#4684=CARTESIAN_POINT('Origin',(-3.5,68.9960583803306,9.95));
#4685=CARTESIAN_POINT('Origin',(-3.5,68.9960583803306,9.95));
#4686=CARTESIAN_POINT('Origin',(-28.5,68.9960583803306,9.95));
#4687=CARTESIAN_POINT('Origin',(-28.5,68.9960583803306,9.95));
#4688=CARTESIAN_POINT('Origin',(112.580855264283,67.9960583803306,0.));
#4689=CARTESIAN_POINT('',(104.580855264283,67.9960583803306,1.));
#4690=CARTESIAN_POINT('',(-104.580855264283,67.9960583803306,1.));
#4691=CARTESIAN_POINT('',(56.2904276321414,67.9960583803306,1.));
#4692=CARTESIAN_POINT('',(104.580855264283,67.9960583803306,4.));
#4693=CARTESIAN_POINT('',(104.580855264283,67.9960583803306,0.));
#4694=CARTESIAN_POINT('',(58.,67.9960583803306,4.));
#4695=CARTESIAN_POINT('',(56.2904276321456,67.9960583803306,4.));
#4696=CARTESIAN_POINT('',(58.,67.9960583803306,19.));
#4697=CARTESIAN_POINT('',(58.,67.9960583803306,2.));
#4698=CARTESIAN_POINT('',(104.580855264283,67.9960583803306,19.));
#4699=CARTESIAN_POINT('',(56.2904276321456,67.9960583803306,19.));
#4700=CARTESIAN_POINT('',(104.580855264283,67.9960583803306,65.9860651169702));
#4701=CARTESIAN_POINT('',(104.580855264283,67.9960583803306,0.));
#4702=CARTESIAN_POINT('',(-56.,67.9960583803306,65.9860651169701));
#4703=CARTESIAN_POINT('',(56.2904276321414,67.9960583803306,65.9860651169702));
#4704=CARTESIAN_POINT('',(-56.,67.9960583803306,56.0556638463077));
#4705=CARTESIAN_POINT('',(-56.,67.9960583803306,19.6392568568198));
#4706=CARTESIAN_POINT('',(-104.580855264283,67.9960583803306,56.0556638463077));
#4707=CARTESIAN_POINT('',(14.8952138160707,67.9960583803306,56.0556638463077));
#4708=CARTESIAN_POINT('',(-104.580855264283,67.9960583803306,19.));
#4709=CARTESIAN_POINT('',(-104.580855264283,67.9960583803306,0.));
#4710=CARTESIAN_POINT('',(-56.,67.9960583803306,19.));
#4711=CARTESIAN_POINT('',(14.8952138160707,67.9960583803306,19.));
#4712=CARTESIAN_POINT('',(-56.,67.9960583803306,4.));
#4713=CARTESIAN_POINT('',(-56.,67.9960583803306,2.));
#4714=CARTESIAN_POINT('',(-104.580855264283,67.9960583803306,4.));
#4715=CARTESIAN_POINT('',(14.8952138160707,67.9960583803306,4.));
#4716=CARTESIAN_POINT('',(-104.580855264283,67.9960583803306,0.));
#4717=CARTESIAN_POINT('',(10.1,67.9960583803306,19.1));
#4718=CARTESIAN_POINT('',(25.9,67.9960583803306,19.1));
#4719=CARTESIAN_POINT('',(61.3404276321414,67.9960583803306,19.1));
#4720=CARTESIAN_POINT('',(25.9,67.9960583803306,10.9));
#4721=CARTESIAN_POINT('Origin',(25.9,67.9960583803306,15.));
#4722=CARTESIAN_POINT('',(10.1,67.9960583803306,10.9));
#4723=CARTESIAN_POINT('',(69.2404276321414,67.9960583803306,10.9));
#4724=CARTESIAN_POINT('Origin',(10.1,67.9960583803306,15.));
#4725=CARTESIAN_POINT('',(90.0668942462874,67.9960583803306,55.2045268261951));
#4726=CARTESIAN_POINT('',(95.0948162822781,67.9960583803306,55.2045268261951));
#4727=CARTESIAN_POINT('Origin',(92.5808552642828,67.9960583803306,51.6545268261951));
#4728=CARTESIAN_POINT('',(101.494577215162,67.9960583803306,55.2045268261951));
#4729=CARTESIAN_POINT('Origin',(-16.,68.9960583803306,16.2));
#4730=CARTESIAN_POINT('',(-0.799999999999997,68.9960583803306,16.2));
#4731=CARTESIAN_POINT('Origin',(-2.5,68.9960583803306,16.2));
#4732=CARTESIAN_POINT('',(-24.2,68.9960583803306,22.));
#4733=CARTESIAN_POINT('',(-24.2,68.9960583803306,8.));
#4734=CARTESIAN_POINT('',(-24.2,68.9960583803306,19.1));
#4735=CARTESIAN_POINT('',(-7.8,68.9960583803306,22.));
#4736=CARTESIAN_POINT('',(-11.9,68.9960583803306,22.));
#4737=CARTESIAN_POINT('',(-7.8,68.9960583803306,8.));
#4738=CARTESIAN_POINT('',(-7.8,68.9960583803306,12.1));
#4739=CARTESIAN_POINT('',(-20.1,68.9960583803306,8.));
#4740=CARTESIAN_POINT('',(-27.8,68.9960583803306,16.2));
#4741=CARTESIAN_POINT('Origin',(-29.5,68.9960583803306,16.2));
#4742=CARTESIAN_POINT('Origin',(-7.8,70.9960583803306,8.));
#4743=CARTESIAN_POINT('',(-7.8,70.9960583803306,22.));
#4744=CARTESIAN_POINT('',(-7.8,70.9960583803306,8.));
#4745=CARTESIAN_POINT('Origin',(-7.8,70.9960583803306,22.));
#4746=CARTESIAN_POINT('',(-24.2,70.9960583803306,22.));
#4747=CARTESIAN_POINT('Origin',(10.1,67.9960583803306,19.1));
#4748=CARTESIAN_POINT('',(10.1,69.7960583803306,19.1));
#4749=CARTESIAN_POINT('',(10.1,67.9960583803306,19.1));
#4750=CARTESIAN_POINT('',(25.9,69.7960583803306,19.1));
#4751=CARTESIAN_POINT('',(25.9,69.7960583803306,19.1));
#4752=CARTESIAN_POINT('',(25.9,67.9960583803306,19.1));
#4753=CARTESIAN_POINT('Origin',(10.1,67.9960583803306,15.));
#4754=CARTESIAN_POINT('',(10.1,69.7960583803306,10.9));
#4755=CARTESIAN_POINT('',(10.1,67.9960583803306,10.9));
#4756=CARTESIAN_POINT('Origin',(10.1,69.7960583803306,15.));
#4757=CARTESIAN_POINT('Origin',(25.9,67.9960583803306,10.9));
#4758=CARTESIAN_POINT('',(25.9,69.7960583803306,10.9));
#4759=CARTESIAN_POINT('',(25.9,67.9960583803306,10.9));
#4760=CARTESIAN_POINT('',(10.1,69.7960583803306,10.9));
#4761=CARTESIAN_POINT('Origin',(25.9,67.9960583803306,15.));
#4762=CARTESIAN_POINT('Origin',(25.9,69.7960583803306,15.));
#4763=CARTESIAN_POINT('Origin',(18.,69.7960583803306,15.));
#4764=CARTESIAN_POINT('',(26.45,69.7960583803306,15.));
#4765=CARTESIAN_POINT('Origin',(25.25,69.7960583803306,15.));
#4766=CARTESIAN_POINT('',(15.1,69.7960583803306,16.7));
#4767=CARTESIAN_POINT('',(15.1,69.7960583803306,13.3));
#4768=CARTESIAN_POINT('Origin',(15.1,69.7960583803306,15.));
#4769=CARTESIAN_POINT('',(20.9,69.7960583803306,16.7));
#4770=CARTESIAN_POINT('',(19.45,69.7960583803305,16.7));
#4771=CARTESIAN_POINT('',(20.9,69.7960583803306,13.3));
#4772=CARTESIAN_POINT('Origin',(20.9,69.7960583803306,15.));
#4773=CARTESIAN_POINT('',(16.55,69.7960583803305,13.3));
#4774=CARTESIAN_POINT('',(11.95,69.7960583803306,15.));
#4775=CARTESIAN_POINT('Origin',(10.75,69.7960583803306,15.));
#4776=CARTESIAN_POINT('Origin',(15.1,70.9960583803306,13.3));
#4777=CARTESIAN_POINT('',(20.9,70.7960583803306,13.3));
#4778=CARTESIAN_POINT('',(20.9,70.9960583803306,13.3));
#4779=CARTESIAN_POINT('',(15.1,70.7960583803306,13.3));
#4780=CARTESIAN_POINT('',(63.8404276321414,70.7960583803306,13.3));
#4781=CARTESIAN_POINT('',(15.1,70.9960583803306,13.3));
#4782=CARTESIAN_POINT('Origin',(20.9,70.9960583803306,15.));
#4783=CARTESIAN_POINT('',(20.9,70.7960583803306,16.7));
#4784=CARTESIAN_POINT('',(20.9,70.9960583803306,16.7));
#4785=CARTESIAN_POINT('Origin',(20.9,70.7960583803306,15.));
#4786=CARTESIAN_POINT('Origin',(10.75,70.4960583803306,15.));
#4787=CARTESIAN_POINT('',(11.95,69.9960583803306,15.));
#4788=CARTESIAN_POINT('',(12.45,70.4960583803306,15.));
#4789=CARTESIAN_POINT('Origin',(10.75,69.9960583803306,15.));
#4790=CARTESIAN_POINT('Origin',(10.75,70.9960583803306,15.));
#4791=CARTESIAN_POINT('',(11.95,70.9960583803306,15.));
#4792=CARTESIAN_POINT('Origin',(25.25,70.4960583803306,15.));
#4793=CARTESIAN_POINT('',(26.45,69.9960583803306,15.));
#4794=CARTESIAN_POINT('',(26.95,70.4960583803306,15.));
#4795=CARTESIAN_POINT('Origin',(25.25,69.9960583803306,15.));
#4796=CARTESIAN_POINT('Origin',(25.25,70.9960583803306,15.));
#4797=CARTESIAN_POINT('',(26.45,70.9960583803306,15.));
#4798=CARTESIAN_POINT('Origin',(20.9,70.8960583803306,15.));
#4799=CARTESIAN_POINT('',(20.9,70.7960583803306,16.7));
#4800=CARTESIAN_POINT('',(20.9,70.9960583803306,13.1));
#4801=CARTESIAN_POINT('Origin',(66.7404276321414,70.8960583803306,16.8));
#4802=CARTESIAN_POINT('',(15.1,70.7960583803306,16.7));
#4803=CARTESIAN_POINT('',(15.1,70.7960583803306,16.7));
#4804=CARTESIAN_POINT('',(66.7404276321414,70.7960583803306,16.7));
#4805=CARTESIAN_POINT('Origin',(15.1,70.8960583803306,15.));
#4806=CARTESIAN_POINT('',(15.1,70.7960583803306,13.3));
#4807=CARTESIAN_POINT('Origin',(15.1,70.7960583803306,15.));
#4808=CARTESIAN_POINT('Origin',(63.8404276321414,70.8960583803306,13.2));
#4809=CARTESIAN_POINT('Origin',(20.9,70.9960583803306,16.7));
#4810=CARTESIAN_POINT('',(15.1,70.9960583803306,16.7));
#4811=CARTESIAN_POINT('Origin',(-89.,47.036398030573,61.7293045783629));
#4812=CARTESIAN_POINT('',(-89.,30.0411747903774,47.1840343156309));
#4813=CARTESIAN_POINT('',(-89.,31.7316478373402,43.5588031674843));
#4814=CARTESIAN_POINT('',(-89.,33.422120884303,39.9335720193377));
#4815=CARTESIAN_POINT('',(-89.0000000000001,49.5721076010172,56.291457856143));
#4816=CARTESIAN_POINT('',(-89.0000000000001,49.5721076010172,56.291457856143));
#4817=CARTESIAN_POINT('',(-89.0000000000001,46.1911615070916,63.5419201524362));
#4818=CARTESIAN_POINT('',(-89.0000000000001,47.036398030573,61.7293045783629));
#4819=CARTESIAN_POINT('',(-89.,-47.1585405576834,20.0122391931442));
#4820=CARTESIAN_POINT('',(-89.,22.6729624918051,52.5752038455948));
#4821=CARTESIAN_POINT('',(-89.,-43.7775944637578,12.761776896851));
#4822=CARTESIAN_POINT('',(-89.,-46.313304034202,18.1996236190709));
#4823=CARTESIAN_POINT('',(-89.,-21.6636844600635,23.073662483324));
#4824=CARTESIAN_POINT('',(-89.0000000000001,49.5721076010172,56.291457856143));
#4825=CARTESIAN_POINT('',(-89.,-18.2827383661379,15.8232001870308));
#4826=CARTESIAN_POINT('',(-89.,-18.2827383661379,15.8232001870308));
#4827=CARTESIAN_POINT('',(-89.,33.422120884303,39.9335720193377));
#4828=CARTESIAN_POINT('',(-89.,28.3783090253045,37.5816039231938));
#4829=CARTESIAN_POINT('',(-89.,30.4637930521181,46.2777265285943));
#4830=CARTESIAN_POINT('Origin',(0.,-0.845236523481396,41.6084875387534));
#4831=CARTESIAN_POINT('',(88.7,50.7227004422748,65.6550114611397));
#4832=CARTESIAN_POINT('',(96.7,43.4722381459816,62.2740653672141));
#4833=CARTESIAN_POINT('Origin',(88.7,43.4722381459816,62.2740653672141));
#4834=CARTESIAN_POINT('',(-88.7,50.7227004422748,65.6550114611397));
#4835=CARTESIAN_POINT('',(-48.35,50.7227004422748,65.6550114611397));
#4836=CARTESIAN_POINT('',(-96.7,43.4722381459816,62.2740653672141));
#4837=CARTESIAN_POINT('Origin',(-88.7,43.4722381459816,62.2740653672141));
#4838=CARTESIAN_POINT('',(-96.7,-42.6270016225002,22.1253305018476));
#4839=CARTESIAN_POINT('',(-96.7,-25.3613502211374,30.1764359733377));
#4840=CARTESIAN_POINT('',(-88.7,-49.8774639187934,18.744384407922));
#4841=CARTESIAN_POINT('Origin',(-88.7,-42.6270016225002,22.1253305018477));
#4842=CARTESIAN_POINT('',(88.7,-49.8774639187934,18.744384407922));
#4843=CARTESIAN_POINT('',(48.35,-49.8774639187934,18.744384407922));
#4844=CARTESIAN_POINT('',(96.7,-42.6270016225002,22.1253305018476));
#4845=CARTESIAN_POINT('Origin',(88.7,-42.6270016225002,22.1253305018477));
#4846=CARTESIAN_POINT('',(96.7,24.9387319593967,53.6317494999465));
#4847=CARTESIAN_POINT('',(-32.,-47.1585405576834,20.0122391931442));
#4848=CARTESIAN_POINT('',(-88.,-47.1585405576834,20.0122391931441));
#4849=CARTESIAN_POINT('',(88.,46.1911615070915,63.5419201524362));
#4850=CARTESIAN_POINT('',(-44.,46.1911615070916,63.5419201524362));
#4851=CARTESIAN_POINT('',(88.,-47.1585405576834,20.0122391931442));
#4852=CARTESIAN_POINT('',(88.,-47.1585405576834,20.0122391931442));
#4853=CARTESIAN_POINT('',(32.,-47.1585405576834,20.0122391931442));
#4854=CARTESIAN_POINT('',(-88.,-47.1585405576834,20.0122391931441));
#4855=CARTESIAN_POINT('',(30.2679491924311,-48.0648483447201,19.5896209314034));
#4856=CARTESIAN_POINT('Origin',(32.,-48.9711561317567,19.1670026696627));
#4857=CARTESIAN_POINT('',(-30.2679491924312,-48.06484834472,19.5896209314035));
#4858=CARTESIAN_POINT('',(-15.0000000000001,-48.06484834472,19.5896209314035));
#4859=CARTESIAN_POINT('Origin',(-32.,-48.9711561317567,19.1670026696627));
#4860=CARTESIAN_POINT('Origin',(-56.,31.5345777054143,43.981421429225));
#4861=CARTESIAN_POINT('',(-58.45,31.5345777054143,43.981421429225));
#4862=CARTESIAN_POINT('',(-57.45,32.6379556243768,43.981421429225));
#4863=CARTESIAN_POINT('',(-57.2250138614302,32.8862003617473,43.981421429225));
#4864=CARTESIAN_POINT('',(-87.,31.5345777054143,43.981421429225));
#4865=CARTESIAN_POINT('',(-57.225,31.5345777054143,43.981421429225));
#4866=CARTESIAN_POINT('',(-87.,32.6379556243768,43.981421429225));
#4867=CARTESIAN_POINT('',(-87.,32.6379556243768,43.981421429225));
#4868=CARTESIAN_POINT('',(-69.3952138160707,32.6379556243768,43.981421429225));
#4869=CARTESIAN_POINT('Origin',(-87.,32.0862666648956,43.7701122983547));
#4870=CARTESIAN_POINT('',(-87.,31.7316478373401,43.5588031674843));
#4871=CARTESIAN_POINT('',(-87.,32.568084874211,41.7650581533444));
#4872=CARTESIAN_POINT('',(-87.,21.2962926432107,38.6927171248943));
#4873=CARTESIAN_POINT('Origin',(-58.,33.8299593884695,40.123750237121));
#4874=CARTESIAN_POINT('',(-56.,33.95210191558,44.5942179087491));
#4875=CARTESIAN_POINT('',(-70.1698513825072,21.1098552664616,38.6057799483498));
#4876=CARTESIAN_POINT('',(-56.,32.2616288686172,48.2194490568956));
#4877=CARTESIAN_POINT('',(-56.,35.6425749625428,40.9689867606024));
#4878=CARTESIAN_POINT('',(-58.45,30.0411747903773,47.1840343156309));
#4879=CARTESIAN_POINT('',(-72.4802222243454,17.3254751345985,41.2546061873424));
#4880=CARTESIAN_POINT('',(-58.45,33.4221208843029,39.9335720193377));
#4881=CARTESIAN_POINT('Origin',(-82.7904276321414,10.4887196483048,33.6530630713005));
#4882=CARTESIAN_POINT('',(-70.6202138160707,31.7316478373401,43.5588031674843));
#4883=CARTESIAN_POINT('',(-109.580855264283,31.7316478373402,43.5588031674843));
#4884=CARTESIAN_POINT('',(-58.45,31.7316478373401,43.5588031674843));
#4885=CARTESIAN_POINT('',(-109.580855264283,61.3055853333678,57.3493567036793));
#4886=CARTESIAN_POINT('',(-109.580855264283,-13.1605422291148,22.6252311481466));
#4887=CARTESIAN_POINT('',(-104.580855264283,66.3055853333678,59.6808949944543));
#4888=CARTESIAN_POINT('Origin',(-104.580855264283,61.3055853333678,57.3493567036793));
#4889=CARTESIAN_POINT('',(-56.,66.3055853333678,59.6808949944543));
#4890=CARTESIAN_POINT('',(-104.580855264283,66.3055853333678,59.6808949944543));
#4891=CARTESIAN_POINT('',(-56.,20.4077952078691,38.2784039665434));
#4892=CARTESIAN_POINT('',(-64.25,34.8584097026166,45.0168361704898));
#4893=CARTESIAN_POINT('Origin',(-62.,34.8584097026166,45.0168361704898));
#4894=CARTESIAN_POINT('Ctrl Pts',(-104.580855264283,67.9960583803306,56.0556638463077));
#4895=CARTESIAN_POINT('Ctrl Pts',(-109.580855264283,67.9960583803306,56.0556638463077));
#4896=CARTESIAN_POINT('Ctrl Pts',(-109.580855264283,62.9960583803306,53.7241255555327));
#4897=CARTESIAN_POINT('Ctrl Pts',(-104.580855264283,66.3055853333678,59.6808949944543));
#4898=CARTESIAN_POINT('Ctrl Pts',(-109.580855264283,66.3055853333678,59.6808949944543));
#4899=CARTESIAN_POINT('Ctrl Pts',(-109.580855264283,61.3055853333678,57.3493567036793));
#4900=CARTESIAN_POINT('',(-109.580855264283,62.9960583803306,53.7241255555327));
#4901=CARTESIAN_POINT('Origin',(-104.580855264283,62.9960583803306,53.7241255555327));
#4902=CARTESIAN_POINT('',(-104.580855264283,67.9960583803306,56.0556638463077));
#4903=CARTESIAN_POINT('',(-109.580855264283,62.9960583803306,53.7241255555327));
#4904=CARTESIAN_POINT('Origin',(-56.,67.9960583803306,56.0556638463077));
#4905=CARTESIAN_POINT('',(-56.,67.9960583803306,56.0556638463077));
#4906=CARTESIAN_POINT('Origin',(-109.580855264283,33.422120884303,39.9335720193377));
#4907=CARTESIAN_POINT('',(-109.580855264283,33.4221208843029,39.9335720193377));
#4908=CARTESIAN_POINT('',(-96.1856414482121,33.4221208843029,39.9335720193377));
#4909=CARTESIAN_POINT('',(-109.580855264283,33.4221208843029,39.9335720193377));
#4910=CARTESIAN_POINT('Origin',(-82.7904276321414,3.8035643556663,26.1222122865377));
#4911=CARTESIAN_POINT('',(-60.,-18.2827383661379,15.8232001870308));
#4912=CARTESIAN_POINT('',(-56.,-18.2827383661379,15.8232001870308));
#4913=CARTESIAN_POINT('',(-56.,-21.9079695142845,14.132727140068));
#4914=CARTESIAN_POINT('',(-70.7899915917253,-8.50368496449724,20.3832476777226));
#4915=CARTESIAN_POINT('',(-56.,-43.6376729897954,4.));
#4916=CARTESIAN_POINT('',(-56.,-40.3966483698322,5.51131460055772));
#4917=CARTESIAN_POINT('',(-99.5808552642828,-43.6376729897954,4.));
#4918=CARTESIAN_POINT('',(-41.3952138160707,-43.6376729897954,4.));
#4919=CARTESIAN_POINT('',(-99.5808552642828,-11.470069182152,19.));
#4920=CARTESIAN_POINT('',(-99.5808552642828,-19.9170543170646,15.0611061432689));
#4921=CARTESIAN_POINT('',(-109.580855264283,-11.470069182152,19.));
#4922=CARTESIAN_POINT('',(-82.7904276321414,-11.470069182152,19.));
#4923=CARTESIAN_POINT('',(-109.580855264283,26.396619626561,36.6575269804751));
#4924=CARTESIAN_POINT('',(-64.25,-22.8142773013212,13.7101088783273));
#4925=CARTESIAN_POINT('Origin',(-62.,-22.8142773013212,13.7101088783273));
#4926=CARTESIAN_POINT('Origin',(-58.45,33.4221208843029,39.9335720193377));
#4927=CARTESIAN_POINT('',(-70.6202138160707,30.0411747903773,47.1840343156309));
#4928=CARTESIAN_POINT('Origin',(83.1856414482121,44.3652675295949,47.2432009422755));
#4929=CARTESIAN_POINT('',(82.5808552642828,43.397888479003,44.5853488447208));
#4930=CARTESIAN_POINT('',(82.5808552642828,45.3326465801868,49.9010530398302));
#4931=CARTESIAN_POINT('',(82.5808552642828,45.8163361054827,51.2299790886076));
#4932=CARTESIAN_POINT('',(102.580855264283,45.3326465801868,49.9010530398302));
#4933=CARTESIAN_POINT('',(83.1856414482121,45.3326465801868,49.9010530398302));
#4934=CARTESIAN_POINT('',(102.580855264283,43.397888479003,44.5853488447208));
#4935=CARTESIAN_POINT('',(102.580855264283,44.3652675295949,47.2432009422755));
#4936=CARTESIAN_POINT('',(83.1856414482121,43.397888479003,44.5853488447208));
#4937=CARTESIAN_POINT('Origin',(82.5808552642828,47.0231196271496,46.2758218916836));
#4938=CARTESIAN_POINT('',(82.5808552642828,43.642173533224,53.5262841879768));
#4939=CARTESIAN_POINT('',(82.5808552642828,47.0231196271496,46.2758218916836));
#4940=CARTESIAN_POINT('',(88.,43.642173533224,53.5262841879768));
#4941=CARTESIAN_POINT('',(83.1856414482121,43.642173533224,53.5262841879768));
#4942=CARTESIAN_POINT('',(88.,43.2195552714833,54.4325919750135));
#4943=CARTESIAN_POINT('',(88.,44.0647917949647,52.6199764009402));
#4944=CARTESIAN_POINT('',(102.580855264283,43.2195552714833,54.4325919750135));
#4945=CARTESIAN_POINT('',(82.5808552642828,43.2195552714833,54.4325919750135));
#4946=CARTESIAN_POINT('',(102.580855264283,47.0231196271496,46.2758218916836));
#4947=CARTESIAN_POINT('Origin',(82.5808552642828,57.8988130715894,51.347241032572));
#4948=CARTESIAN_POINT('',(82.5808552642828,49.5721076010172,56.291457856143));
#4949=CARTESIAN_POINT('',(82.5808552642828,49.1494893392764,57.1977656431797));
#4950=CARTESIAN_POINT('',(82.5808552642828,49.9947258627579,55.3851500691064));
#4951=CARTESIAN_POINT('',(82.5808552642828,27.4702426197022,45.9851889558481));
#4952=CARTESIAN_POINT('',(82.5808552642828,51.9960583803302,48.5947413158275));
#4953=CARTESIAN_POINT('',(82.5808552642828,30.8511887136278,38.7347266595549));
#4954=CARTESIAN_POINT('',(82.5808552642828,51.9960583803302,58.52514258649));
#4955=CARTESIAN_POINT('',(82.5808552642828,51.9960583803302,54.936191809531));
#4956=CARTESIAN_POINT('',(82.5808552642828,54.0952487159231,59.5040111159019));
#4957=CARTESIAN_POINT('Origin',(102.580855264283,47.0231196271496,46.2758218916836));
#4958=CARTESIAN_POINT('',(102.580855264283,51.9960583803302,48.5947413158275));
#4959=CARTESIAN_POINT('',(102.580855264283,51.9960583803302,58.5251425864899));
#4960=CARTESIAN_POINT('',(102.580855264283,51.9960583803302,52.4004822390868));
#4961=CARTESIAN_POINT('',(102.580855264283,25.4133419914079,36.1990170891107));
#4962=CARTESIAN_POINT('',(102.580855264283,43.2195552714833,54.4325919750135));
#4963=CARTESIAN_POINT('Origin',(88.,-46.313304034202,18.1996236190709));
#4964=CARTESIAN_POINT('',(88.,49.1494893392765,57.1977656431797));
#4965=CARTESIAN_POINT('',(88.,2.22859463410233,35.3181931146726));
#4966=CARTESIAN_POINT('',(88.,28.6363977204705,46.5289760099328));
#4967=CARTESIAN_POINT('',(88.,-43.7775944637578,12.761776896851));
#4968=CARTESIAN_POINT('',(88.,31.7118851099111,39.9335720193377));
#4969=CARTESIAN_POINT('',(88.,32.0173438143961,39.2785137136396));
#4970=CARTESIAN_POINT('',(88.,33.422120884303,39.9335720193377));
#4971=CARTESIAN_POINT('',(88.,33.422120884303,39.9335720193377));
#4972=CARTESIAN_POINT('',(88.,-18.2827383661379,15.8232001870308));
#4973=CARTESIAN_POINT('',(88.,18.1989228806331,32.8348782086166));
#4974=CARTESIAN_POINT('',(88.,-21.6636844600635,23.073662483324));
#4975=CARTESIAN_POINT('',(88.,-18.2827383661379,15.8232001870308));
#4976=CARTESIAN_POINT('',(88.,-43.7775944637578,12.761776896851));
#4977=CARTESIAN_POINT('',(88.,-43.7775944637578,12.761776896851));
#4978=CARTESIAN_POINT('',(88.,-46.313304034202,18.1996236190709));
#4979=CARTESIAN_POINT('',(88.,47.036398030573,61.7293045783629));
#4980=CARTESIAN_POINT('Origin',(83.7904276321413,0.422618261740718,33.3726745828309));
#4981=CARTESIAN_POINT('',(57.9999999999999,49.5721076010172,56.291457856143));
#4982=CARTESIAN_POINT('',(88.,49.5721076010172,56.291457856143));
#4983=CARTESIAN_POINT('',(57.9999999999999,32.2616288686171,48.2194490568956));
#4984=CARTESIAN_POINT('',(57.9999999999999,34.420647451906,49.2262159563822));
#4985=CARTESIAN_POINT('',(62.,28.6363977204705,46.5289760099328));
#4986=CARTESIAN_POINT('',(74.2302222243454,17.5520520813578,41.3602607527776));
#4987=CARTESIAN_POINT('',(70.8952138160706,28.6363977204705,46.5289760099328));
#4988=CARTESIAN_POINT('',(61.75,33.1679366556538,48.6420673186363));
#4989=CARTESIAN_POINT('Origin',(64.,33.1679366556538,48.6420673186363));
#4990=CARTESIAN_POINT('Origin',(57.9999999999999,51.9960583803303,58.52514258649));
#4991=CARTESIAN_POINT('',(109.5808552643,51.9960583803302,58.5251425864899));
#4992=CARTESIAN_POINT('',(57.9999999999999,51.9960583803303,58.52514258649));
#4993=CARTESIAN_POINT('',(109.5808552643,51.9960583803302,48.5947413158275));
#4994=CARTESIAN_POINT('',(109.5808552643,51.9960583803302,58.5251425864899));
#4995=CARTESIAN_POINT('',(70.8952138160707,51.9960583803303,48.5947413158275));
#4996=CARTESIAN_POINT('Origin',(57.9999999999999,51.9960583803303,58.52514258649));
#4997=CARTESIAN_POINT('',(57.9999999999999,51.9960583803303,48.5947413158276));
#4998=CARTESIAN_POINT('',(70.8952138160707,51.9960583803303,48.5947413158275));
#4999=CARTESIAN_POINT('',(57.9999999999999,51.9960583803303,58.52514258649));
#5000=CARTESIAN_POINT('',(57.9999999999999,51.9960583803303,58.1772188100651));
#5001=CARTESIAN_POINT('',(57.9999999999999,51.9960583803303,58.52514258649));
#5002=CARTESIAN_POINT('Origin',(83.7904276321413,3.80356435566631,26.1222122865377));
#5003=CARTESIAN_POINT('',(109.580855264399,-11.470069182152,19.));
#5004=CARTESIAN_POINT('',(109.580855264283,-31.9191028953336,9.46445897767367));
#5005=CARTESIAN_POINT('',(99.5808552642828,-11.470069182152,19.));
#5006=CARTESIAN_POINT('',(41.8952138160749,-11.470069182152,19.));
#5007=CARTESIAN_POINT('',(99.5808552642828,-43.6376729897954,4.));
#5008=CARTESIAN_POINT('',(99.5808552642829,19.3594229236687,33.3760282659733));
#5009=CARTESIAN_POINT('',(58.,-43.6376729897954,4.));
#5010=CARTESIAN_POINT('',(41.8952138160707,-43.6376729897954,4.));
#5011=CARTESIAN_POINT('',(58.,-21.9079695142846,14.132727140068));
#5012=CARTESIAN_POINT('',(57.9999999999999,52.9530536949427,49.0409955598498));
#5013=CARTESIAN_POINT('',(62.,-18.2827383661379,15.8232001870308));
#5014=CARTESIAN_POINT('',(72.5399915917254,-8.73026191125648,20.2775931122873));
#5015=CARTESIAN_POINT('',(88.,-18.2827383661379,15.8232001870308));
#5016=CARTESIAN_POINT('',(60.4499999999999,33.4221208843029,39.9335720193377));
#5017=CARTESIAN_POINT('',(13.8952138160707,33.4221208843029,39.9335720193377));
#5018=CARTESIAN_POINT('',(57.9999999999999,35.6425749625427,40.9689867606024));
#5019=CARTESIAN_POINT('',(74.2302222243454,20.9329981752834,34.1097984564844));
#5020=CARTESIAN_POINT('',(57.9999999999999,52.9530536949427,49.0409955598498));
#5021=CARTESIAN_POINT('',(61.75,-22.8142773013212,13.7101088783273));
#5022=CARTESIAN_POINT('Origin',(64.,-22.8142773013212,13.7101088783273));
#5023=CARTESIAN_POINT('',(61.75,36.5488827495794,41.3916050223431));
#5024=CARTESIAN_POINT('Origin',(64.,36.5488827495794,41.3916050223431));
#5025=CARTESIAN_POINT('Origin',(92.5808552642828,68.4960583803306,51.6545268261951));
#5026=CARTESIAN_POINT('',(94.7534113625228,68.9960583803306,54.2045268261951));
#5027=CARTESIAN_POINT('Ctrl Pts',(95.0948162822781,67.9960583803306,55.2045268261951));
#5028=CARTESIAN_POINT('Ctrl Pts',(94.9889894883673,68.3286139235197,54.871971283006));
#5029=CARTESIAN_POINT('Ctrl Pts',(94.8749084229111,68.6661094059995,54.5344758005262));
#5030=CARTESIAN_POINT('Ctrl Pts',(94.7534113625228,68.9960583803306,54.2045268261951));
#5031=CARTESIAN_POINT('',(90.4082991660427,68.9960583803306,54.2045268261951));
#5032=CARTESIAN_POINT('Origin',(92.5808552642828,68.9960583803306,51.6545268261951));
#5033=CARTESIAN_POINT('Ctrl Pts',(90.0668942462874,67.9960583803306,55.2045268261951));
#5034=CARTESIAN_POINT('Ctrl Pts',(90.1727210401983,68.3286139235197,54.871971283006));
#5035=CARTESIAN_POINT('Ctrl Pts',(90.2868021056544,68.6661094059995,54.5344758005262));
#5036=CARTESIAN_POINT('Ctrl Pts',(90.4082991660427,68.9960583803306,54.2045268261951));
#5037=CARTESIAN_POINT('Origin',(101.494577215162,68.4960583803306,54.7045268261951));
#5038=CARTESIAN_POINT('',(101.494577215162,68.9960583803306,54.2045268261951));
#5039=CARTESIAN_POINT('Origin',(90.4082991660414,70.9960583803306,54.2045268261951));
#5040=CARTESIAN_POINT('',(90.4082991660427,70.9960583803306,54.2045268261951));
#5041=CARTESIAN_POINT('',(94.7534113625228,70.9960583803306,54.2045268261951));
#5042=CARTESIAN_POINT('Origin',(-56.2904276321414,-68.4960583803306,0.5));
#5043=CARTESIAN_POINT('',(104.580855264283,-67.9960583803305,1.));
#5044=CARTESIAN_POINT('',(104.580855264283,-68.9960583803305,0.));
#5045=CARTESIAN_POINT('',(104.580855264283,-67.9960583803305,1.));
#5046=CARTESIAN_POINT('',(-104.580855264283,-68.9960583803305,0.));
#5047=CARTESIAN_POINT('',(-56.2904276321414,-68.9960583803305,0.));
#5048=CARTESIAN_POINT('',(-104.580855264283,-67.9960583803305,1.));
#5049=CARTESIAN_POINT('',(-104.580855264283,-68.9960583803305,0.));
#5050=CARTESIAN_POINT('',(-56.2904276321414,-67.9960583803306,1.));
#5051=CARTESIAN_POINT('Origin',(104.580855264283,-62.9960583803305,0.5));
#5052=CARTESIAN_POINT('',(109.580855264283,-62.9960583803305,1.));
#5053=CARTESIAN_POINT('',(110.580855264283,-62.9960583803305,0.));
#5054=CARTESIAN_POINT('',(109.580855264283,-62.9960583803305,1.));
#5055=CARTESIAN_POINT('Origin',(104.580855264283,-62.9960583803305,0.));
#5056=CARTESIAN_POINT('Origin',(104.580855264283,-62.9960583803305,1.));
#5057=CARTESIAN_POINT('Origin',(110.080855264283,-35.4980291901653,0.5));
#5058=CARTESIAN_POINT('',(109.580855264283,62.9960583803306,1.));
#5059=CARTESIAN_POINT('',(110.580855264283,62.9960583803306,0.));
#5060=CARTESIAN_POINT('',(109.580855264283,62.9960583803306,1.));
#5061=CARTESIAN_POINT('',(110.580855264283,-35.4980291901653,0.));
#5062=CARTESIAN_POINT('',(109.580855264283,-35.4980291901653,1.));
#5063=CARTESIAN_POINT('Origin',(104.580855264283,62.9960583803306,0.5));
#5064=CARTESIAN_POINT('Origin',(104.580855264283,62.9960583803306,1.));
#5065=CARTESIAN_POINT('',(104.580855264283,68.9960583803306,0.));
#5066=CARTESIAN_POINT('',(104.580855264283,67.9960583803306,1.));
#5067=CARTESIAN_POINT('Origin',(104.580855264283,62.9960583803306,0.));
#5068=CARTESIAN_POINT('Origin',(56.2904276321414,68.4960583803306,0.5));
#5069=CARTESIAN_POINT('',(-104.580855264283,68.9960583803306,0.));
#5070=CARTESIAN_POINT('',(-104.580855264283,67.9960583803306,1.));
#5071=CARTESIAN_POINT('',(56.2904276321414,68.9960583803306,0.));
#5072=CARTESIAN_POINT('Origin',(-104.580855264283,62.9960583803306,0.5));
#5073=CARTESIAN_POINT('',(-109.580855264283,62.9960583803306,1.));
#5074=CARTESIAN_POINT('Origin',(-104.580855264283,62.9960583803306,1.));
#5075=CARTESIAN_POINT('',(-110.580855264283,62.9960583803306,0.));
#5076=CARTESIAN_POINT('',(-109.580855264283,62.9960583803306,1.));
#5077=CARTESIAN_POINT('Origin',(-104.580855264283,62.9960583803306,0.));
#5078=CARTESIAN_POINT('Origin',(-110.080855264283,35.4980291901653,0.5));
#5079=CARTESIAN_POINT('',(-109.580855264283,-62.9960583803305,1.));
#5080=CARTESIAN_POINT('',(-110.580855264283,-62.9960583803305,0.));
#5081=CARTESIAN_POINT('',(-109.580855264283,-62.9960583803305,1.));
#5082=CARTESIAN_POINT('',(-110.580855264283,35.4980291901653,0.));
#5083=CARTESIAN_POINT('',(-109.580855264283,35.4980291901653,1.));
#5084=CARTESIAN_POINT('Origin',(-104.580855264283,-62.9960583803305,0.5));
#5085=CARTESIAN_POINT('Origin',(-104.580855264283,-62.9960583803305,0.));
#5086=CARTESIAN_POINT('Origin',(-104.580855264283,-62.9960583803305,1.));
#5087=CARTESIAN_POINT('Origin',(104.580855264283,62.9960583803306,0.));
#5088=CARTESIAN_POINT('',(109.580855264283,62.9960583803305,4.));
#5089=CARTESIAN_POINT('',(109.580855264283,62.9960583803306,0.));
#5090=CARTESIAN_POINT('Origin',(104.580855264283,62.9960583803306,4.));
#5091=CARTESIAN_POINT('Origin',(109.580855264283,-70.9960583803306,0.));
#5092=CARTESIAN_POINT('',(109.580855264283,-62.9960583803305,4.));
#5093=CARTESIAN_POINT('',(109.580855264283,-62.9960583803305,0.));
#5094=CARTESIAN_POINT('',(109.580855264283,-35.4980291901653,4.));
#5095=CARTESIAN_POINT('Origin',(104.580855264283,-62.9960583803305,0.));
#5096=CARTESIAN_POINT('',(104.580855264283,-67.9960583803305,4.));
#5097=CARTESIAN_POINT('',(104.580855264283,-67.9960583803305,0.));
#5098=CARTESIAN_POINT('Origin',(104.580855264283,-62.9960583803305,4.));
#5099=CARTESIAN_POINT('Origin',(-112.580855264283,-67.9960583803306,0.));
#5100=CARTESIAN_POINT('',(-104.580855264283,-67.9960583803305,4.));
#5101=CARTESIAN_POINT('',(-104.580855264283,-67.9960583803305,0.));
#5102=CARTESIAN_POINT('',(-104.580855264283,-67.9960583803305,4.));
#5103=CARTESIAN_POINT('Origin',(0.,0.,0.));
#5104=CARTESIAN_POINT('',(104.580855264283,-70.9960583803306,0.));
#5105=CARTESIAN_POINT('',(112.580855264283,-62.9960583803306,0.));
#5106=CARTESIAN_POINT('Origin',(104.580855264283,-62.9960583803306,0.));
#5107=CARTESIAN_POINT('',(-104.580855264283,-70.9960583803306,0.));
#5108=CARTESIAN_POINT('',(-112.580855264283,-70.9960583803306,0.));
#5109=CARTESIAN_POINT('',(-112.580855264283,-62.9960583803306,0.));
#5110=CARTESIAN_POINT('Origin',(-104.580855264283,-62.9960583803306,0.));
#5111=CARTESIAN_POINT('',(-112.580855264283,62.9960583803306,0.));
#5112=CARTESIAN_POINT('',(-112.580855264283,70.9960583803306,0.));
#5113=CARTESIAN_POINT('Origin',(-104.580855264283,62.9960583803306,0.));
#5114=CARTESIAN_POINT('',(112.580855264283,62.9960583803306,0.));
#5115=CARTESIAN_POINT('Origin',(104.580855264283,62.9960583803306,0.));
#5116=CARTESIAN_POINT('',(112.580855264283,-70.9960583803306,0.));
#5117=CARTESIAN_POINT('Origin',(101.580855264283,-59.9960583803306,4.5));
#5118=CARTESIAN_POINT('',(98.4308552642828,-59.9960583803306,4.));
#5119=CARTESIAN_POINT('Origin',(101.580855264283,-59.9960583803306,4.));
#5120=CARTESIAN_POINT('',(99.4308552642828,-59.9960583803306,5.));
#5121=CARTESIAN_POINT('',(98.9308552642828,-59.9960583803306,4.5));
#5122=CARTESIAN_POINT('Origin',(101.580855264283,-59.9960583803306,5.));
#5123=CARTESIAN_POINT('Origin',(0.,8.88178419700125E-15,4.));
#5124=CARTESIAN_POINT('',(57.9999999999999,56.9960583803303,4.));
#5125=CARTESIAN_POINT('',(62.9999999999999,51.9960583803303,4.));
#5126=CARTESIAN_POINT('Origin',(62.9999999999999,56.9960583803303,4.));
#5127=CARTESIAN_POINT('',(57.9999999999999,51.9960583803303,4.));
#5128=CARTESIAN_POINT('',(-109.580855264283,-62.9960583803305,4.));
#5129=CARTESIAN_POINT('Origin',(-104.580855264283,-62.9960583803305,4.));
#5130=CARTESIAN_POINT('',(-109.580855264283,62.9960583803306,4.));
#5131=CARTESIAN_POINT('',(-109.580855264283,62.9960583803306,4.));
#5132=CARTESIAN_POINT('Origin',(-104.580855264283,62.9960583803306,4.));
#5133=CARTESIAN_POINT('',(-56.,56.0930726606882,4.));
#5134=CARTESIAN_POINT('',(-56.,51.0930726606882,4.));
#5135=CARTESIAN_POINT('',(-61.,51.0930726606882,4.));
#5136=CARTESIAN_POINT('Origin',(-61.,56.0930726606882,4.));
#5137=CARTESIAN_POINT('',(-94.5808552642828,51.0930726606882,4.));
#5138=CARTESIAN_POINT('',(-56.,51.0930726606882,4.));
#5139=CARTESIAN_POINT('',(-99.5808552642828,46.0930726606882,4.));
#5140=CARTESIAN_POINT('Origin',(-94.5808552642828,46.0930726606882,4.));
#5141=CARTESIAN_POINT('',(-99.5808552642828,-43.6376729897954,4.));
#5142=CARTESIAN_POINT('',(-56.,-64.9334872381679,4.));
#5143=CARTESIAN_POINT('',(-56.,-32.0962470123322,4.));
#5144=CARTESIAN_POINT('',(58.0000000000001,-64.9334872381679,4.));
#5145=CARTESIAN_POINT('',(0.,-64.9334872381679,4.));
#5146=CARTESIAN_POINT('',(58.,-9.14136918306894,4.));
#5147=CARTESIAN_POINT('',(99.5808552642829,46.9960583803302,4.));
#5148=CARTESIAN_POINT('',(99.5808552642828,-43.6376729897954,4.));
#5149=CARTESIAN_POINT('',(94.580855264283,51.9960583803302,4.));
#5150=CARTESIAN_POINT('Origin',(94.5808552642829,46.9960583803302,4.));
#5151=CARTESIAN_POINT('',(57.9999999999999,51.9960583803303,4.));
#5152=CARTESIAN_POINT('',(98.4308552642828,59.9960583803306,4.));
#5153=CARTESIAN_POINT('Origin',(101.580855264283,59.9960583803306,4.));
#5154=CARTESIAN_POINT('',(-104.730855264283,-59.9960583803307,4.));
#5155=CARTESIAN_POINT('Origin',(-101.580855264283,-59.9960583803307,4.));
#5156=CARTESIAN_POINT('',(-104.730855264283,59.9960583803306,4.));
#5157=CARTESIAN_POINT('Origin',(-101.580855264283,59.9960583803306,4.));
#5158=CARTESIAN_POINT('Origin',(101.580855264283,-59.9960583803306,4.));
#5159=CARTESIAN_POINT('',(99.4308552642828,-59.9960583803306,11.));
#5160=CARTESIAN_POINT('',(99.4308552642828,-59.9960583803306,4.));
#5161=CARTESIAN_POINT('Origin',(101.580855264283,-59.9960583803306,11.));
#5162=CARTESIAN_POINT('Origin',(101.580855264283,59.9960583803306,4.5));
#5163=CARTESIAN_POINT('',(99.4308552642828,59.9960583803306,5.));
#5164=CARTESIAN_POINT('',(98.9308552642828,59.9960583803306,4.5));
#5165=CARTESIAN_POINT('Origin',(101.580855264283,59.9960583803306,5.));
#5166=CARTESIAN_POINT('Origin',(101.580855264283,59.9960583803306,4.));
#5167=CARTESIAN_POINT('',(99.4308552642828,59.9960583803306,11.));
#5168=CARTESIAN_POINT('',(99.4308552642828,59.9960583803306,4.));
#5169=CARTESIAN_POINT('Origin',(101.580855264283,59.9960583803306,11.));
#5170=CARTESIAN_POINT('Origin',(-101.580855264283,59.9960583803306,4.5));
#5171=CARTESIAN_POINT('',(-103.730855264283,59.9960583803306,5.));
#5172=CARTESIAN_POINT('',(-104.230855264283,59.9960583803306,4.5));
#5173=CARTESIAN_POINT('Origin',(-101.580855264283,59.9960583803306,5.));
#5174=CARTESIAN_POINT('Origin',(-101.580855264283,59.9960583803306,4.));
#5175=CARTESIAN_POINT('',(-103.730855264283,59.9960583803306,11.));
#5176=CARTESIAN_POINT('',(-103.730855264283,59.9960583803306,4.));
#5177=CARTESIAN_POINT('Origin',(-101.580855264283,59.9960583803306,11.));
#5178=CARTESIAN_POINT('Origin',(-101.580855264283,-59.9960583803307,4.5));
#5179=CARTESIAN_POINT('',(-103.730855264283,-59.9960583803307,5.));
#5180=CARTESIAN_POINT('',(-104.230855264283,-59.9960583803307,4.5));
#5181=CARTESIAN_POINT('Origin',(-101.580855264283,-59.9960583803307,5.));
#5182=CARTESIAN_POINT('Origin',(-101.580855264283,-59.9960583803307,4.));
#5183=CARTESIAN_POINT('',(-103.730855264283,-59.9960583803307,11.));
#5184=CARTESIAN_POINT('',(-103.730855264283,-59.9960583803307,4.));
#5185=CARTESIAN_POINT('Origin',(-101.580855264283,-59.9960583803307,11.));
#5186=CARTESIAN_POINT('Origin',(-101.580855264283,59.9960583803306,11.));
#5187=CARTESIAN_POINT('Origin',(101.580855264283,59.9960583803306,11.));
#5188=CARTESIAN_POINT('Origin',(-101.580855264283,-59.9960583803307,11.));
#5189=CARTESIAN_POINT('Origin',(101.580855264283,-59.9960583803306,11.));
#5190=CARTESIAN_POINT('Origin',(32.,-48.1259196082753,17.3543870955894));
#5191=CARTESIAN_POINT('',(32.,-44.2002127254985,13.6680846838876));
#5192=CARTESIAN_POINT('',(30.,-46.0128282995718,12.8228481604062));
#5193=CARTESIAN_POINT('Origin',(32.,-46.0128282995718,12.8228481604062));
#5194=CARTESIAN_POINT('',(30.,-46.4354465613125,13.7291559474429));
#5195=CARTESIAN_POINT('',(30.,-48.1259196082753,17.3543870955895));
#5196=CARTESIAN_POINT('',(30.2679491924311,-45.9517570360166,15.0580819962202));
#5197=CARTESIAN_POINT('Origin',(32.,-46.4354465613126,13.7291559474429));
#5198=CARTESIAN_POINT('',(30.2679491924311,-47.2196118212387,17.7770053573301));
#5199=CARTESIAN_POINT('',(32.,-46.313304034202,18.1996236190708));
#5200=CARTESIAN_POINT('Origin',(30.,-47.2196118212387,17.7770053573301));
#5201=CARTESIAN_POINT('',(30.,-46.9191360866085,12.4002298986655));
#5202=CARTESIAN_POINT('',(30.,-44.2002127254985,13.6680846838876));
#5203=CARTESIAN_POINT('',(30.,-45.8308346546926,15.3903135084145));
#5204=CARTESIAN_POINT('Origin',(0.,2.1130913087035,35.2643330294968));
#5205=CARTESIAN_POINT('',(58.,-44.2002127254985,13.6680846838876));
#5206=CARTESIAN_POINT('',(-88.,-44.2002127254985,13.6680846838876));
#5207=CARTESIAN_POINT('',(58.,-9.98660570655035,29.6221516499288));
#5208=CARTESIAN_POINT('',(-56.,-44.2002127254985,13.6680846838876));
#5209=CARTESIAN_POINT('',(-56.,-32.9414835358136,18.9181163261309));
#5210=CARTESIAN_POINT('',(-32.,-44.2002127254985,13.6680846838876));
#5211=CARTESIAN_POINT('',(-88.,-44.2002127254985,13.6680846838876));
#5212=CARTESIAN_POINT('',(-30.,-46.0128282995718,12.8228481604062));
#5213=CARTESIAN_POINT('Origin',(-32.,-46.0128282995718,12.8228481604062));
#5214=CARTESIAN_POINT('',(-30.,-46.9191360866084,12.4002298986655));
#5215=CARTESIAN_POINT('',(-30.,-44.2002127254985,13.6680846838876));
#5216=CARTESIAN_POINT('',(-15.0000000000001,-46.9191360866084,12.4002298986655));
#5217=CARTESIAN_POINT('Origin',(-32.,-48.1259196082753,17.3543870955894));
#5218=CARTESIAN_POINT('',(-32.,-46.313304034202,18.1996236190709));
#5219=CARTESIAN_POINT('',(-30.2679491924312,-45.9517570360165,15.0580819962202));
#5220=CARTESIAN_POINT('',(-30.2679491924312,-47.2196118212386,17.7770053573302));
#5221=CARTESIAN_POINT('',(-30.,-46.4354465613125,13.7291559474428));
#5222=CARTESIAN_POINT('Origin',(-32.,-46.4354465613125,13.7291559474428));
#5223=CARTESIAN_POINT('',(-30.,-48.1259196082753,17.3543870955894));
#5224=CARTESIAN_POINT('Origin',(-88.,-46.313304034202,18.1996236190708));
#5225=CARTESIAN_POINT('',(-56.,-43.7775944637578,12.7617768968509));
#5226=CARTESIAN_POINT('',(-56.,-42.2984305476654,9.58969964222265));
#5227=CARTESIAN_POINT('',(-88.,-43.7775944637578,12.761776896851));
#5228=CARTESIAN_POINT('Origin',(-15.0000000000001,-46.4354465613125,13.7291559474429));
#5229=CARTESIAN_POINT('',(-30.,-45.7099122733685,15.7225450206089));
#5230=CARTESIAN_POINT('',(-15.0000000000001,-45.9517570360165,15.0580819962202));
#5231=CARTESIAN_POINT('Origin',(-30.,-47.2196118212386,17.7770053573302));
#5232=CARTESIAN_POINT('Origin',(94.5808552642829,46.9960583803302,4.));
#5233=CARTESIAN_POINT('',(99.5808552642829,46.9960583803302,19.));
#5234=CARTESIAN_POINT('',(99.5808552642829,46.9960583803302,4.));
#5235=CARTESIAN_POINT('',(94.580855264283,51.9960583803302,19.));
#5236=CARTESIAN_POINT('Origin',(94.5808552642829,46.9960583803302,19.));
#5237=CARTESIAN_POINT('',(94.580855264283,51.9960583803302,4.));
#5238=CARTESIAN_POINT('Origin',(99.5808552642829,51.9960583803302,4.));
#5239=CARTESIAN_POINT('',(99.5808552642828,-43.6376729897954,19.));
#5240=CARTESIAN_POINT('Origin',(62.9999999999999,56.9960583803303,4.));
#5241=CARTESIAN_POINT('',(62.9999999999999,51.9960583803303,19.));
#5242=CARTESIAN_POINT('',(57.9999999999999,56.9960583803303,19.));
#5243=CARTESIAN_POINT('Origin',(62.9999999999999,56.9960583803303,19.));
#5244=CARTESIAN_POINT('',(57.9999999999999,56.9960583803303,4.));
#5245=CARTESIAN_POINT('',(62.9999999999999,51.9960583803303,4.));
#5246=CARTESIAN_POINT('Origin',(58.,67.9960583803306,4.));
#5247=CARTESIAN_POINT('',(57.9999999999999,51.9960583803303,19.));
#5248=CARTESIAN_POINT('Origin',(8.5087492607272E-12,-4.44089209850063E-14,
19.));
#5249=CARTESIAN_POINT('',(57.9999999999999,51.9960583803303,19.));
#5250=CARTESIAN_POINT('',(109.580855264283,62.9960583803305,19.));
#5251=CARTESIAN_POINT('',(109.580855264283,-35.4980291901653,19.));
#5252=CARTESIAN_POINT('Origin',(104.580855264283,62.9960583803306,19.));
#5253=CARTESIAN_POINT('Origin',(-61.,56.0930726606882,4.));
#5254=CARTESIAN_POINT('',(-56.,56.0930726606882,19.));
#5255=CARTESIAN_POINT('',(-61.,51.0930726606882,19.));
#5256=CARTESIAN_POINT('Origin',(-61.,56.0930726606882,19.));
#5257=CARTESIAN_POINT('',(-61.,51.0930726606882,4.));
#5258=CARTESIAN_POINT('',(-56.,56.0930726606882,4.));
#5259=CARTESIAN_POINT('Origin',(-99.5808552642828,51.0930726606882,4.));
#5260=CARTESIAN_POINT('',(-94.5808552642828,51.0930726606882,19.));
#5261=CARTESIAN_POINT('',(-56.,51.0930726606882,19.));
#5262=CARTESIAN_POINT('',(-94.5808552642828,51.0930726606882,4.));
#5263=CARTESIAN_POINT('Origin',(-94.5808552642828,46.0930726606882,4.));
#5264=CARTESIAN_POINT('',(-99.5808552642828,46.0930726606882,19.));
#5265=CARTESIAN_POINT('Origin',(-94.5808552642828,46.0930726606882,19.));
#5266=CARTESIAN_POINT('',(-99.5808552642828,46.0930726606882,4.));
#5267=CARTESIAN_POINT('Origin',(-82.7904276321414,12.1791926952676,19.));
#5268=CARTESIAN_POINT('',(-56.,51.0930726606882,19.));
#5269=CARTESIAN_POINT('',(-109.580855264283,62.9960583803306,19.));
#5270=CARTESIAN_POINT('Origin',(-104.580855264283,62.9960583803306,19.));
#5271=CARTESIAN_POINT('',(-109.580855264283,41.5876255377991,19.));
#5272=CARTESIAN_POINT('',(-99.5808552642828,-43.6376729897954,19.));
#5273=CARTESIAN_POINT('Origin',(-99.5808552642828,-43.6376729897954,4.));
#5274=CARTESIAN_POINT('Origin',(-56.,51.0930726606882,4.));
#5275=CARTESIAN_POINT('Origin',(-104.580855264283,62.9960583803306,0.));
#5276=CARTESIAN_POINT('',(-109.580855264283,62.9960583803306,0.));
#5277=CARTESIAN_POINT('Origin',(-109.580855264283,70.9960583803306,0.));
#5278=CARTESIAN_POINT('',(-109.580855264283,-62.9960583803305,0.));
#5279=CARTESIAN_POINT('Origin',(57.9999999999999,51.9960583803303,4.));
#5280=CARTESIAN_POINT('Origin',(-104.580855264283,-62.9960583803305,0.));
#5281=CARTESIAN_POINT('Origin',(104.580855264283,62.9960583803306,0.));
#5282=CARTESIAN_POINT('',(109.5808552643,62.9960583803306,63.6545268261951));
#5283=CARTESIAN_POINT('',(109.580855264283,62.9960583803306,0.));
#5284=CARTESIAN_POINT('Origin',(104.580855264283,62.9960583803306,63.6545268261952));
#5285=CARTESIAN_POINT('Origin',(109.580855264283,-70.9960583803306,0.));
#5286=CARTESIAN_POINT('',(109.5808552643,49.1494893392763,57.1977656431796));
#5287=CARTESIAN_POINT('Origin',(58.,-18.282738366138,15.8232001870308));
#5288=CARTESIAN_POINT('',(58.,-43.7775944637578,12.761776896851));
#5289=CARTESIAN_POINT('',(58.,-42.2984305476654,9.58969964222268));
#5290=CARTESIAN_POINT('',(58.,-25.2889156082101,21.3831894363612));
#5291=CARTESIAN_POINT('',(58.,-10.6205330991614,28.2231685330775));
#5292=CARTESIAN_POINT('',(58.,-21.9079695142846,14.132727140068));
#5293=CARTESIAN_POINT('Origin',(57.9999999999999,48.7268710775354,58.1040734302162));
#5294=CARTESIAN_POINT('',(57.9999999999999,48.7268710775354,58.1040734302162));
#5295=CARTESIAN_POINT('',(57.9999999999999,51.093072660688,58.1040734302162));
#5296=CARTESIAN_POINT('',(57.9999999999999,48.7268710775354,58.1040734302162));
#5297=CARTESIAN_POINT('',(-56.0000000000001,48.7268710775356,58.1040734302164));
#5298=CARTESIAN_POINT('',(73.,48.7268710775358,58.1040734302162));
#5299=CARTESIAN_POINT('',(-56.0000000000001,51.0930726606882,58.1040734302164));
#5300=CARTESIAN_POINT('',(-56.0000000000001,48.7268710775356,58.1040734302164));
#5301=CARTESIAN_POINT('',(29.0000000000001,51.0930726606879,58.1040734302162));
#5302=CARTESIAN_POINT('Origin',(0.,2.1130913087035,35.2643330294968));
#5303=CARTESIAN_POINT('',(57.9999999999999,35.054574844517,50.6251990732335));
#5304=CARTESIAN_POINT('',(-56.,15.1634353837167,41.3498084132332));
#5305=CARTESIAN_POINT('',(90.2904276321414,49.1494893392765,57.1977656431797));
#5306=CARTESIAN_POINT('Origin',(83.7904276321413,0.422618261740709,33.3726745828309));
#5307=CARTESIAN_POINT('',(62.,-21.6636844600636,23.073662483324));
#5308=CARTESIAN_POINT('',(72.5399915917254,-12.1112080051821,27.5280554085805));
#5309=CARTESIAN_POINT('',(-88.,-43.7775944637578,12.761776896851));
#5310=CARTESIAN_POINT('',(85.8952138160707,-21.6636844600635,23.073662483324));
#5311=CARTESIAN_POINT('',(61.75,-26.1952233952468,20.9605711746205));
#5312=CARTESIAN_POINT('Origin',(64.,-26.1952233952468,20.9605711746205));
#5313=CARTESIAN_POINT('Origin',(-82.7904276321414,0.422618261740709,33.3726745828309));
#5314=CARTESIAN_POINT('',(-56.,49.5721076010172,56.291457856143));
#5315=CARTESIAN_POINT('',(-56.,14.5295079911056,39.9508252963819));
#5316=CARTESIAN_POINT('',(88.,49.5721076010172,56.291457856143));
#5317=CARTESIAN_POINT('',(-64.25,33.1679366556538,48.6420673186363));
#5318=CARTESIAN_POINT('Origin',(-62.,33.1679366556538,48.6420673186364));
#5319=CARTESIAN_POINT('Origin',(-82.7904276321414,0.422618261740705,33.3726745828309));
#5320=CARTESIAN_POINT('',(-60.,-21.6636844600635,23.073662483324));
#5321=CARTESIAN_POINT('',(-56.,-25.2889156082101,21.3831894363612));
#5322=CARTESIAN_POINT('',(-70.7899915917253,-11.8846310584228,27.6337099740158));
#5323=CARTESIAN_POINT('',(-69.3952138160707,-21.6636844600635,23.073662483324));
#5324=CARTESIAN_POINT('',(-56.,-33.5754109284245,17.5191332092797));
#5325=CARTESIAN_POINT('',(-64.25,-26.1952233952468,20.9605711746205));
#5326=CARTESIAN_POINT('Origin',(-62.,-26.1952233952468,20.9605711746205));
#5327=CARTESIAN_POINT('Origin',(60.,-20.0953539402113,14.9779636635494));
#5328=CARTESIAN_POINT('',(62.,-18.2827383661379,15.8232001870308));
#5329=CARTESIAN_POINT('Origin',(-56.,32.0173438143961,39.2785137136396));
#5330=CARTESIAN_POINT('',(-56.0000000000001,48.0740731249913,59.5040031571423));
#5331=CARTESIAN_POINT('Origin',(-56.,-18.2827383661379,15.8232001870308));
#5332=CARTESIAN_POINT('',(-60.,-18.2827383661379,15.8232001870308));
#5333=CARTESIAN_POINT('Origin',(-58.,-20.0953539402112,14.9779636635494));
#5334=CARTESIAN_POINT('',(-56.,-21.9079695142845,14.132727140068));
#5335=CARTESIAN_POINT('Origin',(57.9999999999999,32.0173438143961,39.2785137136396));
#5336=CARTESIAN_POINT('',(62.,31.7118851099111,39.9335720193377));
#5337=CARTESIAN_POINT('',(62.,32.0173438143961,39.2785137136396));
#5338=CARTESIAN_POINT('',(0.999999999999974,31.7118851099111,39.9335720193377));
#5339=CARTESIAN_POINT('Origin',(59.9999999999999,33.8299593884694,40.123750237121));
#5340=CARTESIAN_POINT('',(57.9999999999999,35.6425749625427,40.9689867606024));
#5341=CARTESIAN_POINT('',(34.4148387004037,62.1487429789037,39.9335720193377));
#5342=CARTESIAN_POINT('Origin',(-96.7,-50.3000821805341,19.6506921949587));
#5343=CARTESIAN_POINT('',(-96.7,43.0496198842409,63.1803731542508));
#5344=CARTESIAN_POINT('',(-96.7,43.0496198842409,63.1803731542508));
#5345=CARTESIAN_POINT('',(-96.7,-43.0496198842409,23.0316382888843));
#5346=CARTESIAN_POINT('',(-96.7,-60.6480702804323,14.8253460974794));
#5347=CARTESIAN_POINT('',(-96.7,-43.0496198842409,23.0316382888843));
#5348=CARTESIAN_POINT('Origin',(-88.7,43.0496198842409,63.1803731542508));
#5349=CARTESIAN_POINT('',(-88.7,50.3000821805341,66.5613192481764));
#5350=CARTESIAN_POINT('',(-88.7,50.3000821805341,66.5613192481764));
#5351=CARTESIAN_POINT('Origin',(-88.7,43.0496198842409,63.1803731542507));
#5352=CARTESIAN_POINT('Origin',(-96.7,50.3000821805341,66.5613192481763));
#5353=CARTESIAN_POINT('',(88.7,50.3000821805341,66.5613192481764));
#5354=CARTESIAN_POINT('',(88.7,50.3000821805341,66.5613192481763));
#5355=CARTESIAN_POINT('',(7.94042763214139,50.3000821805341,66.5613192481764));
#5356=CARTESIAN_POINT('Origin',(88.7,43.0496198842409,63.1803731542507));
#5357=CARTESIAN_POINT('',(96.7,43.0496198842409,63.1803731542508));
#5358=CARTESIAN_POINT('',(96.7,43.0496198842409,63.1803731542507));
#5359=CARTESIAN_POINT('Origin',(88.7,43.0496198842409,63.1803731542507));
#5360=CARTESIAN_POINT('Origin',(-104.580855264283,62.9960583803306,0.));
#5361=CARTESIAN_POINT('',(-109.580855264283,62.9960583803306,0.));
#5362=CARTESIAN_POINT('Origin',(-109.580855264283,70.9960583803306,0.));
#5363=CARTESIAN_POINT('Origin',(57.9999999999999,71.7996227359969,57.8292950336402));
#5364=CARTESIAN_POINT('',(57.9999999999999,48.0740731249914,59.5040031571422));
#5365=CARTESIAN_POINT('Origin',(92.5808552642828,70.9960583803306,51.6545268261951));
#5366=CARTESIAN_POINT('Origin',(-2.5,70.9960583803306,16.2));
#5367=CARTESIAN_POINT('',(-0.799999999999997,70.9960583803306,16.2));
#5368=CARTESIAN_POINT('Origin',(15.1,70.9960583803306,15.));
#5369=CARTESIAN_POINT('Origin',(-24.2,70.9960583803306,8.));
#5370=CARTESIAN_POINT('',(-24.2,70.9960583803306,8.));
#5371=CARTESIAN_POINT('Origin',(-24.2,70.9960583803306,22.));
#5372=CARTESIAN_POINT('Origin',(-29.5,70.9960583803306,16.2));
#5373=CARTESIAN_POINT('',(-27.8,70.9960583803306,16.2));
#5374=CARTESIAN_POINT('Origin',(-56.,31.7118851099111,39.9335720193377));
#5375=CARTESIAN_POINT('Origin',(88.,-18.2827383661379,15.8232001870308));
#5376=CARTESIAN_POINT('Origin',(-55.9999999999999,-64.1924940246643,-5.58487046056481));
#5377=CARTESIAN_POINT('Origin',(64.,-22.8142773013212,13.7101088783273));
#5378=CARTESIAN_POINT('',(61.75,-22.8142773013212,13.7101088783273));
#5379=CARTESIAN_POINT('Origin',(64.,36.5488827495794,41.3916050223431));
#5380=CARTESIAN_POINT('',(61.75,36.5488827495794,41.3916050223431));
#5381=CARTESIAN_POINT('Origin',(104.580855264283,62.9960583803306,0.));
#5382=CARTESIAN_POINT('',(112.580855264283,62.9960583803306,63.6545268261951));
#5383=CARTESIAN_POINT('Origin',(104.580855264283,62.9960583803306,63.6545268261951));
#5384=CARTESIAN_POINT('',(112.580855264283,62.9960583803306,0.));
#5385=CARTESIAN_POINT('Origin',(-62.,36.5488827495794,41.3916050223431));
#5386=CARTESIAN_POINT('',(-64.25,36.5488827495794,41.3916050223431));
#5387=CARTESIAN_POINT('Origin',(-62.,-22.8142773013212,13.7101088783273));
#5388=CARTESIAN_POINT('',(-64.25,-22.8142773013212,13.7101088783273));
#5389=CARTESIAN_POINT('Origin',(-104.580855264283,-62.9960583803306,4.90343791354005));
#5390=CARTESIAN_POINT('',(-112.580855264283,-62.9960583803306,4.90343791354007));
#5391=CARTESIAN_POINT('',(-104.580855264283,-66.3770044742562,12.1539002098332));
#5392=CARTESIAN_POINT('Origin',(-104.580855264283,-62.9960583803306,4.90343791354006));
#5393=CARTESIAN_POINT('',(-104.580855264283,-70.9960583803306,4.90343791354005));
#5394=CARTESIAN_POINT('Origin',(-104.580855264283,-62.9960583803306,4.90343791354005));
#5395=CARTESIAN_POINT('Origin',(-104.580855264283,-62.9960583803306,4.90343791354005));
#5396=CARTESIAN_POINT('Origin',(-104.580855264283,-62.9960583803306,0.));
#5397=CARTESIAN_POINT('',(-104.580855264283,-70.9960583803306,0.));
#5398=CARTESIAN_POINT('',(-112.580855264283,-62.9960583803306,0.));
#5399=CARTESIAN_POINT('Origin',(104.580855264283,-62.9960583803306,4.90343791354006));
#5400=CARTESIAN_POINT('',(104.580855264283,-70.9960583803306,4.90343791354005));
#5401=CARTESIAN_POINT('',(104.580855264283,-66.3770044742562,12.1539002098333));
#5402=CARTESIAN_POINT('Origin',(104.580855264283,-62.9960583803306,4.90343791354005));
#5403=CARTESIAN_POINT('',(112.580855264283,-62.9960583803306,4.90343791354006));
#5404=CARTESIAN_POINT('Origin',(104.580855264283,-62.9960583803306,4.90343791354006));
#5405=CARTESIAN_POINT('Origin',(104.580855264283,-62.9960583803306,4.90343791354006));
#5406=CARTESIAN_POINT('Origin',(104.580855264283,-62.9960583803306,0.));
#5407=CARTESIAN_POINT('',(112.580855264283,-62.9960583803306,0.));
#5408=CARTESIAN_POINT('',(104.580855264283,-70.9960583803306,0.));
#5409=CARTESIAN_POINT('Origin',(-104.580855264283,62.9960583803306,63.6545268261951));
#5410=CARTESIAN_POINT('',(-104.580855264283,59.615112286405,70.9049891224883));
#5411=CARTESIAN_POINT('',(-112.580855264283,62.9960583803306,63.6545268261951));
#5412=CARTESIAN_POINT('Origin',(-104.580855264283,62.9960583803306,63.6545268261951));
#5413=CARTESIAN_POINT('Origin',(-104.580855264283,62.9960583803306,63.6545268261951));
#5414=CARTESIAN_POINT('Origin',(-104.580855264283,62.9960583803306,63.6545268261951));
#5415=CARTESIAN_POINT('Origin',(104.580855264283,62.9960583803306,63.6545268261951));
#5416=CARTESIAN_POINT('',(104.580855264283,59.615112286405,70.9049891224883));
#5417=CARTESIAN_POINT('Origin',(104.580855264283,62.9960583803306,63.6545268261951));
#5418=CARTESIAN_POINT('Origin',(104.580855264283,62.9960583803306,63.6545268261951));
#5419=CARTESIAN_POINT('Origin',(104.580855264283,-69.5302233942024,1.85650672792315));
#5420=CARTESIAN_POINT('',(104.580855264283,-72.911169488128,9.10696902421635));
#5421=CARTESIAN_POINT('',(112.580855264283,-69.5302233942024,1.85650672792315));
#5422=CARTESIAN_POINT('Origin',(112.580855264283,62.9960583803306,63.6545268261951));
#5423=CARTESIAN_POINT('',(112.580855264283,59.615112286405,70.9049891224883));
#5424=CARTESIAN_POINT('Origin',(-104.580855264283,62.9960583803306,0.));
#5425=CARTESIAN_POINT('',(-112.580855264283,62.9960583803306,0.));
#5426=CARTESIAN_POINT('Origin',(-104.580855264283,-11.2145008723078,29.0495747307246));
#5427=CARTESIAN_POINT('',(-112.580855264283,-11.2145008723078,29.0495747307246));
#5428=CARTESIAN_POINT('',(-104.580855264283,-14.5954469662334,36.3000370270178));
#5429=CARTESIAN_POINT('Origin',(0.,-62.9960583803306,4.90343791354005));
#5430=CARTESIAN_POINT('',(0.,-66.3770044742562,12.1539002098333));
#5431=CARTESIAN_POINT('',(0.,-70.9960583803306,4.90343791354005));
#5432=CARTESIAN_POINT('Origin',(-112.580855264283,-70.9960583803306,0.));
#5433=CARTESIAN_POINT('Origin',(-112.580855264283,70.9960583803306,0.));
#5434=CARTESIAN_POINT('Origin',(112.580855264283,-70.9960583803306,10.));
#5435=CARTESIAN_POINT('',(96.7,-43.0496198842409,23.0316382888843));
#5436=CARTESIAN_POINT('',(96.7,-10.3479880998982,38.2806596240882));
#5437=CARTESIAN_POINT('',(88.7,-50.3000821805341,19.6506921949587));
#5438=CARTESIAN_POINT('Origin',(88.7,-43.0496198842409,23.0316382888843));
#5439=CARTESIAN_POINT('',(-88.7,-50.3000821805341,19.6506921949587));
#5440=CARTESIAN_POINT('',(104.640427632141,-50.3000821805341,19.6506921949587));
#5441=CARTESIAN_POINT('Origin',(-88.7,-43.0496198842409,23.0316382888843));
#5442=CARTESIAN_POINT('Origin',(-88.7,-43.0496198842409,23.0316382888843));
#5443=CARTESIAN_POINT('',(-88.7,-50.3000821805341,19.6506921949587));
#5444=CARTESIAN_POINT('Origin',(88.7,-43.0496198842409,23.0316382888843));
#5445=CARTESIAN_POINT('',(88.7,-50.3000821805341,19.6506921949587));
#5446=CARTESIAN_POINT('',(96.7,-43.0496198842409,23.0316382888843));
#5447=CARTESIAN_POINT('Origin',(96.7,-50.3000821805341,19.6506921949587));
#5448=CARTESIAN_POINT('Origin',(-30.,-46.313304034202,18.1996236190708));
#5449=CARTESIAN_POINT('Origin',(88.,47.036398030573,61.7293045783629));
#5450=CARTESIAN_POINT('Origin',(30.,-46.313304034202,18.1996236190709));
#5451=CARTESIAN_POINT('Origin',(96.7,50.3000821805341,66.5613192481763));
#5452=CARTESIAN_POINT('Origin',(112.580855264283,-70.9960583803306,0.));
#5453=UNCERTAINTY_MEASURE_WITH_UNIT(LENGTH_MEASURE(0.01),#5457,
'DISTANCE_ACCURACY_VALUE',
'Maximum model space distance between geometric entities at asserted c
onnectivities');
#5454=UNCERTAINTY_MEASURE_WITH_UNIT(LENGTH_MEASURE(0.01),#5457,
'DISTANCE_ACCURACY_VALUE',
'Maximum model space distance between geometric entities at asserted c
onnectivities');
#5455=(
GEOMETRIC_REPRESENTATION_CONTEXT(3)
GLOBAL_UNCERTAINTY_ASSIGNED_CONTEXT((#5453))
GLOBAL_UNIT_ASSIGNED_CONTEXT((#5457,#5459,#5460))
REPRESENTATION_CONTEXT('','3D')
);
#5456=(
GEOMETRIC_REPRESENTATION_CONTEXT(3)
GLOBAL_UNCERTAINTY_ASSIGNED_CONTEXT((#5454))
GLOBAL_UNIT_ASSIGNED_CONTEXT((#5457,#5459,#5460))
REPRESENTATION_CONTEXT('','3D')
);
#5457=(
LENGTH_UNIT()
NAMED_UNIT(*)
SI_UNIT(.MILLI.,.METRE.)
);
#5458=(
LENGTH_UNIT()
NAMED_UNIT(*)
SI_UNIT($,.METRE.)
);
#5459=(
NAMED_UNIT(*)
PLANE_ANGLE_UNIT()
SI_UNIT($,.RADIAN.)
);
#5460=(
NAMED_UNIT(*)
SI_UNIT($,.STERADIAN.)
SOLID_ANGLE_UNIT()
);
#5461=SHAPE_DEFINITION_REPRESENTATION(#5462,#5463);
#5462=PRODUCT_DEFINITION_SHAPE('',$,#5465);
#5463=SHAPE_REPRESENTATION('',(#3281),#5455);
#5464=PRODUCT_DEFINITION_CONTEXT('part definition',#5469,'design');
#5465=PRODUCT_DEFINITION('Hub Mount ETH','Hub Mount ETH v4',#5466,#5464);
#5466=PRODUCT_DEFINITION_FORMATION('',$,#5471);
#5467=PRODUCT_RELATED_PRODUCT_CATEGORY('Hub Mount ETH v4',
'Hub Mount ETH v4',(#5471));
#5468=APPLICATION_PROTOCOL_DEFINITION('international standard',
'automotive_design',2009,#5469);
#5469=APPLICATION_CONTEXT(
'Core Data for Automotive Mechanical Design Process');
#5470=PRODUCT_CONTEXT('part definition',#5469,'mechanical');
#5471=PRODUCT('Hub Mount ETH','Hub Mount ETH v4',$,(#5470));
#5472=PRESENTATION_STYLE_ASSIGNMENT((#5473));
#5473=SURFACE_STYLE_USAGE(.BOTH.,#5474);
#5474=SURFACE_SIDE_STYLE('',(#5475));
#5475=SURFACE_STYLE_FILL_AREA(#5476);
#5476=FILL_AREA_STYLE('Steel - Satin',(#5477));
#5477=FILL_AREA_STYLE_COLOUR('Steel - Satin',#5478);
#5478=COLOUR_RGB('Steel - Satin',0.627450980392157,0.627450980392157,0.627450980392157);
ENDSEC;
END-ISO-10303-21;
