ISO-10303-21;
HEADER;
/* Generated by software containing ST-Developer
 * from STEP Tools, Inc. (www.steptools.com) 
 */

FILE_DESCRIPTION(
/* description */ (''),
/* implementation_level */ '2;1');

FILE_NAME(
/* name */ 'Satellite.step',
/* time_stamp */ '2026-08-03T20:50:47+01:00',
/* author */ (''),
/* organization */ (''),
/* preprocessor_version */ 'ST-DEVELOPER v20.1',
/* originating_system */ 'Autodesk Translation Framework v15.8.0.0',
/* authorisation */ '');

FILE_SCHEMA (('AUTOMOTIVE_DESIGN { 1 0 10303 214 3 1 1 }'));
ENDSEC;

DATA;
#10=MECHANICAL_DESIGN_GEOMETRIC_PRESENTATION_REPRESENTATION('',(#16,#17),
#3061);
#11=SHAPE_REPRESENTATION_RELATIONSHIP('SRR','None',#3068,#12);
#12=ADVANCED_BREP_SHAPE_REPRESENTATION('',(#18,#19),#3060);
#13=B_SPLINE_CURVE_WITH_KNOTS('',3,(#2852,#2853,#2854,#2855,#2856,#2857,
#2858,#2859,#2860,#2861,#2862,#2863,#2864,#2865,#2866,#2867,#2868,#2869,
#2870,#2871),.UNSPECIFIED.,.F.,.F.,(4,2,2,2,2,2,2,2,2,4),(0.,0.297422217172264,
0.594844434344529,0.946469234789555,1.29809403523458,1.72306148593758,2.14802893664057,
2.46320496440294,2.62079297828412,2.77838099216531),.UNSPECIFIED.);
#14=B_SPLINE_CURVE_WITH_KNOTS('',3,(#2872,#2873,#2874,#2875,#2876,#2877,
#2878,#2879,#2880,#2881,#2882,#2883,#2884,#2885,#2886,#2887,#2888,#2889,
#2890,#2891),.UNSPECIFIED.,.F.,.F.,(4,2,2,2,2,2,2,2,2,4),(2.77838099216531,
2.93596900604649,3.09355701992767,3.40873304769004,3.83370049839304,4.25866794909603,
4.61029274954106,4.96191754998608,5.25933976715835,5.55676198433061),
 .UNSPECIFIED.);
#15=B_SPLINE_CURVE_WITH_KNOTS('',3,(#2988,#2989,#2990,#2991,#2992,#2993,
#2994,#2995,#2996,#2997,#2998,#2999,#3000,#3001,#3002,#3003,#3004,#3005,
#3006,#3007,#3008,#3009,#3010,#3011,#3012,#3013,#3014,#3015,#3016,#3017,
#3018,#3019,#3020,#3021,#3022,#3023,#3024,#3025),.UNSPECIFIED.,.T.,.F.,
(4,2,2,2,2,2,2,2,2,2,2,2,2,2,2,2,2,2,4),(0.,0.11687117332364,0.23374234664728,
0.467484693294561,0.79447763037313,1.1214705674517,1.3969796160624,1.6724886646731,
1.8948489366994,2.11720920872571,2.33956948075201,2.56192975277832,2.83743880138902,
3.11294784999972,3.43994078707829,3.76693372415686,4.00067607080414,4.11754724412778,
4.23441841745142),.UNSPECIFIED.);
#16=STYLED_ITEM('',(#3077),#18);
#17=STYLED_ITEM('',(#3077),#19);
#18=MANIFOLD_SOLID_BREP('Body1',#1810);
#19=MANIFOLD_SOLID_BREP('Body2',#1811);
#20=CYLINDRICAL_SURFACE('',#1861,30.7999999999998);
#21=CYLINDRICAL_SURFACE('',#1862,5.10000000000283);
#22=CYLINDRICAL_SURFACE('',#1867,14.4000000000022);
#23=CYLINDRICAL_SURFACE('',#1868,12.5000000000012);
#24=CYLINDRICAL_SURFACE('',#1869,5.00000000000116);
#25=CYLINDRICAL_SURFACE('',#1870,32.7000000000004);
#26=CYLINDRICAL_SURFACE('',#1896,2.);
#27=CYLINDRICAL_SURFACE('',#1916,8.);
#28=CYLINDRICAL_SURFACE('',#1935,32.7000000000004);
#29=CYLINDRICAL_SURFACE('',#1937,5.00000000000116);
#30=CYLINDRICAL_SURFACE('',#1939,12.5000000000012);
#31=CYLINDRICAL_SURFACE('',#1951,30.6999999999992);
#32=CYLINDRICAL_SURFACE('',#1955,3.35);
#33=CYLINDRICAL_SURFACE('',#1959,6.);
#34=CYLINDRICAL_SURFACE('',#1964,2.);
#35=CYLINDRICAL_SURFACE('',#1968,14.5000000000012);
#36=CYLINDRICAL_SURFACE('',#1969,3.00000000000139);
#37=FACE_BOUND('',#216,.T.);
#38=FACE_BOUND('',#248,.T.);
#39=FACE_BOUND('',#266,.T.);
#40=FACE_BOUND('',#278,.T.);
#41=FACE_BOUND('',#284,.T.);
#42=FACE_BOUND('',#287,.T.);
#43=FACE_BOUND('',#292,.T.);
#44=CONICAL_SURFACE('',#1839,32.2000000000004,0.785398163397446);
#45=CONICAL_SURFACE('',#1842,4.50000000000117,0.785398163397447);
#46=CONICAL_SURFACE('',#1845,13.0000000000012,0.785398163397446);
#47=CONICAL_SURFACE('',#1883,4.50000000000001,0.785398163397446);
#48=CONICAL_SURFACE('',#1887,4.5,0.785398163397446);
#49=CONICAL_SURFACE('',#1913,7.5,0.785398163397451);
#50=CONICAL_SURFACE('',#1924,13.0000000000012,0.785398163397435);
#51=CONICAL_SURFACE('',#1927,4.50000000000117,0.785398163397447);
#52=CONICAL_SURFACE('',#1930,32.1999999999998,0.785398163398046);
#53=CIRCLE('',#1830,14.4000000000022);
#54=CIRCLE('',#1831,5.10000000000283);
#55=CIRCLE('',#1832,30.7999999999998);
#56=CIRCLE('',#1840,31.7000000000004);
#57=CIRCLE('',#1841,32.7000000000004);
#58=CIRCLE('',#1843,4.00000000000117);
#59=CIRCLE('',#1844,5.00000000000116);
#60=CIRCLE('',#1846,13.5000000000012);
#61=CIRCLE('',#1847,12.5000000000012);
#62=CIRCLE('',#1852,12.5000000000012);
#63=CIRCLE('',#1853,5.00000000000116);
#64=CIRCLE('',#1854,32.7000000000004);
#65=CIRCLE('',#1855,30.7999999999998);
#66=CIRCLE('',#1856,5.10000000000283);
#67=CIRCLE('',#1857,14.4000000000022);
#68=CIRCLE('',#1884,5.00000000000001);
#69=CIRCLE('',#1885,4.00000000000001);
#70=CIRCLE('',#1888,5.);
#71=CIRCLE('',#1889,4.);
#72=CIRCLE('',#1892,2.);
#73=CIRCLE('',#1893,2.);
#74=CIRCLE('',#1897,2.);
#75=CIRCLE('',#1898,2.);
#76=CIRCLE('',#1901,2.);
#77=CIRCLE('',#1906,2.);
#78=CIRCLE('',#1914,7.);
#79=CIRCLE('',#1915,8.);
#80=CIRCLE('',#1918,3.35);
#81=CIRCLE('',#1925,13.5000000000011);
#82=CIRCLE('',#1926,12.5000000000012);
#83=CIRCLE('',#1928,4.00000000000117);
#84=CIRCLE('',#1929,5.00000000000116);
#85=CIRCLE('',#1931,31.6999999999992);
#86=CIRCLE('',#1932,32.7000000000004);
#87=CIRCLE('',#1936,32.7000000000004);
#88=CIRCLE('',#1938,5.00000000000116);
#89=CIRCLE('',#1940,12.5000000000012);
#90=CIRCLE('',#1944,30.6999999999992);
#91=CIRCLE('',#1945,14.5000000000012);
#92=CIRCLE('',#1946,3.00000000000139);
#93=CIRCLE('',#1948,30.6999999999992);
#94=CIRCLE('',#1949,3.00000000000139);
#95=CIRCLE('',#1950,14.5000000000012);
#96=CIRCLE('',#1952,30.6999999999992);
#97=CIRCLE('',#1956,3.35);
#98=CIRCLE('',#1958,6.);
#99=FACE_OUTER_BOUND('',#198,.T.);
#100=FACE_OUTER_BOUND('',#199,.T.);
#101=FACE_OUTER_BOUND('',#200,.T.);
#102=FACE_OUTER_BOUND('',#201,.T.);
#103=FACE_OUTER_BOUND('',#202,.T.);
#104=FACE_OUTER_BOUND('',#203,.T.);
#105=FACE_OUTER_BOUND('',#204,.T.);
#106=FACE_OUTER_BOUND('',#205,.T.);
#107=FACE_OUTER_BOUND('',#206,.T.);
#108=FACE_OUTER_BOUND('',#207,.T.);
#109=FACE_OUTER_BOUND('',#208,.T.);
#110=FACE_OUTER_BOUND('',#209,.T.);
#111=FACE_OUTER_BOUND('',#210,.T.);
#112=FACE_OUTER_BOUND('',#211,.T.);
#113=FACE_OUTER_BOUND('',#212,.T.);
#114=FACE_OUTER_BOUND('',#213,.T.);
#115=FACE_OUTER_BOUND('',#214,.T.);
#116=FACE_OUTER_BOUND('',#215,.T.);
#117=FACE_OUTER_BOUND('',#217,.T.);
#118=FACE_OUTER_BOUND('',#218,.T.);
#119=FACE_OUTER_BOUND('',#219,.T.);
#120=FACE_OUTER_BOUND('',#220,.T.);
#121=FACE_OUTER_BOUND('',#221,.T.);
#122=FACE_OUTER_BOUND('',#222,.T.);
#123=FACE_OUTER_BOUND('',#223,.T.);
#124=FACE_OUTER_BOUND('',#224,.T.);
#125=FACE_OUTER_BOUND('',#225,.T.);
#126=FACE_OUTER_BOUND('',#226,.T.);
#127=FACE_OUTER_BOUND('',#227,.T.);
#128=FACE_OUTER_BOUND('',#228,.T.);
#129=FACE_OUTER_BOUND('',#229,.T.);
#130=FACE_OUTER_BOUND('',#230,.T.);
#131=FACE_OUTER_BOUND('',#231,.T.);
#132=FACE_OUTER_BOUND('',#232,.T.);
#133=FACE_OUTER_BOUND('',#233,.T.);
#134=FACE_OUTER_BOUND('',#234,.T.);
#135=FACE_OUTER_BOUND('',#235,.T.);
#136=FACE_OUTER_BOUND('',#236,.T.);
#137=FACE_OUTER_BOUND('',#237,.T.);
#138=FACE_OUTER_BOUND('',#238,.T.);
#139=FACE_OUTER_BOUND('',#239,.T.);
#140=FACE_OUTER_BOUND('',#240,.T.);
#141=FACE_OUTER_BOUND('',#241,.T.);
#142=FACE_OUTER_BOUND('',#242,.T.);
#143=FACE_OUTER_BOUND('',#243,.T.);
#144=FACE_OUTER_BOUND('',#244,.T.);
#145=FACE_OUTER_BOUND('',#245,.T.);
#146=FACE_OUTER_BOUND('',#246,.T.);
#147=FACE_OUTER_BOUND('',#247,.T.);
#148=FACE_OUTER_BOUND('',#249,.T.);
#149=FACE_OUTER_BOUND('',#250,.T.);
#150=FACE_OUTER_BOUND('',#251,.T.);
#151=FACE_OUTER_BOUND('',#252,.T.);
#152=FACE_OUTER_BOUND('',#253,.T.);
#153=FACE_OUTER_BOUND('',#254,.T.);
#154=FACE_OUTER_BOUND('',#255,.T.);
#155=FACE_OUTER_BOUND('',#256,.T.);
#156=FACE_OUTER_BOUND('',#257,.T.);
#157=FACE_OUTER_BOUND('',#258,.T.);
#158=FACE_OUTER_BOUND('',#259,.T.);
#159=FACE_OUTER_BOUND('',#260,.T.);
#160=FACE_OUTER_BOUND('',#261,.T.);
#161=FACE_OUTER_BOUND('',#262,.T.);
#162=FACE_OUTER_BOUND('',#263,.T.);
#163=FACE_OUTER_BOUND('',#264,.T.);
#164=FACE_OUTER_BOUND('',#265,.T.);
#165=FACE_OUTER_BOUND('',#267,.T.);
#166=FACE_OUTER_BOUND('',#268,.T.);
#167=FACE_OUTER_BOUND('',#269,.T.);
#168=FACE_OUTER_BOUND('',#270,.T.);
#169=FACE_OUTER_BOUND('',#271,.T.);
#170=FACE_OUTER_BOUND('',#272,.T.);
#171=FACE_OUTER_BOUND('',#273,.T.);
#172=FACE_OUTER_BOUND('',#274,.T.);
#173=FACE_OUTER_BOUND('',#275,.T.);
#174=FACE_OUTER_BOUND('',#276,.T.);
#175=FACE_OUTER_BOUND('',#277,.T.);
#176=FACE_OUTER_BOUND('',#279,.T.);
#177=FACE_OUTER_BOUND('',#280,.T.);
#178=FACE_OUTER_BOUND('',#281,.T.);
#179=FACE_OUTER_BOUND('',#282,.T.);
#180=FACE_OUTER_BOUND('',#283,.T.);
#181=FACE_OUTER_BOUND('',#285,.T.);
#182=FACE_OUTER_BOUND('',#286,.T.);
#183=FACE_OUTER_BOUND('',#288,.T.);
#184=FACE_OUTER_BOUND('',#289,.T.);
#185=FACE_OUTER_BOUND('',#290,.T.);
#186=FACE_OUTER_BOUND('',#291,.T.);
#187=FACE_OUTER_BOUND('',#293,.T.);
#188=FACE_OUTER_BOUND('',#294,.T.);
#189=FACE_OUTER_BOUND('',#295,.T.);
#190=FACE_OUTER_BOUND('',#296,.T.);
#191=FACE_OUTER_BOUND('',#297,.T.);
#192=FACE_OUTER_BOUND('',#298,.T.);
#193=FACE_OUTER_BOUND('',#299,.T.);
#194=FACE_OUTER_BOUND('',#300,.T.);
#195=FACE_OUTER_BOUND('',#301,.T.);
#196=FACE_OUTER_BOUND('',#302,.T.);
#197=FACE_OUTER_BOUND('',#303,.T.);
#198=EDGE_LOOP('',(#1130,#1131,#1132,#1133));
#199=EDGE_LOOP('',(#1134,#1135,#1136,#1137));
#200=EDGE_LOOP('',(#1138,#1139,#1140,#1141));
#201=EDGE_LOOP('',(#1142,#1143,#1144,#1145));
#202=EDGE_LOOP('',(#1146,#1147,#1148,#1149,#1150,#1151,#1152,#1153,#1154,
#1155,#1156,#1157));
#203=EDGE_LOOP('',(#1158,#1159,#1160));
#204=EDGE_LOOP('',(#1161,#1162,#1163,#1164));
#205=EDGE_LOOP('',(#1165,#1166,#1167));
#206=EDGE_LOOP('',(#1168,#1169,#1170,#1171));
#207=EDGE_LOOP('',(#1172,#1173,#1174,#1175));
#208=EDGE_LOOP('',(#1176,#1177,#1178,#1179));
#209=EDGE_LOOP('',(#1180,#1181,#1182,#1183));
#210=EDGE_LOOP('',(#1184,#1185,#1186,#1187));
#211=EDGE_LOOP('',(#1188,#1189,#1190,#1191));
#212=EDGE_LOOP('',(#1192,#1193,#1194,#1195));
#213=EDGE_LOOP('',(#1196,#1197,#1198,#1199));
#214=EDGE_LOOP('',(#1200,#1201,#1202,#1203));
#215=EDGE_LOOP('',(#1204,#1205,#1206,#1207,#1208,#1209,#1210,#1211));
#216=EDGE_LOOP('',(#1212,#1213,#1214,#1215,#1216,#1217,#1218,#1219,#1220,
#1221,#1222,#1223));
#217=EDGE_LOOP('',(#1224,#1225,#1226,#1227,#1228,#1229));
#218=EDGE_LOOP('',(#1230,#1231,#1232,#1233));
#219=EDGE_LOOP('',(#1234,#1235,#1236,#1237));
#220=EDGE_LOOP('',(#1238,#1239,#1240,#1241));
#221=EDGE_LOOP('',(#1242,#1243,#1244,#1245));
#222=EDGE_LOOP('',(#1246,#1247,#1248,#1249));
#223=EDGE_LOOP('',(#1250,#1251,#1252,#1253));
#224=EDGE_LOOP('',(#1254,#1255,#1256,#1257));
#225=EDGE_LOOP('',(#1258,#1259,#1260,#1261));
#226=EDGE_LOOP('',(#1262,#1263,#1264,#1265));
#227=EDGE_LOOP('',(#1266,#1267,#1268,#1269));
#228=EDGE_LOOP('',(#1270,#1271,#1272,#1273));
#229=EDGE_LOOP('',(#1274,#1275,#1276,#1277));
#230=EDGE_LOOP('',(#1278,#1279,#1280,#1281));
#231=EDGE_LOOP('',(#1282,#1283,#1284,#1285));
#232=EDGE_LOOP('',(#1286,#1287,#1288,#1289));
#233=EDGE_LOOP('',(#1290,#1291,#1292,#1293));
#234=EDGE_LOOP('',(#1294,#1295,#1296,#1297,#1298,#1299,#1300,#1301,#1302,
#1303,#1304,#1305));
#235=EDGE_LOOP('',(#1306,#1307,#1308,#1309));
#236=EDGE_LOOP('',(#1310,#1311,#1312,#1313,#1314,#1315,#1316,#1317));
#237=EDGE_LOOP('',(#1318,#1319,#1320,#1321,#1322));
#238=EDGE_LOOP('',(#1323,#1324,#1325,#1326));
#239=EDGE_LOOP('',(#1327,#1328,#1329,#1330));
#240=EDGE_LOOP('',(#1331,#1332,#1333,#1334,#1335));
#241=EDGE_LOOP('',(#1336,#1337,#1338,#1339));
#242=EDGE_LOOP('',(#1340,#1341,#1342,#1343));
#243=EDGE_LOOP('',(#1344,#1345,#1346,#1347));
#244=EDGE_LOOP('',(#1348,#1349,#1350,#1351));
#245=EDGE_LOOP('',(#1352,#1353,#1354,#1355));
#246=EDGE_LOOP('',(#1356,#1357,#1358,#1359,#1360,#1361,#1362,#1363,#1364,
#1365,#1366,#1367));
#247=EDGE_LOOP('',(#1368,#1369,#1370,#1371));
#248=EDGE_LOOP('',(#1372,#1373,#1374,#1375,#1376,#1377,#1378,#1379));
#249=EDGE_LOOP('',(#1380,#1381,#1382,#1383));
#250=EDGE_LOOP('',(#1384,#1385,#1386,#1387,#1388));
#251=EDGE_LOOP('',(#1389,#1390,#1391,#1392,#1393,#1394));
#252=EDGE_LOOP('',(#1395,#1396,#1397,#1398));
#253=EDGE_LOOP('',(#1399,#1400,#1401,#1402));
#254=EDGE_LOOP('',(#1403,#1404,#1405,#1406));
#255=EDGE_LOOP('',(#1407,#1408,#1409,#1410,#1411,#1412,#1413,#1414,#1415,
#1416));
#256=EDGE_LOOP('',(#1417,#1418,#1419,#1420,#1421,#1422));
#257=EDGE_LOOP('',(#1423,#1424,#1425,#1426));
#258=EDGE_LOOP('',(#1427,#1428,#1429,#1430));
#259=EDGE_LOOP('',(#1431,#1432,#1433,#1434,#1435,#1436,#1437,#1438,#1439,
#1440,#1441));
#260=EDGE_LOOP('',(#1442,#1443,#1444,#1445));
#261=EDGE_LOOP('',(#1446,#1447,#1448,#1449,#1450,#1451,#1452,#1453));
#262=EDGE_LOOP('',(#1454,#1455,#1456,#1457));
#263=EDGE_LOOP('',(#1458,#1459,#1460,#1461));
#264=EDGE_LOOP('',(#1462,#1463,#1464,#1465,#1466));
#265=EDGE_LOOP('',(#1467));
#266=EDGE_LOOP('',(#1468,#1469));
#267=EDGE_LOOP('',(#1470,#1471,#1472));
#268=EDGE_LOOP('',(#1473,#1474,#1475,#1476));
#269=EDGE_LOOP('',(#1477,#1478,#1479));
#270=EDGE_LOOP('',(#1480,#1481,#1482,#1483));
#271=EDGE_LOOP('',(#1484,#1485,#1486,#1487));
#272=EDGE_LOOP('',(#1488,#1489,#1490,#1491));
#273=EDGE_LOOP('',(#1492,#1493,#1494,#1495));
#274=EDGE_LOOP('',(#1496,#1497,#1498,#1499));
#275=EDGE_LOOP('',(#1500,#1501,#1502,#1503));
#276=EDGE_LOOP('',(#1504,#1505,#1506,#1507));
#277=EDGE_LOOP('',(#1508,#1509,#1510,#1511));
#278=EDGE_LOOP('',(#1512,#1513));
#279=EDGE_LOOP('',(#1514,#1515,#1516,#1517));
#280=EDGE_LOOP('',(#1518,#1519,#1520,#1521));
#281=EDGE_LOOP('',(#1522,#1523,#1524,#1525));
#282=EDGE_LOOP('',(#1526,#1527,#1528,#1529,#1530,#1531));
#283=EDGE_LOOP('',(#1532,#1533,#1534,#1535,#1536,#1537,#1538,#1539));
#284=EDGE_LOOP('',(#1540,#1541,#1542,#1543,#1544,#1545));
#285=EDGE_LOOP('',(#1546,#1547,#1548,#1549));
#286=EDGE_LOOP('',(#1550,#1551,#1552,#1553,#1554,#1555));
#287=EDGE_LOOP('',(#1556));
#288=EDGE_LOOP('',(#1557,#1558,#1559,#1560));
#289=EDGE_LOOP('',(#1561,#1562,#1563,#1564));
#290=EDGE_LOOP('',(#1565,#1566,#1567,#1568));
#291=EDGE_LOOP('',(#1569));
#292=EDGE_LOOP('',(#1570,#1571));
#293=EDGE_LOOP('',(#1572,#1573,#1574,#1575));
#294=EDGE_LOOP('',(#1576,#1577,#1578,#1579,#1580,#1581));
#295=EDGE_LOOP('',(#1582,#1583,#1584,#1585,#1586,#1587,#1588,#1589));
#296=EDGE_LOOP('',(#1590,#1591,#1592,#1593,#1594,#1595));
#297=EDGE_LOOP('',(#1596,#1597,#1598,#1599));
#298=EDGE_LOOP('',(#1600,#1601,#1602,#1603,#1604));
#299=EDGE_LOOP('',(#1605,#1606,#1607,#1608));
#300=EDGE_LOOP('',(#1609,#1610,#1611,#1612));
#301=EDGE_LOOP('',(#1613,#1614,#1615,#1616,#1617,#1618,#1619,#1620,#1621,
#1622,#1623,#1624,#1625,#1626,#1627,#1628,#1629));
#302=EDGE_LOOP('',(#1630,#1631,#1632,#1633));
#303=EDGE_LOOP('',(#1634,#1635,#1636,#1637));
#304=LINE('',#2471,#509);
#305=LINE('',#2473,#510);
#306=LINE('',#2475,#511);
#307=LINE('',#2476,#512);
#308=LINE('',#2479,#513);
#309=LINE('',#2481,#514);
#310=LINE('',#2482,#515);
#311=LINE('',#2485,#516);
#312=LINE('',#2487,#517);
#313=LINE('',#2488,#518);
#314=LINE('',#2491,#519);
#315=LINE('',#2493,#520);
#316=LINE('',#2494,#521);
#317=LINE('',#2497,#522);
#318=LINE('',#2505,#523);
#319=LINE('',#2507,#524);
#320=LINE('',#2509,#525);
#321=LINE('',#2510,#526);
#322=LINE('',#2514,#527);
#323=LINE('',#2516,#528);
#324=LINE('',#2517,#529);
#325=LINE('',#2521,#530);
#326=LINE('',#2522,#531);
#327=LINE('',#2523,#532);
#328=LINE('',#2527,#533);
#329=LINE('',#2529,#534);
#330=LINE('',#2530,#535);
#331=LINE('',#2534,#536);
#332=LINE('',#2535,#537);
#333=LINE('',#2536,#538);
#334=LINE('',#2538,#539);
#335=LINE('',#2539,#540);
#336=LINE('',#2543,#541);
#337=LINE('',#2544,#542);
#338=LINE('',#2545,#543);
#339=LINE('',#2549,#544);
#340=LINE('',#2555,#545);
#341=LINE('',#2561,#546);
#342=LINE('',#2565,#547);
#343=LINE('',#2566,#548);
#344=LINE('',#2569,#549);
#345=LINE('',#2570,#550);
#346=LINE('',#2572,#551);
#347=LINE('',#2575,#552);
#348=LINE('',#2588,#553);
#349=LINE('',#2590,#554);
#350=LINE('',#2592,#555);
#351=LINE('',#2594,#556);
#352=LINE('',#2595,#557);
#353=LINE('',#2598,#558);
#354=LINE('',#2599,#559);
#355=LINE('',#2601,#560);
#356=LINE('',#2603,#561);
#357=LINE('',#2605,#562);
#358=LINE('',#2607,#563);
#359=LINE('',#2609,#564);
#360=LINE('',#2612,#565);
#361=LINE('',#2615,#566);
#362=LINE('',#2617,#567);
#363=LINE('',#2622,#568);
#364=LINE('',#2624,#569);
#365=LINE('',#2626,#570);
#366=LINE('',#2627,#571);
#367=LINE('',#2630,#572);
#368=LINE('',#2632,#573);
#369=LINE('',#2633,#574);
#370=LINE('',#2636,#575);
#371=LINE('',#2638,#576);
#372=LINE('',#2639,#577);
#373=LINE('',#2641,#578);
#374=LINE('',#2644,#579);
#375=LINE('',#2646,#580);
#376=LINE('',#2648,#581);
#377=LINE('',#2650,#582);
#378=LINE('',#2652,#583);
#379=LINE('',#2654,#584);
#380=LINE('',#2656,#585);
#381=LINE('',#2658,#586);
#382=LINE('',#2659,#587);
#383=LINE('',#2663,#588);
#384=LINE('',#2665,#589);
#385=LINE('',#2667,#590);
#386=LINE('',#2668,#591);
#387=LINE('',#2671,#592);
#388=LINE('',#2673,#593);
#389=LINE('',#2675,#594);
#390=LINE('',#2677,#595);
#391=LINE('',#2678,#596);
#392=LINE('',#2679,#597);
#393=LINE('',#2682,#598);
#394=LINE('',#2684,#599);
#395=LINE('',#2685,#600);
#396=LINE('',#2688,#601);
#397=LINE('',#2690,#602);
#398=LINE('',#2691,#603);
#399=LINE('',#2694,#604);
#400=LINE('',#2696,#605);
#401=LINE('',#2697,#606);
#402=LINE('',#2700,#607);
#403=LINE('',#2701,#608);
#404=LINE('',#2705,#609);
#405=LINE('',#2707,#610);
#406=LINE('',#2709,#611);
#407=LINE('',#2710,#612);
#408=LINE('',#2714,#613);
#409=LINE('',#2720,#614);
#410=LINE('',#2721,#615);
#411=LINE('',#2722,#616);
#412=LINE('',#2726,#617);
#413=LINE('',#2732,#618);
#414=LINE('',#2733,#619);
#415=LINE('',#2734,#620);
#416=LINE('',#2738,#621);
#417=LINE('',#2742,#622);
#418=LINE('',#2743,#623);
#419=LINE('',#2745,#624);
#420=LINE('',#2747,#625);
#421=LINE('',#2752,#626);
#422=LINE('',#2754,#627);
#423=LINE('',#2756,#628);
#424=LINE('',#2757,#629);
#425=LINE('',#2759,#630);
#426=LINE('',#2761,#631);
#427=LINE('',#2762,#632);
#428=LINE('',#2765,#633);
#429=LINE('',#2767,#634);
#430=LINE('',#2768,#635);
#431=LINE('',#2771,#636);
#432=LINE('',#2777,#637);
#433=LINE('',#2779,#638);
#434=LINE('',#2780,#639);
#435=LINE('',#2782,#640);
#436=LINE('',#2783,#641);
#437=LINE('',#2787,#642);
#438=LINE('',#2790,#643);
#439=LINE('',#2791,#644);
#440=LINE('',#2794,#645);
#441=LINE('',#2795,#646);
#442=LINE('',#2798,#647);
#443=LINE('',#2800,#648);
#444=LINE('',#2802,#649);
#445=LINE('',#2804,#650);
#446=LINE('',#2806,#651);
#447=LINE('',#2807,#652);
#448=LINE('',#2812,#653);
#449=LINE('',#2814,#654);
#450=LINE('',#2815,#655);
#451=LINE('',#2818,#656);
#452=LINE('',#2820,#657);
#453=LINE('',#2821,#658);
#454=LINE('',#2823,#659);
#455=LINE('',#2824,#660);
#456=LINE('',#2827,#661);
#457=LINE('',#2829,#662);
#458=LINE('',#2831,#663);
#459=LINE('',#2833,#664);
#460=LINE('',#2834,#665);
#461=LINE('',#2836,#666);
#462=LINE('',#2838,#667);
#463=LINE('',#2840,#668);
#464=LINE('',#2841,#669);
#465=LINE('',#2847,#670);
#466=LINE('',#2892,#671);
#467=LINE('',#2897,#672);
#468=LINE('',#2901,#673);
#469=LINE('',#2902,#674);
#470=LINE('',#2903,#675);
#471=LINE('',#2906,#676);
#472=LINE('',#2907,#677);
#473=LINE('',#2910,#678);
#474=LINE('',#2912,#679);
#475=LINE('',#2913,#680);
#476=LINE('',#2916,#681);
#477=LINE('',#2917,#682);
#478=LINE('',#2921,#683);
#479=LINE('',#2922,#684);
#480=LINE('',#2923,#685);
#481=LINE('',#2927,#686);
#482=LINE('',#2933,#687);
#483=LINE('',#2939,#688);
#484=LINE('',#2943,#689);
#485=LINE('',#2944,#690);
#486=LINE('',#2946,#691);
#487=LINE('',#2949,#692);
#488=LINE('',#2952,#693);
#489=LINE('',#2955,#694);
#490=LINE('',#2959,#695);
#491=LINE('',#2962,#696);
#492=LINE('',#2965,#697);
#493=LINE('',#2969,#698);
#494=LINE('',#2976,#699);
#495=LINE('',#2984,#700);
#496=LINE('',#2986,#701);
#497=LINE('',#3027,#702);
#498=LINE('',#3030,#703);
#499=LINE('',#3032,#704);
#500=LINE('',#3033,#705);
#501=LINE('',#3040,#706);
#502=LINE('',#3042,#707);
#503=LINE('',#3043,#708);
#504=LINE('',#3045,#709);
#505=LINE('',#3048,#710);
#506=LINE('',#3050,#711);
#507=LINE('',#3054,#712);
#508=LINE('',#3056,#713);
#509=VECTOR('',#1974,10.);
#510=VECTOR('',#1975,10.);
#511=VECTOR('',#1976,10.);
#512=VECTOR('',#1977,10.);
#513=VECTOR('',#1980,10.);
#514=VECTOR('',#1981,10.);
#515=VECTOR('',#1982,10.);
#516=VECTOR('',#1985,10.);
#517=VECTOR('',#1986,10.);
#518=VECTOR('',#1987,10.);
#519=VECTOR('',#1990,10.);
#520=VECTOR('',#1991,10.);
#521=VECTOR('',#1992,10.);
#522=VECTOR('',#1995,10.);
#523=VECTOR('',#2002,10.);
#524=VECTOR('',#2003,10.);
#525=VECTOR('',#2004,10.);
#526=VECTOR('',#2005,10.);
#527=VECTOR('',#2008,10.);
#528=VECTOR('',#2009,10.);
#529=VECTOR('',#2010,10.);
#530=VECTOR('',#2013,10.);
#531=VECTOR('',#2014,10.);
#532=VECTOR('',#2015,10.);
#533=VECTOR('',#2018,10.);
#534=VECTOR('',#2019,10.);
#535=VECTOR('',#2020,10.);
#536=VECTOR('',#2023,10.);
#537=VECTOR('',#2024,10.);
#538=VECTOR('',#2025,10.);
#539=VECTOR('',#2028,10.);
#540=VECTOR('',#2029,10.);
#541=VECTOR('',#2032,10.);
#542=VECTOR('',#2033,10.);
#543=VECTOR('',#2034,10.);
#544=VECTOR('',#2037,10.);
#545=VECTOR('',#2044,10.);
#546=VECTOR('',#2051,10.);
#547=VECTOR('',#2058,10.);
#548=VECTOR('',#2059,10.);
#549=VECTOR('',#2062,10.);
#550=VECTOR('',#2063,10.);
#551=VECTOR('',#2066,10.);
#552=VECTOR('',#2069,10.);
#553=VECTOR('',#2082,10.);
#554=VECTOR('',#2083,10.);
#555=VECTOR('',#2084,10.);
#556=VECTOR('',#2085,10.);
#557=VECTOR('',#2086,10.);
#558=VECTOR('',#2091,10.);
#559=VECTOR('',#2092,10.);
#560=VECTOR('',#2095,10.);
#561=VECTOR('',#2098,10.);
#562=VECTOR('',#2101,10.);
#563=VECTOR('',#2104,10.);
#564=VECTOR('',#2107,10.);
#565=VECTOR('',#2112,10.);
#566=VECTOR('',#2117,10.);
#567=VECTOR('',#2120,10.);
#568=VECTOR('',#2125,10.);
#569=VECTOR('',#2126,10.);
#570=VECTOR('',#2127,10.);
#571=VECTOR('',#2128,10.);
#572=VECTOR('',#2131,10.);
#573=VECTOR('',#2132,10.);
#574=VECTOR('',#2133,10.);
#575=VECTOR('',#2136,10.);
#576=VECTOR('',#2137,10.);
#577=VECTOR('',#2138,10.);
#578=VECTOR('',#2141,10.);
#579=VECTOR('',#2144,10.);
#580=VECTOR('',#2145,10.);
#581=VECTOR('',#2146,10.);
#582=VECTOR('',#2147,10.);
#583=VECTOR('',#2148,10.);
#584=VECTOR('',#2149,10.);
#585=VECTOR('',#2150,10.);
#586=VECTOR('',#2151,10.);
#587=VECTOR('',#2152,10.);
#588=VECTOR('',#2155,10.);
#589=VECTOR('',#2156,10.);
#590=VECTOR('',#2157,10.);
#591=VECTOR('',#2158,10.);
#592=VECTOR('',#2161,10.);
#593=VECTOR('',#2162,10.);
#594=VECTOR('',#2163,10.);
#595=VECTOR('',#2164,10.);
#596=VECTOR('',#2165,10.);
#597=VECTOR('',#2166,10.);
#598=VECTOR('',#2169,10.);
#599=VECTOR('',#2170,10.);
#600=VECTOR('',#2171,10.);
#601=VECTOR('',#2174,10.);
#602=VECTOR('',#2175,10.);
#603=VECTOR('',#2176,10.);
#604=VECTOR('',#2179,10.);
#605=VECTOR('',#2180,10.);
#606=VECTOR('',#2181,10.);
#607=VECTOR('',#2184,10.);
#608=VECTOR('',#2185,10.);
#609=VECTOR('',#2188,10.);
#610=VECTOR('',#2189,10.);
#611=VECTOR('',#2190,10.);
#612=VECTOR('',#2191,10.);
#613=VECTOR('',#2194,10.);
#614=VECTOR('',#2201,10.);
#615=VECTOR('',#2202,10.);
#616=VECTOR('',#2203,10.);
#617=VECTOR('',#2206,10.);
#618=VECTOR('',#2213,10.);
#619=VECTOR('',#2214,10.);
#620=VECTOR('',#2215,10.);
#621=VECTOR('',#2218,10.);
#622=VECTOR('',#2221,10.);
#623=VECTOR('',#2222,10.);
#624=VECTOR('',#2223,10.);
#625=VECTOR('',#2224,10.);
#626=VECTOR('',#2229,10.);
#627=VECTOR('',#2230,10.);
#628=VECTOR('',#2231,10.);
#629=VECTOR('',#2232,10.);
#630=VECTOR('',#2233,10.);
#631=VECTOR('',#2234,10.);
#632=VECTOR('',#2235,10.);
#633=VECTOR('',#2238,10.);
#634=VECTOR('',#2239,10.);
#635=VECTOR('',#2240,10.);
#636=VECTOR('',#2243,10.);
#637=VECTOR('',#2250,10.);
#638=VECTOR('',#2251,10.);
#639=VECTOR('',#2252,10.);
#640=VECTOR('',#2253,10.);
#641=VECTOR('',#2254,10.);
#642=VECTOR('',#2259,10.);
#643=VECTOR('',#2262,10.);
#644=VECTOR('',#2263,10.);
#645=VECTOR('',#2266,10.);
#646=VECTOR('',#2267,10.);
#647=VECTOR('',#2270,10.);
#648=VECTOR('',#2271,10.);
#649=VECTOR('',#2272,10.);
#650=VECTOR('',#2273,10.);
#651=VECTOR('',#2274,10.);
#652=VECTOR('',#2275,10.);
#653=VECTOR('',#2280,10.);
#654=VECTOR('',#2281,10.);
#655=VECTOR('',#2282,10.);
#656=VECTOR('',#2285,10.);
#657=VECTOR('',#2286,10.);
#658=VECTOR('',#2287,10.);
#659=VECTOR('',#2290,10.);
#660=VECTOR('',#2291,10.);
#661=VECTOR('',#2294,10.);
#662=VECTOR('',#2295,10.);
#663=VECTOR('',#2296,10.);
#664=VECTOR('',#2297,10.);
#665=VECTOR('',#2298,10.);
#666=VECTOR('',#2301,10.);
#667=VECTOR('',#2304,10.);
#668=VECTOR('',#2305,10.);
#669=VECTOR('',#2306,10.);
#670=VECTOR('',#2313,7.5);
#671=VECTOR('',#2318,8.);
#672=VECTOR('',#2323,10.);
#673=VECTOR('',#2326,10.);
#674=VECTOR('',#2327,10.);
#675=VECTOR('',#2328,10.);
#676=VECTOR('',#2331,10.);
#677=VECTOR('',#2332,10.);
#678=VECTOR('',#2335,10.);
#679=VECTOR('',#2336,10.);
#680=VECTOR('',#2337,10.);
#681=VECTOR('',#2340,10.);
#682=VECTOR('',#2341,10.);
#683=VECTOR('',#2344,10.);
#684=VECTOR('',#2345,10.);
#685=VECTOR('',#2346,10.);
#686=VECTOR('',#2349,10.);
#687=VECTOR('',#2356,10.);
#688=VECTOR('',#2363,10.);
#689=VECTOR('',#2370,10.);
#690=VECTOR('',#2371,10.);
#691=VECTOR('',#2374,10.);
#692=VECTOR('',#2377,10.);
#693=VECTOR('',#2380,10.);
#694=VECTOR('',#2383,10.);
#695=VECTOR('',#2388,10.);
#696=VECTOR('',#2393,10.);
#697=VECTOR('',#2398,10.);
#698=VECTOR('',#2401,10.);
#699=VECTOR('',#2408,10.);
#700=VECTOR('',#2417,10.);
#701=VECTOR('',#2420,10.);
#702=VECTOR('',#2423,10.);
#703=VECTOR('',#2426,10.);
#704=VECTOR('',#2427,10.);
#705=VECTOR('',#2428,10.);
#706=VECTOR('',#2439,6.);
#707=VECTOR('',#2442,10.);
#708=VECTOR('',#2443,10.);
#709=VECTOR('',#2446,10.);
#710=VECTOR('',#2451,10.);
#711=VECTOR('',#2454,10.);
#712=VECTOR('',#2461,10.);
#713=VECTOR('',#2464,10.);
#714=VERTEX_POINT('',#2469);
#715=VERTEX_POINT('',#2470);
#716=VERTEX_POINT('',#2472);
#717=VERTEX_POINT('',#2474);
#718=VERTEX_POINT('',#2478);
#719=VERTEX_POINT('',#2480);
#720=VERTEX_POINT('',#2484);
#721=VERTEX_POINT('',#2486);
#722=VERTEX_POINT('',#2490);
#723=VERTEX_POINT('',#2492);
#724=VERTEX_POINT('',#2496);
#725=VERTEX_POINT('',#2498);
#726=VERTEX_POINT('',#2500);
#727=VERTEX_POINT('',#2502);
#728=VERTEX_POINT('',#2504);
#729=VERTEX_POINT('',#2506);
#730=VERTEX_POINT('',#2508);
#731=VERTEX_POINT('',#2512);
#732=VERTEX_POINT('',#2513);
#733=VERTEX_POINT('',#2515);
#734=VERTEX_POINT('',#2519);
#735=VERTEX_POINT('',#2520);
#736=VERTEX_POINT('',#2525);
#737=VERTEX_POINT('',#2526);
#738=VERTEX_POINT('',#2528);
#739=VERTEX_POINT('',#2532);
#740=VERTEX_POINT('',#2533);
#741=VERTEX_POINT('',#2541);
#742=VERTEX_POINT('',#2542);
#743=VERTEX_POINT('',#2547);
#744=VERTEX_POINT('',#2548);
#745=VERTEX_POINT('',#2553);
#746=VERTEX_POINT('',#2554);
#747=VERTEX_POINT('',#2559);
#748=VERTEX_POINT('',#2560);
#749=VERTEX_POINT('',#2568);
#750=VERTEX_POINT('',#2574);
#751=VERTEX_POINT('',#2576);
#752=VERTEX_POINT('',#2578);
#753=VERTEX_POINT('',#2581);
#754=VERTEX_POINT('',#2582);
#755=VERTEX_POINT('',#2584);
#756=VERTEX_POINT('',#2586);
#757=VERTEX_POINT('',#2589);
#758=VERTEX_POINT('',#2591);
#759=VERTEX_POINT('',#2593);
#760=VERTEX_POINT('',#2620);
#761=VERTEX_POINT('',#2621);
#762=VERTEX_POINT('',#2623);
#763=VERTEX_POINT('',#2625);
#764=VERTEX_POINT('',#2629);
#765=VERTEX_POINT('',#2631);
#766=VERTEX_POINT('',#2635);
#767=VERTEX_POINT('',#2637);
#768=VERTEX_POINT('',#2643);
#769=VERTEX_POINT('',#2645);
#770=VERTEX_POINT('',#2647);
#771=VERTEX_POINT('',#2649);
#772=VERTEX_POINT('',#2651);
#773=VERTEX_POINT('',#2653);
#774=VERTEX_POINT('',#2655);
#775=VERTEX_POINT('',#2657);
#776=VERTEX_POINT('',#2661);
#777=VERTEX_POINT('',#2662);
#778=VERTEX_POINT('',#2664);
#779=VERTEX_POINT('',#2666);
#780=VERTEX_POINT('',#2670);
#781=VERTEX_POINT('',#2672);
#782=VERTEX_POINT('',#2674);
#783=VERTEX_POINT('',#2676);
#784=VERTEX_POINT('',#2681);
#785=VERTEX_POINT('',#2683);
#786=VERTEX_POINT('',#2687);
#787=VERTEX_POINT('',#2689);
#788=VERTEX_POINT('',#2693);
#789=VERTEX_POINT('',#2695);
#790=VERTEX_POINT('',#2699);
#791=VERTEX_POINT('',#2703);
#792=VERTEX_POINT('',#2704);
#793=VERTEX_POINT('',#2706);
#794=VERTEX_POINT('',#2708);
#795=VERTEX_POINT('',#2712);
#796=VERTEX_POINT('',#2713);
#797=VERTEX_POINT('',#2718);
#798=VERTEX_POINT('',#2719);
#799=VERTEX_POINT('',#2724);
#800=VERTEX_POINT('',#2725);
#801=VERTEX_POINT('',#2730);
#802=VERTEX_POINT('',#2731);
#803=VERTEX_POINT('',#2736);
#804=VERTEX_POINT('',#2737);
#805=VERTEX_POINT('',#2739);
#806=VERTEX_POINT('',#2741);
#807=VERTEX_POINT('',#2744);
#808=VERTEX_POINT('',#2746);
#809=VERTEX_POINT('',#2750);
#810=VERTEX_POINT('',#2751);
#811=VERTEX_POINT('',#2753);
#812=VERTEX_POINT('',#2755);
#813=VERTEX_POINT('',#2758);
#814=VERTEX_POINT('',#2760);
#815=VERTEX_POINT('',#2764);
#816=VERTEX_POINT('',#2766);
#817=VERTEX_POINT('',#2770);
#818=VERTEX_POINT('',#2772);
#819=VERTEX_POINT('',#2776);
#820=VERTEX_POINT('',#2778);
#821=VERTEX_POINT('',#2781);
#822=VERTEX_POINT('',#2785);
#823=VERTEX_POINT('',#2789);
#824=VERTEX_POINT('',#2793);
#825=VERTEX_POINT('',#2797);
#826=VERTEX_POINT('',#2799);
#827=VERTEX_POINT('',#2801);
#828=VERTEX_POINT('',#2803);
#829=VERTEX_POINT('',#2805);
#830=VERTEX_POINT('',#2809);
#831=VERTEX_POINT('',#2811);
#832=VERTEX_POINT('',#2813);
#833=VERTEX_POINT('',#2817);
#834=VERTEX_POINT('',#2819);
#835=VERTEX_POINT('',#2826);
#836=VERTEX_POINT('',#2828);
#837=VERTEX_POINT('',#2830);
#838=VERTEX_POINT('',#2832);
#839=VERTEX_POINT('',#2839);
#840=VERTEX_POINT('',#2844);
#841=VERTEX_POINT('',#2846);
#842=VERTEX_POINT('',#2850);
#843=VERTEX_POINT('',#2851);
#844=VERTEX_POINT('',#2894);
#845=VERTEX_POINT('',#2895);
#846=VERTEX_POINT('',#2899);
#847=VERTEX_POINT('',#2900);
#848=VERTEX_POINT('',#2905);
#849=VERTEX_POINT('',#2909);
#850=VERTEX_POINT('',#2911);
#851=VERTEX_POINT('',#2915);
#852=VERTEX_POINT('',#2919);
#853=VERTEX_POINT('',#2920);
#854=VERTEX_POINT('',#2925);
#855=VERTEX_POINT('',#2926);
#856=VERTEX_POINT('',#2931);
#857=VERTEX_POINT('',#2932);
#858=VERTEX_POINT('',#2937);
#859=VERTEX_POINT('',#2938);
#860=VERTEX_POINT('',#2948);
#861=VERTEX_POINT('',#2950);
#862=VERTEX_POINT('',#2954);
#863=VERTEX_POINT('',#2958);
#864=VERTEX_POINT('',#2966);
#865=VERTEX_POINT('',#2968);
#866=VERTEX_POINT('',#2970);
#867=VERTEX_POINT('',#2974);
#868=VERTEX_POINT('',#2975);
#869=VERTEX_POINT('',#2977);
#870=VERTEX_POINT('',#2979);
#871=VERTEX_POINT('',#2983);
#872=VERTEX_POINT('',#2987);
#873=VERTEX_POINT('',#3029);
#874=VERTEX_POINT('',#3031);
#875=VERTEX_POINT('',#3037);
#876=EDGE_CURVE('',#714,#715,#304,.T.);
#877=EDGE_CURVE('',#714,#716,#305,.T.);
#878=EDGE_CURVE('',#716,#717,#306,.T.);
#879=EDGE_CURVE('',#715,#717,#307,.T.);
#880=EDGE_CURVE('',#718,#714,#308,.T.);
#881=EDGE_CURVE('',#718,#719,#309,.T.);
#882=EDGE_CURVE('',#719,#716,#310,.T.);
#883=EDGE_CURVE('',#720,#718,#311,.T.);
#884=EDGE_CURVE('',#721,#720,#312,.T.);
#885=EDGE_CURVE('',#721,#719,#313,.T.);
#886=EDGE_CURVE('',#720,#722,#314,.T.);
#887=EDGE_CURVE('',#722,#723,#315,.T.);
#888=EDGE_CURVE('',#723,#721,#316,.T.);
#889=EDGE_CURVE('',#724,#715,#317,.T.);
#890=EDGE_CURVE('',#725,#724,#53,.T.);
#891=EDGE_CURVE('',#726,#725,#54,.T.);
#892=EDGE_CURVE('',#727,#726,#55,.T.);
#893=EDGE_CURVE('',#728,#727,#318,.T.);
#894=EDGE_CURVE('',#729,#728,#319,.T.);
#895=EDGE_CURVE('',#730,#729,#320,.T.);
#896=EDGE_CURVE('',#722,#730,#321,.T.);
#897=EDGE_CURVE('',#731,#732,#322,.T.);
#898=EDGE_CURVE('',#733,#731,#323,.T.);
#899=EDGE_CURVE('',#732,#733,#324,.T.);
#900=EDGE_CURVE('',#734,#735,#325,.T.);
#901=EDGE_CURVE('',#735,#733,#326,.T.);
#902=EDGE_CURVE('',#731,#734,#327,.T.);
#903=EDGE_CURVE('',#736,#737,#328,.T.);
#904=EDGE_CURVE('',#738,#736,#329,.T.);
#905=EDGE_CURVE('',#737,#738,#330,.T.);
#906=EDGE_CURVE('',#739,#740,#331,.T.);
#907=EDGE_CURVE('',#740,#738,#332,.T.);
#908=EDGE_CURVE('',#736,#739,#333,.T.);
#909=EDGE_CURVE('',#732,#737,#334,.T.);
#910=EDGE_CURVE('',#738,#731,#335,.T.);
#911=EDGE_CURVE('',#741,#742,#336,.T.);
#912=EDGE_CURVE('',#742,#732,#337,.T.);
#913=EDGE_CURVE('',#733,#741,#338,.T.);
#914=EDGE_CURVE('',#743,#744,#339,.T.);
#915=EDGE_CURVE('',#744,#742,#56,.T.);
#916=EDGE_CURVE('',#741,#743,#57,.T.);
#917=EDGE_CURVE('',#745,#746,#340,.T.);
#918=EDGE_CURVE('',#746,#744,#58,.T.);
#919=EDGE_CURVE('',#743,#745,#59,.T.);
#920=EDGE_CURVE('',#747,#748,#341,.T.);
#921=EDGE_CURVE('',#748,#746,#60,.T.);
#922=EDGE_CURVE('',#745,#747,#61,.T.);
#923=EDGE_CURVE('',#747,#736,#342,.T.);
#924=EDGE_CURVE('',#737,#748,#343,.T.);
#925=EDGE_CURVE('',#735,#749,#344,.T.);
#926=EDGE_CURVE('',#741,#749,#345,.T.);
#927=EDGE_CURVE('',#740,#734,#346,.T.);
#928=EDGE_CURVE('',#750,#739,#347,.T.);
#929=EDGE_CURVE('',#751,#750,#62,.T.);
#930=EDGE_CURVE('',#752,#751,#63,.T.);
#931=EDGE_CURVE('',#749,#752,#64,.T.);
#932=EDGE_CURVE('',#753,#754,#65,.T.);
#933=EDGE_CURVE('',#755,#753,#66,.T.);
#934=EDGE_CURVE('',#756,#755,#67,.T.);
#935=EDGE_CURVE('',#717,#756,#348,.T.);
#936=EDGE_CURVE('',#757,#723,#349,.T.);
#937=EDGE_CURVE('',#758,#757,#350,.T.);
#938=EDGE_CURVE('',#759,#758,#351,.T.);
#939=EDGE_CURVE('',#754,#759,#352,.T.);
#940=EDGE_CURVE('',#728,#759,#353,.T.);
#941=EDGE_CURVE('',#729,#758,#354,.T.);
#942=EDGE_CURVE('',#727,#754,#355,.T.);
#943=EDGE_CURVE('',#726,#753,#356,.T.);
#944=EDGE_CURVE('',#725,#755,#357,.T.);
#945=EDGE_CURVE('',#747,#750,#358,.T.);
#946=EDGE_CURVE('',#730,#757,#359,.T.);
#947=EDGE_CURVE('',#724,#756,#360,.T.);
#948=EDGE_CURVE('',#751,#745,#361,.T.);
#949=EDGE_CURVE('',#743,#752,#362,.T.);
#950=EDGE_CURVE('',#760,#761,#363,.T.);
#951=EDGE_CURVE('',#760,#762,#364,.T.);
#952=EDGE_CURVE('',#762,#763,#365,.T.);
#953=EDGE_CURVE('',#761,#763,#366,.T.);
#954=EDGE_CURVE('',#764,#760,#367,.T.);
#955=EDGE_CURVE('',#764,#765,#368,.T.);
#956=EDGE_CURVE('',#765,#762,#369,.T.);
#957=EDGE_CURVE('',#766,#764,#370,.T.);
#958=EDGE_CURVE('',#766,#767,#371,.T.);
#959=EDGE_CURVE('',#767,#765,#372,.T.);
#960=EDGE_CURVE('',#763,#767,#373,.T.);
#961=EDGE_CURVE('',#761,#768,#374,.T.);
#962=EDGE_CURVE('',#768,#769,#375,.T.);
#963=EDGE_CURVE('',#769,#770,#376,.T.);
#964=EDGE_CURVE('',#770,#771,#377,.T.);
#965=EDGE_CURVE('',#771,#772,#378,.T.);
#966=EDGE_CURVE('',#772,#773,#379,.T.);
#967=EDGE_CURVE('',#773,#774,#380,.T.);
#968=EDGE_CURVE('',#774,#775,#381,.T.);
#969=EDGE_CURVE('',#775,#766,#382,.T.);
#970=EDGE_CURVE('',#776,#777,#383,.T.);
#971=EDGE_CURVE('',#777,#778,#384,.T.);
#972=EDGE_CURVE('',#778,#779,#385,.F.);
#973=EDGE_CURVE('',#779,#776,#386,.T.);
#974=EDGE_CURVE('',#777,#780,#387,.T.);
#975=EDGE_CURVE('',#780,#781,#388,.T.);
#976=EDGE_CURVE('',#781,#782,#389,.T.);
#977=EDGE_CURVE('',#783,#782,#390,.T.);
#978=EDGE_CURVE('',#775,#783,#391,.T.);
#979=EDGE_CURVE('',#778,#774,#392,.T.);
#980=EDGE_CURVE('',#784,#776,#393,.T.);
#981=EDGE_CURVE('',#785,#784,#394,.T.);
#982=EDGE_CURVE('',#780,#785,#395,.T.);
#983=EDGE_CURVE('',#782,#786,#396,.T.);
#984=EDGE_CURVE('',#786,#787,#397,.T.);
#985=EDGE_CURVE('',#787,#783,#398,.F.);
#986=EDGE_CURVE('',#786,#788,#399,.T.);
#987=EDGE_CURVE('',#788,#789,#400,.T.);
#988=EDGE_CURVE('',#787,#789,#401,.T.);
#989=EDGE_CURVE('',#781,#790,#402,.T.);
#990=EDGE_CURVE('',#788,#790,#403,.T.);
#991=EDGE_CURVE('',#791,#792,#404,.F.);
#992=EDGE_CURVE('',#792,#793,#405,.T.);
#993=EDGE_CURVE('',#793,#794,#406,.T.);
#994=EDGE_CURVE('',#794,#791,#407,.T.);
#995=EDGE_CURVE('',#795,#796,#408,.T.);
#996=EDGE_CURVE('',#796,#794,#68,.T.);
#997=EDGE_CURVE('',#793,#795,#69,.T.);
#998=EDGE_CURVE('',#797,#798,#409,.T.);
#999=EDGE_CURVE('',#798,#796,#410,.T.);
#1000=EDGE_CURVE('',#795,#797,#411,.T.);
#1001=EDGE_CURVE('',#799,#800,#412,.T.);
#1002=EDGE_CURVE('',#800,#798,#70,.T.);
#1003=EDGE_CURVE('',#797,#799,#71,.T.);
#1004=EDGE_CURVE('',#801,#802,#413,.F.);
#1005=EDGE_CURVE('',#802,#800,#414,.T.);
#1006=EDGE_CURVE('',#799,#801,#415,.T.);
#1007=EDGE_CURVE('',#803,#804,#416,.T.);
#1008=EDGE_CURVE('',#805,#803,#72,.T.);
#1009=EDGE_CURVE('',#806,#805,#417,.T.);
#1010=EDGE_CURVE('',#801,#806,#418,.T.);
#1011=EDGE_CURVE('',#807,#792,#419,.T.);
#1012=EDGE_CURVE('',#808,#807,#420,.T.);
#1013=EDGE_CURVE('',#804,#808,#73,.T.);
#1014=EDGE_CURVE('',#809,#810,#421,.T.);
#1015=EDGE_CURVE('',#811,#809,#422,.T.);
#1016=EDGE_CURVE('',#812,#811,#423,.T.);
#1017=EDGE_CURVE('',#810,#812,#424,.T.);
#1018=EDGE_CURVE('',#802,#813,#425,.T.);
#1019=EDGE_CURVE('',#813,#814,#426,.T.);
#1020=EDGE_CURVE('',#814,#791,#427,.T.);
#1021=EDGE_CURVE('',#805,#815,#428,.T.);
#1022=EDGE_CURVE('',#816,#815,#429,.T.);
#1023=EDGE_CURVE('',#806,#816,#430,.T.);
#1024=EDGE_CURVE('',#803,#817,#431,.T.);
#1025=EDGE_CURVE('',#818,#817,#74,.T.);
#1026=EDGE_CURVE('',#815,#818,#75,.T.);
#1027=EDGE_CURVE('',#769,#819,#432,.T.);
#1028=EDGE_CURVE('',#820,#819,#433,.T.);
#1029=EDGE_CURVE('',#818,#820,#434,.T.);
#1030=EDGE_CURVE('',#821,#818,#435,.T.);
#1031=EDGE_CURVE('',#770,#821,#436,.T.);
#1032=EDGE_CURVE('',#822,#821,#76,.T.);
#1033=EDGE_CURVE('',#817,#822,#437,.T.);
#1034=EDGE_CURVE('',#823,#768,#438,.T.);
#1035=EDGE_CURVE('',#819,#823,#439,.T.);
#1036=EDGE_CURVE('',#824,#823,#440,.T.);
#1037=EDGE_CURVE('',#820,#824,#441,.T.);
#1038=EDGE_CURVE('',#824,#825,#442,.T.);
#1039=EDGE_CURVE('',#826,#825,#443,.T.);
#1040=EDGE_CURVE('',#827,#826,#444,.T.);
#1041=EDGE_CURVE('',#827,#828,#445,.T.);
#1042=EDGE_CURVE('',#828,#829,#446,.T.);
#1043=EDGE_CURVE('',#829,#816,#447,.T.);
#1044=EDGE_CURVE('',#821,#830,#77,.T.);
#1045=EDGE_CURVE('',#830,#831,#448,.T.);
#1046=EDGE_CURVE('',#831,#832,#449,.T.);
#1047=EDGE_CURVE('',#832,#771,#450,.T.);
#1048=EDGE_CURVE('',#772,#833,#451,.T.);
#1049=EDGE_CURVE('',#834,#833,#452,.T.);
#1050=EDGE_CURVE('',#773,#834,#453,.T.);
#1051=EDGE_CURVE('',#833,#828,#454,.T.);
#1052=EDGE_CURVE('',#834,#827,#455,.T.);
#1053=EDGE_CURVE('',#835,#826,#456,.T.);
#1054=EDGE_CURVE('',#836,#835,#457,.T.);
#1055=EDGE_CURVE('',#837,#836,#458,.T.);
#1056=EDGE_CURVE('',#837,#838,#459,.T.);
#1057=EDGE_CURVE('',#838,#779,#460,.T.);
#1058=EDGE_CURVE('',#790,#785,#461,.T.);
#1059=EDGE_CURVE('',#838,#784,#462,.T.);
#1060=EDGE_CURVE('',#839,#837,#463,.T.);
#1061=EDGE_CURVE('',#789,#839,#464,.T.);
#1062=EDGE_CURVE('',#840,#840,#78,.T.);
#1063=EDGE_CURVE('',#840,#841,#465,.T.);
#1064=EDGE_CURVE('',#841,#841,#79,.T.);
#1065=EDGE_CURVE('',#842,#843,#13,.T.);
#1066=EDGE_CURVE('',#843,#842,#14,.T.);
#1067=EDGE_CURVE('',#843,#841,#466,.T.);
#1068=EDGE_CURVE('',#844,#845,#80,.T.);
#1069=EDGE_CURVE('',#845,#844,#467,.T.);
#1070=EDGE_CURVE('',#846,#847,#468,.T.);
#1071=EDGE_CURVE('',#810,#846,#469,.T.);
#1072=EDGE_CURVE('',#847,#810,#470,.T.);
#1073=EDGE_CURVE('',#848,#809,#471,.T.);
#1074=EDGE_CURVE('',#846,#848,#472,.T.);
#1075=EDGE_CURVE('',#812,#849,#473,.T.);
#1076=EDGE_CURVE('',#850,#812,#474,.T.);
#1077=EDGE_CURVE('',#849,#850,#475,.T.);
#1078=EDGE_CURVE('',#811,#851,#476,.T.);
#1079=EDGE_CURVE('',#851,#850,#477,.T.);
#1080=EDGE_CURVE('',#852,#853,#478,.T.);
#1081=EDGE_CURVE('',#853,#849,#479,.T.);
#1082=EDGE_CURVE('',#850,#852,#480,.T.);
#1083=EDGE_CURVE('',#854,#855,#481,.T.);
#1084=EDGE_CURVE('',#855,#853,#81,.T.);
#1085=EDGE_CURVE('',#852,#854,#82,.T.);
#1086=EDGE_CURVE('',#856,#857,#482,.T.);
#1087=EDGE_CURVE('',#857,#855,#83,.T.);
#1088=EDGE_CURVE('',#854,#856,#84,.T.);
#1089=EDGE_CURVE('',#858,#859,#483,.T.);
#1090=EDGE_CURVE('',#859,#857,#85,.T.);
#1091=EDGE_CURVE('',#856,#858,#86,.T.);
#1092=EDGE_CURVE('',#858,#846,#484,.T.);
#1093=EDGE_CURVE('',#847,#859,#485,.T.);
#1094=EDGE_CURVE('',#849,#847,#486,.T.);
#1095=EDGE_CURVE('',#860,#856,#487,.T.);
#1096=EDGE_CURVE('',#861,#860,#87,.T.);
#1097=EDGE_CURVE('',#861,#858,#488,.T.);
#1098=EDGE_CURVE('',#862,#854,#489,.T.);
#1099=EDGE_CURVE('',#860,#862,#88,.T.);
#1100=EDGE_CURVE('',#863,#852,#490,.T.);
#1101=EDGE_CURVE('',#862,#863,#89,.T.);
#1102=EDGE_CURVE('',#863,#851,#491,.T.);
#1103=EDGE_CURVE('',#848,#861,#492,.T.);
#1104=EDGE_CURVE('',#864,#835,#90,.T.);
#1105=EDGE_CURVE('',#825,#865,#493,.T.);
#1106=EDGE_CURVE('',#865,#866,#91,.T.);
#1107=EDGE_CURVE('',#866,#864,#92,.T.);
#1108=EDGE_CURVE('',#867,#868,#494,.T.);
#1109=EDGE_CURVE('',#869,#868,#93,.T.);
#1110=EDGE_CURVE('',#870,#869,#94,.T.);
#1111=EDGE_CURVE('',#867,#870,#95,.T.);
#1112=EDGE_CURVE('',#868,#871,#495,.T.);
#1113=EDGE_CURVE('',#836,#871,#96,.T.);
#1114=EDGE_CURVE('',#864,#869,#496,.T.);
#1115=EDGE_CURVE('',#872,#872,#15,.T.);
#1116=EDGE_CURVE('',#871,#839,#497,.T.);
#1117=EDGE_CURVE('',#845,#873,#498,.T.);
#1118=EDGE_CURVE('',#874,#873,#499,.T.);
#1119=EDGE_CURVE('',#844,#874,#500,.T.);
#1120=EDGE_CURVE('',#873,#874,#97,.T.);
#1121=EDGE_CURVE('',#875,#875,#98,.T.);
#1122=EDGE_CURVE('',#872,#875,#501,.T.);
#1123=EDGE_CURVE('',#807,#831,#502,.T.);
#1124=EDGE_CURVE('',#814,#832,#503,.T.);
#1125=EDGE_CURVE('',#813,#829,#504,.T.);
#1126=EDGE_CURVE('',#804,#822,#505,.T.);
#1127=EDGE_CURVE('',#808,#830,#506,.T.);
#1128=EDGE_CURVE('',#867,#865,#507,.T.);
#1129=EDGE_CURVE('',#870,#866,#508,.T.);
#1130=ORIENTED_EDGE('',*,*,#876,.F.);
#1131=ORIENTED_EDGE('',*,*,#877,.T.);
#1132=ORIENTED_EDGE('',*,*,#878,.T.);
#1133=ORIENTED_EDGE('',*,*,#879,.F.);
#1134=ORIENTED_EDGE('',*,*,#880,.F.);
#1135=ORIENTED_EDGE('',*,*,#881,.T.);
#1136=ORIENTED_EDGE('',*,*,#882,.T.);
#1137=ORIENTED_EDGE('',*,*,#877,.F.);
#1138=ORIENTED_EDGE('',*,*,#883,.F.);
#1139=ORIENTED_EDGE('',*,*,#884,.F.);
#1140=ORIENTED_EDGE('',*,*,#885,.T.);
#1141=ORIENTED_EDGE('',*,*,#881,.F.);
#1142=ORIENTED_EDGE('',*,*,#884,.T.);
#1143=ORIENTED_EDGE('',*,*,#886,.T.);
#1144=ORIENTED_EDGE('',*,*,#887,.T.);
#1145=ORIENTED_EDGE('',*,*,#888,.T.);
#1146=ORIENTED_EDGE('',*,*,#883,.T.);
#1147=ORIENTED_EDGE('',*,*,#880,.T.);
#1148=ORIENTED_EDGE('',*,*,#876,.T.);
#1149=ORIENTED_EDGE('',*,*,#889,.F.);
#1150=ORIENTED_EDGE('',*,*,#890,.F.);
#1151=ORIENTED_EDGE('',*,*,#891,.F.);
#1152=ORIENTED_EDGE('',*,*,#892,.F.);
#1153=ORIENTED_EDGE('',*,*,#893,.F.);
#1154=ORIENTED_EDGE('',*,*,#894,.F.);
#1155=ORIENTED_EDGE('',*,*,#895,.F.);
#1156=ORIENTED_EDGE('',*,*,#896,.F.);
#1157=ORIENTED_EDGE('',*,*,#886,.F.);
#1158=ORIENTED_EDGE('',*,*,#897,.F.);
#1159=ORIENTED_EDGE('',*,*,#898,.F.);
#1160=ORIENTED_EDGE('',*,*,#899,.F.);
#1161=ORIENTED_EDGE('',*,*,#900,.T.);
#1162=ORIENTED_EDGE('',*,*,#901,.T.);
#1163=ORIENTED_EDGE('',*,*,#898,.T.);
#1164=ORIENTED_EDGE('',*,*,#902,.T.);
#1165=ORIENTED_EDGE('',*,*,#903,.F.);
#1166=ORIENTED_EDGE('',*,*,#904,.F.);
#1167=ORIENTED_EDGE('',*,*,#905,.F.);
#1168=ORIENTED_EDGE('',*,*,#906,.T.);
#1169=ORIENTED_EDGE('',*,*,#907,.T.);
#1170=ORIENTED_EDGE('',*,*,#904,.T.);
#1171=ORIENTED_EDGE('',*,*,#908,.T.);
#1172=ORIENTED_EDGE('',*,*,#897,.T.);
#1173=ORIENTED_EDGE('',*,*,#909,.T.);
#1174=ORIENTED_EDGE('',*,*,#905,.T.);
#1175=ORIENTED_EDGE('',*,*,#910,.T.);
#1176=ORIENTED_EDGE('',*,*,#911,.T.);
#1177=ORIENTED_EDGE('',*,*,#912,.T.);
#1178=ORIENTED_EDGE('',*,*,#899,.T.);
#1179=ORIENTED_EDGE('',*,*,#913,.T.);
#1180=ORIENTED_EDGE('',*,*,#914,.T.);
#1181=ORIENTED_EDGE('',*,*,#915,.T.);
#1182=ORIENTED_EDGE('',*,*,#911,.F.);
#1183=ORIENTED_EDGE('',*,*,#916,.T.);
#1184=ORIENTED_EDGE('',*,*,#917,.T.);
#1185=ORIENTED_EDGE('',*,*,#918,.T.);
#1186=ORIENTED_EDGE('',*,*,#914,.F.);
#1187=ORIENTED_EDGE('',*,*,#919,.T.);
#1188=ORIENTED_EDGE('',*,*,#920,.T.);
#1189=ORIENTED_EDGE('',*,*,#921,.T.);
#1190=ORIENTED_EDGE('',*,*,#917,.F.);
#1191=ORIENTED_EDGE('',*,*,#922,.T.);
#1192=ORIENTED_EDGE('',*,*,#920,.F.);
#1193=ORIENTED_EDGE('',*,*,#923,.T.);
#1194=ORIENTED_EDGE('',*,*,#903,.T.);
#1195=ORIENTED_EDGE('',*,*,#924,.T.);
#1196=ORIENTED_EDGE('',*,*,#913,.F.);
#1197=ORIENTED_EDGE('',*,*,#901,.F.);
#1198=ORIENTED_EDGE('',*,*,#925,.T.);
#1199=ORIENTED_EDGE('',*,*,#926,.F.);
#1200=ORIENTED_EDGE('',*,*,#902,.F.);
#1201=ORIENTED_EDGE('',*,*,#910,.F.);
#1202=ORIENTED_EDGE('',*,*,#907,.F.);
#1203=ORIENTED_EDGE('',*,*,#927,.T.);
#1204=ORIENTED_EDGE('',*,*,#900,.F.);
#1205=ORIENTED_EDGE('',*,*,#927,.F.);
#1206=ORIENTED_EDGE('',*,*,#906,.F.);
#1207=ORIENTED_EDGE('',*,*,#928,.F.);
#1208=ORIENTED_EDGE('',*,*,#929,.F.);
#1209=ORIENTED_EDGE('',*,*,#930,.F.);
#1210=ORIENTED_EDGE('',*,*,#931,.F.);
#1211=ORIENTED_EDGE('',*,*,#925,.F.);
#1212=ORIENTED_EDGE('',*,*,#932,.F.);
#1213=ORIENTED_EDGE('',*,*,#933,.F.);
#1214=ORIENTED_EDGE('',*,*,#934,.F.);
#1215=ORIENTED_EDGE('',*,*,#935,.F.);
#1216=ORIENTED_EDGE('',*,*,#878,.F.);
#1217=ORIENTED_EDGE('',*,*,#882,.F.);
#1218=ORIENTED_EDGE('',*,*,#885,.F.);
#1219=ORIENTED_EDGE('',*,*,#888,.F.);
#1220=ORIENTED_EDGE('',*,*,#936,.F.);
#1221=ORIENTED_EDGE('',*,*,#937,.F.);
#1222=ORIENTED_EDGE('',*,*,#938,.F.);
#1223=ORIENTED_EDGE('',*,*,#939,.F.);
#1224=ORIENTED_EDGE('',*,*,#909,.F.);
#1225=ORIENTED_EDGE('',*,*,#912,.F.);
#1226=ORIENTED_EDGE('',*,*,#915,.F.);
#1227=ORIENTED_EDGE('',*,*,#918,.F.);
#1228=ORIENTED_EDGE('',*,*,#921,.F.);
#1229=ORIENTED_EDGE('',*,*,#924,.F.);
#1230=ORIENTED_EDGE('',*,*,#894,.T.);
#1231=ORIENTED_EDGE('',*,*,#940,.T.);
#1232=ORIENTED_EDGE('',*,*,#938,.T.);
#1233=ORIENTED_EDGE('',*,*,#941,.F.);
#1234=ORIENTED_EDGE('',*,*,#893,.T.);
#1235=ORIENTED_EDGE('',*,*,#942,.T.);
#1236=ORIENTED_EDGE('',*,*,#939,.T.);
#1237=ORIENTED_EDGE('',*,*,#940,.F.);
#1238=ORIENTED_EDGE('',*,*,#892,.T.);
#1239=ORIENTED_EDGE('',*,*,#943,.T.);
#1240=ORIENTED_EDGE('',*,*,#932,.T.);
#1241=ORIENTED_EDGE('',*,*,#942,.F.);
#1242=ORIENTED_EDGE('',*,*,#891,.T.);
#1243=ORIENTED_EDGE('',*,*,#944,.T.);
#1244=ORIENTED_EDGE('',*,*,#933,.T.);
#1245=ORIENTED_EDGE('',*,*,#943,.F.);
#1246=ORIENTED_EDGE('',*,*,#923,.F.);
#1247=ORIENTED_EDGE('',*,*,#945,.T.);
#1248=ORIENTED_EDGE('',*,*,#928,.T.);
#1249=ORIENTED_EDGE('',*,*,#908,.F.);
#1250=ORIENTED_EDGE('',*,*,#895,.T.);
#1251=ORIENTED_EDGE('',*,*,#941,.T.);
#1252=ORIENTED_EDGE('',*,*,#937,.T.);
#1253=ORIENTED_EDGE('',*,*,#946,.F.);
#1254=ORIENTED_EDGE('',*,*,#896,.T.);
#1255=ORIENTED_EDGE('',*,*,#946,.T.);
#1256=ORIENTED_EDGE('',*,*,#936,.T.);
#1257=ORIENTED_EDGE('',*,*,#887,.F.);
#1258=ORIENTED_EDGE('',*,*,#879,.T.);
#1259=ORIENTED_EDGE('',*,*,#935,.T.);
#1260=ORIENTED_EDGE('',*,*,#947,.F.);
#1261=ORIENTED_EDGE('',*,*,#889,.T.);
#1262=ORIENTED_EDGE('',*,*,#890,.T.);
#1263=ORIENTED_EDGE('',*,*,#947,.T.);
#1264=ORIENTED_EDGE('',*,*,#934,.T.);
#1265=ORIENTED_EDGE('',*,*,#944,.F.);
#1266=ORIENTED_EDGE('',*,*,#922,.F.);
#1267=ORIENTED_EDGE('',*,*,#948,.F.);
#1268=ORIENTED_EDGE('',*,*,#929,.T.);
#1269=ORIENTED_EDGE('',*,*,#945,.F.);
#1270=ORIENTED_EDGE('',*,*,#919,.F.);
#1271=ORIENTED_EDGE('',*,*,#949,.T.);
#1272=ORIENTED_EDGE('',*,*,#930,.T.);
#1273=ORIENTED_EDGE('',*,*,#948,.T.);
#1274=ORIENTED_EDGE('',*,*,#916,.F.);
#1275=ORIENTED_EDGE('',*,*,#926,.T.);
#1276=ORIENTED_EDGE('',*,*,#931,.T.);
#1277=ORIENTED_EDGE('',*,*,#949,.F.);
#1278=ORIENTED_EDGE('',*,*,#950,.F.);
#1279=ORIENTED_EDGE('',*,*,#951,.T.);
#1280=ORIENTED_EDGE('',*,*,#952,.T.);
#1281=ORIENTED_EDGE('',*,*,#953,.F.);
#1282=ORIENTED_EDGE('',*,*,#954,.F.);
#1283=ORIENTED_EDGE('',*,*,#955,.T.);
#1284=ORIENTED_EDGE('',*,*,#956,.T.);
#1285=ORIENTED_EDGE('',*,*,#951,.F.);
#1286=ORIENTED_EDGE('',*,*,#957,.F.);
#1287=ORIENTED_EDGE('',*,*,#958,.T.);
#1288=ORIENTED_EDGE('',*,*,#959,.T.);
#1289=ORIENTED_EDGE('',*,*,#955,.F.);
#1290=ORIENTED_EDGE('',*,*,#960,.F.);
#1291=ORIENTED_EDGE('',*,*,#952,.F.);
#1292=ORIENTED_EDGE('',*,*,#956,.F.);
#1293=ORIENTED_EDGE('',*,*,#959,.F.);
#1294=ORIENTED_EDGE('',*,*,#957,.T.);
#1295=ORIENTED_EDGE('',*,*,#954,.T.);
#1296=ORIENTED_EDGE('',*,*,#950,.T.);
#1297=ORIENTED_EDGE('',*,*,#961,.T.);
#1298=ORIENTED_EDGE('',*,*,#962,.T.);
#1299=ORIENTED_EDGE('',*,*,#963,.T.);
#1300=ORIENTED_EDGE('',*,*,#964,.T.);
#1301=ORIENTED_EDGE('',*,*,#965,.T.);
#1302=ORIENTED_EDGE('',*,*,#966,.T.);
#1303=ORIENTED_EDGE('',*,*,#967,.T.);
#1304=ORIENTED_EDGE('',*,*,#968,.T.);
#1305=ORIENTED_EDGE('',*,*,#969,.T.);
#1306=ORIENTED_EDGE('',*,*,#970,.T.);
#1307=ORIENTED_EDGE('',*,*,#971,.T.);
#1308=ORIENTED_EDGE('',*,*,#972,.T.);
#1309=ORIENTED_EDGE('',*,*,#973,.T.);
#1310=ORIENTED_EDGE('',*,*,#971,.F.);
#1311=ORIENTED_EDGE('',*,*,#974,.T.);
#1312=ORIENTED_EDGE('',*,*,#975,.T.);
#1313=ORIENTED_EDGE('',*,*,#976,.T.);
#1314=ORIENTED_EDGE('',*,*,#977,.F.);
#1315=ORIENTED_EDGE('',*,*,#978,.F.);
#1316=ORIENTED_EDGE('',*,*,#968,.F.);
#1317=ORIENTED_EDGE('',*,*,#979,.F.);
#1318=ORIENTED_EDGE('',*,*,#970,.F.);
#1319=ORIENTED_EDGE('',*,*,#980,.F.);
#1320=ORIENTED_EDGE('',*,*,#981,.F.);
#1321=ORIENTED_EDGE('',*,*,#982,.F.);
#1322=ORIENTED_EDGE('',*,*,#974,.F.);
#1323=ORIENTED_EDGE('',*,*,#983,.T.);
#1324=ORIENTED_EDGE('',*,*,#984,.T.);
#1325=ORIENTED_EDGE('',*,*,#985,.T.);
#1326=ORIENTED_EDGE('',*,*,#977,.T.);
#1327=ORIENTED_EDGE('',*,*,#984,.F.);
#1328=ORIENTED_EDGE('',*,*,#986,.T.);
#1329=ORIENTED_EDGE('',*,*,#987,.T.);
#1330=ORIENTED_EDGE('',*,*,#988,.F.);
#1331=ORIENTED_EDGE('',*,*,#983,.F.);
#1332=ORIENTED_EDGE('',*,*,#976,.F.);
#1333=ORIENTED_EDGE('',*,*,#989,.T.);
#1334=ORIENTED_EDGE('',*,*,#990,.F.);
#1335=ORIENTED_EDGE('',*,*,#986,.F.);
#1336=ORIENTED_EDGE('',*,*,#991,.T.);
#1337=ORIENTED_EDGE('',*,*,#992,.T.);
#1338=ORIENTED_EDGE('',*,*,#993,.T.);
#1339=ORIENTED_EDGE('',*,*,#994,.T.);
#1340=ORIENTED_EDGE('',*,*,#995,.T.);
#1341=ORIENTED_EDGE('',*,*,#996,.T.);
#1342=ORIENTED_EDGE('',*,*,#993,.F.);
#1343=ORIENTED_EDGE('',*,*,#997,.T.);
#1344=ORIENTED_EDGE('',*,*,#998,.T.);
#1345=ORIENTED_EDGE('',*,*,#999,.T.);
#1346=ORIENTED_EDGE('',*,*,#995,.F.);
#1347=ORIENTED_EDGE('',*,*,#1000,.T.);
#1348=ORIENTED_EDGE('',*,*,#1001,.T.);
#1349=ORIENTED_EDGE('',*,*,#1002,.T.);
#1350=ORIENTED_EDGE('',*,*,#998,.F.);
#1351=ORIENTED_EDGE('',*,*,#1003,.T.);
#1352=ORIENTED_EDGE('',*,*,#1004,.T.);
#1353=ORIENTED_EDGE('',*,*,#1005,.T.);
#1354=ORIENTED_EDGE('',*,*,#1001,.F.);
#1355=ORIENTED_EDGE('',*,*,#1006,.T.);
#1356=ORIENTED_EDGE('',*,*,#1007,.F.);
#1357=ORIENTED_EDGE('',*,*,#1008,.F.);
#1358=ORIENTED_EDGE('',*,*,#1009,.F.);
#1359=ORIENTED_EDGE('',*,*,#1010,.F.);
#1360=ORIENTED_EDGE('',*,*,#1006,.F.);
#1361=ORIENTED_EDGE('',*,*,#1003,.F.);
#1362=ORIENTED_EDGE('',*,*,#1000,.F.);
#1363=ORIENTED_EDGE('',*,*,#997,.F.);
#1364=ORIENTED_EDGE('',*,*,#992,.F.);
#1365=ORIENTED_EDGE('',*,*,#1011,.F.);
#1366=ORIENTED_EDGE('',*,*,#1012,.F.);
#1367=ORIENTED_EDGE('',*,*,#1013,.F.);
#1368=ORIENTED_EDGE('',*,*,#1014,.F.);
#1369=ORIENTED_EDGE('',*,*,#1015,.F.);
#1370=ORIENTED_EDGE('',*,*,#1016,.F.);
#1371=ORIENTED_EDGE('',*,*,#1017,.F.);
#1372=ORIENTED_EDGE('',*,*,#1018,.T.);
#1373=ORIENTED_EDGE('',*,*,#1019,.T.);
#1374=ORIENTED_EDGE('',*,*,#1020,.T.);
#1375=ORIENTED_EDGE('',*,*,#994,.F.);
#1376=ORIENTED_EDGE('',*,*,#996,.F.);
#1377=ORIENTED_EDGE('',*,*,#999,.F.);
#1378=ORIENTED_EDGE('',*,*,#1002,.F.);
#1379=ORIENTED_EDGE('',*,*,#1005,.F.);
#1380=ORIENTED_EDGE('',*,*,#1009,.T.);
#1381=ORIENTED_EDGE('',*,*,#1021,.T.);
#1382=ORIENTED_EDGE('',*,*,#1022,.F.);
#1383=ORIENTED_EDGE('',*,*,#1023,.F.);
#1384=ORIENTED_EDGE('',*,*,#1008,.T.);
#1385=ORIENTED_EDGE('',*,*,#1024,.T.);
#1386=ORIENTED_EDGE('',*,*,#1025,.F.);
#1387=ORIENTED_EDGE('',*,*,#1026,.F.);
#1388=ORIENTED_EDGE('',*,*,#1021,.F.);
#1389=ORIENTED_EDGE('',*,*,#963,.F.);
#1390=ORIENTED_EDGE('',*,*,#1027,.T.);
#1391=ORIENTED_EDGE('',*,*,#1028,.F.);
#1392=ORIENTED_EDGE('',*,*,#1029,.F.);
#1393=ORIENTED_EDGE('',*,*,#1030,.F.);
#1394=ORIENTED_EDGE('',*,*,#1031,.F.);
#1395=ORIENTED_EDGE('',*,*,#1032,.T.);
#1396=ORIENTED_EDGE('',*,*,#1030,.T.);
#1397=ORIENTED_EDGE('',*,*,#1025,.T.);
#1398=ORIENTED_EDGE('',*,*,#1033,.T.);
#1399=ORIENTED_EDGE('',*,*,#962,.F.);
#1400=ORIENTED_EDGE('',*,*,#1034,.F.);
#1401=ORIENTED_EDGE('',*,*,#1035,.F.);
#1402=ORIENTED_EDGE('',*,*,#1027,.F.);
#1403=ORIENTED_EDGE('',*,*,#1035,.T.);
#1404=ORIENTED_EDGE('',*,*,#1036,.F.);
#1405=ORIENTED_EDGE('',*,*,#1037,.F.);
#1406=ORIENTED_EDGE('',*,*,#1028,.T.);
#1407=ORIENTED_EDGE('',*,*,#1037,.T.);
#1408=ORIENTED_EDGE('',*,*,#1038,.T.);
#1409=ORIENTED_EDGE('',*,*,#1039,.F.);
#1410=ORIENTED_EDGE('',*,*,#1040,.F.);
#1411=ORIENTED_EDGE('',*,*,#1041,.T.);
#1412=ORIENTED_EDGE('',*,*,#1042,.T.);
#1413=ORIENTED_EDGE('',*,*,#1043,.T.);
#1414=ORIENTED_EDGE('',*,*,#1022,.T.);
#1415=ORIENTED_EDGE('',*,*,#1026,.T.);
#1416=ORIENTED_EDGE('',*,*,#1029,.T.);
#1417=ORIENTED_EDGE('',*,*,#1031,.T.);
#1418=ORIENTED_EDGE('',*,*,#1044,.T.);
#1419=ORIENTED_EDGE('',*,*,#1045,.T.);
#1420=ORIENTED_EDGE('',*,*,#1046,.T.);
#1421=ORIENTED_EDGE('',*,*,#1047,.T.);
#1422=ORIENTED_EDGE('',*,*,#964,.F.);
#1423=ORIENTED_EDGE('',*,*,#966,.F.);
#1424=ORIENTED_EDGE('',*,*,#1048,.T.);
#1425=ORIENTED_EDGE('',*,*,#1049,.F.);
#1426=ORIENTED_EDGE('',*,*,#1050,.F.);
#1427=ORIENTED_EDGE('',*,*,#1051,.T.);
#1428=ORIENTED_EDGE('',*,*,#1041,.F.);
#1429=ORIENTED_EDGE('',*,*,#1052,.F.);
#1430=ORIENTED_EDGE('',*,*,#1049,.T.);
#1431=ORIENTED_EDGE('',*,*,#1050,.T.);
#1432=ORIENTED_EDGE('',*,*,#1052,.T.);
#1433=ORIENTED_EDGE('',*,*,#1040,.T.);
#1434=ORIENTED_EDGE('',*,*,#1053,.F.);
#1435=ORIENTED_EDGE('',*,*,#1054,.F.);
#1436=ORIENTED_EDGE('',*,*,#1055,.F.);
#1437=ORIENTED_EDGE('',*,*,#1056,.T.);
#1438=ORIENTED_EDGE('',*,*,#1057,.T.);
#1439=ORIENTED_EDGE('',*,*,#972,.F.);
#1440=ORIENTED_EDGE('',*,*,#979,.T.);
#1441=ORIENTED_EDGE('',*,*,#967,.F.);
#1442=ORIENTED_EDGE('',*,*,#975,.F.);
#1443=ORIENTED_EDGE('',*,*,#982,.T.);
#1444=ORIENTED_EDGE('',*,*,#1058,.F.);
#1445=ORIENTED_EDGE('',*,*,#989,.F.);
#1446=ORIENTED_EDGE('',*,*,#981,.T.);
#1447=ORIENTED_EDGE('',*,*,#1059,.F.);
#1448=ORIENTED_EDGE('',*,*,#1056,.F.);
#1449=ORIENTED_EDGE('',*,*,#1060,.F.);
#1450=ORIENTED_EDGE('',*,*,#1061,.F.);
#1451=ORIENTED_EDGE('',*,*,#987,.F.);
#1452=ORIENTED_EDGE('',*,*,#990,.T.);
#1453=ORIENTED_EDGE('',*,*,#1058,.T.);
#1454=ORIENTED_EDGE('',*,*,#973,.F.);
#1455=ORIENTED_EDGE('',*,*,#1057,.F.);
#1456=ORIENTED_EDGE('',*,*,#1059,.T.);
#1457=ORIENTED_EDGE('',*,*,#980,.T.);
#1458=ORIENTED_EDGE('',*,*,#1062,.T.);
#1459=ORIENTED_EDGE('',*,*,#1063,.T.);
#1460=ORIENTED_EDGE('',*,*,#1064,.T.);
#1461=ORIENTED_EDGE('',*,*,#1063,.F.);
#1462=ORIENTED_EDGE('',*,*,#1065,.F.);
#1463=ORIENTED_EDGE('',*,*,#1066,.F.);
#1464=ORIENTED_EDGE('',*,*,#1067,.T.);
#1465=ORIENTED_EDGE('',*,*,#1064,.F.);
#1466=ORIENTED_EDGE('',*,*,#1067,.F.);
#1467=ORIENTED_EDGE('',*,*,#1062,.F.);
#1468=ORIENTED_EDGE('',*,*,#1068,.T.);
#1469=ORIENTED_EDGE('',*,*,#1069,.T.);
#1470=ORIENTED_EDGE('',*,*,#1070,.F.);
#1471=ORIENTED_EDGE('',*,*,#1071,.F.);
#1472=ORIENTED_EDGE('',*,*,#1072,.F.);
#1473=ORIENTED_EDGE('',*,*,#1073,.T.);
#1474=ORIENTED_EDGE('',*,*,#1014,.T.);
#1475=ORIENTED_EDGE('',*,*,#1071,.T.);
#1476=ORIENTED_EDGE('',*,*,#1074,.T.);
#1477=ORIENTED_EDGE('',*,*,#1075,.F.);
#1478=ORIENTED_EDGE('',*,*,#1076,.F.);
#1479=ORIENTED_EDGE('',*,*,#1077,.F.);
#1480=ORIENTED_EDGE('',*,*,#1078,.T.);
#1481=ORIENTED_EDGE('',*,*,#1079,.T.);
#1482=ORIENTED_EDGE('',*,*,#1076,.T.);
#1483=ORIENTED_EDGE('',*,*,#1016,.T.);
#1484=ORIENTED_EDGE('',*,*,#1080,.T.);
#1485=ORIENTED_EDGE('',*,*,#1081,.T.);
#1486=ORIENTED_EDGE('',*,*,#1077,.T.);
#1487=ORIENTED_EDGE('',*,*,#1082,.T.);
#1488=ORIENTED_EDGE('',*,*,#1083,.T.);
#1489=ORIENTED_EDGE('',*,*,#1084,.T.);
#1490=ORIENTED_EDGE('',*,*,#1080,.F.);
#1491=ORIENTED_EDGE('',*,*,#1085,.T.);
#1492=ORIENTED_EDGE('',*,*,#1086,.T.);
#1493=ORIENTED_EDGE('',*,*,#1087,.T.);
#1494=ORIENTED_EDGE('',*,*,#1083,.F.);
#1495=ORIENTED_EDGE('',*,*,#1088,.T.);
#1496=ORIENTED_EDGE('',*,*,#1089,.T.);
#1497=ORIENTED_EDGE('',*,*,#1090,.T.);
#1498=ORIENTED_EDGE('',*,*,#1086,.F.);
#1499=ORIENTED_EDGE('',*,*,#1091,.T.);
#1500=ORIENTED_EDGE('',*,*,#1089,.F.);
#1501=ORIENTED_EDGE('',*,*,#1092,.T.);
#1502=ORIENTED_EDGE('',*,*,#1070,.T.);
#1503=ORIENTED_EDGE('',*,*,#1093,.T.);
#1504=ORIENTED_EDGE('',*,*,#1075,.T.);
#1505=ORIENTED_EDGE('',*,*,#1094,.T.);
#1506=ORIENTED_EDGE('',*,*,#1072,.T.);
#1507=ORIENTED_EDGE('',*,*,#1017,.T.);
#1508=ORIENTED_EDGE('',*,*,#1091,.F.);
#1509=ORIENTED_EDGE('',*,*,#1095,.F.);
#1510=ORIENTED_EDGE('',*,*,#1096,.F.);
#1511=ORIENTED_EDGE('',*,*,#1097,.T.);
#1512=ORIENTED_EDGE('',*,*,#1065,.T.);
#1513=ORIENTED_EDGE('',*,*,#1066,.T.);
#1514=ORIENTED_EDGE('',*,*,#1088,.F.);
#1515=ORIENTED_EDGE('',*,*,#1098,.F.);
#1516=ORIENTED_EDGE('',*,*,#1099,.F.);
#1517=ORIENTED_EDGE('',*,*,#1095,.T.);
#1518=ORIENTED_EDGE('',*,*,#1085,.F.);
#1519=ORIENTED_EDGE('',*,*,#1100,.F.);
#1520=ORIENTED_EDGE('',*,*,#1101,.F.);
#1521=ORIENTED_EDGE('',*,*,#1098,.T.);
#1522=ORIENTED_EDGE('',*,*,#1082,.F.);
#1523=ORIENTED_EDGE('',*,*,#1079,.F.);
#1524=ORIENTED_EDGE('',*,*,#1102,.F.);
#1525=ORIENTED_EDGE('',*,*,#1100,.T.);
#1526=ORIENTED_EDGE('',*,*,#1081,.F.);
#1527=ORIENTED_EDGE('',*,*,#1084,.F.);
#1528=ORIENTED_EDGE('',*,*,#1087,.F.);
#1529=ORIENTED_EDGE('',*,*,#1090,.F.);
#1530=ORIENTED_EDGE('',*,*,#1093,.F.);
#1531=ORIENTED_EDGE('',*,*,#1094,.F.);
#1532=ORIENTED_EDGE('',*,*,#1073,.F.);
#1533=ORIENTED_EDGE('',*,*,#1103,.T.);
#1534=ORIENTED_EDGE('',*,*,#1096,.T.);
#1535=ORIENTED_EDGE('',*,*,#1099,.T.);
#1536=ORIENTED_EDGE('',*,*,#1101,.T.);
#1537=ORIENTED_EDGE('',*,*,#1102,.T.);
#1538=ORIENTED_EDGE('',*,*,#1078,.F.);
#1539=ORIENTED_EDGE('',*,*,#1015,.T.);
#1540=ORIENTED_EDGE('',*,*,#1104,.T.);
#1541=ORIENTED_EDGE('',*,*,#1053,.T.);
#1542=ORIENTED_EDGE('',*,*,#1039,.T.);
#1543=ORIENTED_EDGE('',*,*,#1105,.T.);
#1544=ORIENTED_EDGE('',*,*,#1106,.T.);
#1545=ORIENTED_EDGE('',*,*,#1107,.T.);
#1546=ORIENTED_EDGE('',*,*,#1108,.T.);
#1547=ORIENTED_EDGE('',*,*,#1109,.F.);
#1548=ORIENTED_EDGE('',*,*,#1110,.F.);
#1549=ORIENTED_EDGE('',*,*,#1111,.F.);
#1550=ORIENTED_EDGE('',*,*,#1109,.T.);
#1551=ORIENTED_EDGE('',*,*,#1112,.T.);
#1552=ORIENTED_EDGE('',*,*,#1113,.F.);
#1553=ORIENTED_EDGE('',*,*,#1054,.T.);
#1554=ORIENTED_EDGE('',*,*,#1104,.F.);
#1555=ORIENTED_EDGE('',*,*,#1114,.T.);
#1556=ORIENTED_EDGE('',*,*,#1115,.F.);
#1557=ORIENTED_EDGE('',*,*,#1060,.T.);
#1558=ORIENTED_EDGE('',*,*,#1055,.T.);
#1559=ORIENTED_EDGE('',*,*,#1113,.T.);
#1560=ORIENTED_EDGE('',*,*,#1116,.T.);
#1561=ORIENTED_EDGE('',*,*,#1069,.F.);
#1562=ORIENTED_EDGE('',*,*,#1117,.T.);
#1563=ORIENTED_EDGE('',*,*,#1118,.F.);
#1564=ORIENTED_EDGE('',*,*,#1119,.F.);
#1565=ORIENTED_EDGE('',*,*,#1068,.F.);
#1566=ORIENTED_EDGE('',*,*,#1119,.T.);
#1567=ORIENTED_EDGE('',*,*,#1120,.F.);
#1568=ORIENTED_EDGE('',*,*,#1117,.F.);
#1569=ORIENTED_EDGE('',*,*,#1121,.F.);
#1570=ORIENTED_EDGE('',*,*,#1120,.T.);
#1571=ORIENTED_EDGE('',*,*,#1118,.T.);
#1572=ORIENTED_EDGE('',*,*,#1115,.T.);
#1573=ORIENTED_EDGE('',*,*,#1122,.T.);
#1574=ORIENTED_EDGE('',*,*,#1121,.T.);
#1575=ORIENTED_EDGE('',*,*,#1122,.F.);
#1576=ORIENTED_EDGE('',*,*,#1046,.F.);
#1577=ORIENTED_EDGE('',*,*,#1123,.F.);
#1578=ORIENTED_EDGE('',*,*,#1011,.T.);
#1579=ORIENTED_EDGE('',*,*,#991,.F.);
#1580=ORIENTED_EDGE('',*,*,#1020,.F.);
#1581=ORIENTED_EDGE('',*,*,#1124,.T.);
#1582=ORIENTED_EDGE('',*,*,#1124,.F.);
#1583=ORIENTED_EDGE('',*,*,#1019,.F.);
#1584=ORIENTED_EDGE('',*,*,#1125,.T.);
#1585=ORIENTED_EDGE('',*,*,#1042,.F.);
#1586=ORIENTED_EDGE('',*,*,#1051,.F.);
#1587=ORIENTED_EDGE('',*,*,#1048,.F.);
#1588=ORIENTED_EDGE('',*,*,#965,.F.);
#1589=ORIENTED_EDGE('',*,*,#1047,.F.);
#1590=ORIENTED_EDGE('',*,*,#1043,.F.);
#1591=ORIENTED_EDGE('',*,*,#1125,.F.);
#1592=ORIENTED_EDGE('',*,*,#1018,.F.);
#1593=ORIENTED_EDGE('',*,*,#1004,.F.);
#1594=ORIENTED_EDGE('',*,*,#1010,.T.);
#1595=ORIENTED_EDGE('',*,*,#1023,.T.);
#1596=ORIENTED_EDGE('',*,*,#1007,.T.);
#1597=ORIENTED_EDGE('',*,*,#1126,.T.);
#1598=ORIENTED_EDGE('',*,*,#1033,.F.);
#1599=ORIENTED_EDGE('',*,*,#1024,.F.);
#1600=ORIENTED_EDGE('',*,*,#1013,.T.);
#1601=ORIENTED_EDGE('',*,*,#1127,.T.);
#1602=ORIENTED_EDGE('',*,*,#1044,.F.);
#1603=ORIENTED_EDGE('',*,*,#1032,.F.);
#1604=ORIENTED_EDGE('',*,*,#1126,.F.);
#1605=ORIENTED_EDGE('',*,*,#1012,.T.);
#1606=ORIENTED_EDGE('',*,*,#1123,.T.);
#1607=ORIENTED_EDGE('',*,*,#1045,.F.);
#1608=ORIENTED_EDGE('',*,*,#1127,.F.);
#1609=ORIENTED_EDGE('',*,*,#1092,.F.);
#1610=ORIENTED_EDGE('',*,*,#1097,.F.);
#1611=ORIENTED_EDGE('',*,*,#1103,.F.);
#1612=ORIENTED_EDGE('',*,*,#1074,.F.);
#1613=ORIENTED_EDGE('',*,*,#1034,.T.);
#1614=ORIENTED_EDGE('',*,*,#961,.F.);
#1615=ORIENTED_EDGE('',*,*,#953,.T.);
#1616=ORIENTED_EDGE('',*,*,#960,.T.);
#1617=ORIENTED_EDGE('',*,*,#958,.F.);
#1618=ORIENTED_EDGE('',*,*,#969,.F.);
#1619=ORIENTED_EDGE('',*,*,#978,.T.);
#1620=ORIENTED_EDGE('',*,*,#985,.F.);
#1621=ORIENTED_EDGE('',*,*,#988,.T.);
#1622=ORIENTED_EDGE('',*,*,#1061,.T.);
#1623=ORIENTED_EDGE('',*,*,#1116,.F.);
#1624=ORIENTED_EDGE('',*,*,#1112,.F.);
#1625=ORIENTED_EDGE('',*,*,#1108,.F.);
#1626=ORIENTED_EDGE('',*,*,#1128,.T.);
#1627=ORIENTED_EDGE('',*,*,#1105,.F.);
#1628=ORIENTED_EDGE('',*,*,#1038,.F.);
#1629=ORIENTED_EDGE('',*,*,#1036,.T.);
#1630=ORIENTED_EDGE('',*,*,#1111,.T.);
#1631=ORIENTED_EDGE('',*,*,#1129,.T.);
#1632=ORIENTED_EDGE('',*,*,#1106,.F.);
#1633=ORIENTED_EDGE('',*,*,#1128,.F.);
#1634=ORIENTED_EDGE('',*,*,#1110,.T.);
#1635=ORIENTED_EDGE('',*,*,#1114,.F.);
#1636=ORIENTED_EDGE('',*,*,#1107,.F.);
#1637=ORIENTED_EDGE('',*,*,#1129,.F.);
#1638=PLANE('',#1825);
#1639=PLANE('',#1826);
#1640=PLANE('',#1827);
#1641=PLANE('',#1828);
#1642=PLANE('',#1829);
#1643=PLANE('',#1833);
#1644=PLANE('',#1834);
#1645=PLANE('',#1835);
#1646=PLANE('',#1836);
#1647=PLANE('',#1837);
#1648=PLANE('',#1838);
#1649=PLANE('',#1848);
#1650=PLANE('',#1849);
#1651=PLANE('',#1850);
#1652=PLANE('',#1851);
#1653=PLANE('',#1858);
#1654=PLANE('',#1859);
#1655=PLANE('',#1860);
#1656=PLANE('',#1863);
#1657=PLANE('',#1864);
#1658=PLANE('',#1865);
#1659=PLANE('',#1866);
#1660=PLANE('',#1871);
#1661=PLANE('',#1872);
#1662=PLANE('',#1873);
#1663=PLANE('',#1874);
#1664=PLANE('',#1875);
#1665=PLANE('',#1876);
#1666=PLANE('',#1877);
#1667=PLANE('',#1878);
#1668=PLANE('',#1879);
#1669=PLANE('',#1880);
#1670=PLANE('',#1881);
#1671=PLANE('',#1882);
#1672=PLANE('',#1886);
#1673=PLANE('',#1890);
#1674=PLANE('',#1891);
#1675=PLANE('',#1894);
#1676=PLANE('',#1895);
#1677=PLANE('',#1899);
#1678=PLANE('',#1900);
#1679=PLANE('',#1902);
#1680=PLANE('',#1903);
#1681=PLANE('',#1904);
#1682=PLANE('',#1905);
#1683=PLANE('',#1907);
#1684=PLANE('',#1908);
#1685=PLANE('',#1909);
#1686=PLANE('',#1910);
#1687=PLANE('',#1911);
#1688=PLANE('',#1912);
#1689=PLANE('',#1917);
#1690=PLANE('',#1919);
#1691=PLANE('',#1920);
#1692=PLANE('',#1921);
#1693=PLANE('',#1922);
#1694=PLANE('',#1923);
#1695=PLANE('',#1933);
#1696=PLANE('',#1934);
#1697=PLANE('',#1941);
#1698=PLANE('',#1942);
#1699=PLANE('',#1943);
#1700=PLANE('',#1947);
#1701=PLANE('',#1953);
#1702=PLANE('',#1954);
#1703=PLANE('',#1957);
#1704=PLANE('',#1960);
#1705=PLANE('',#1961);
#1706=PLANE('',#1962);
#1707=PLANE('',#1963);
#1708=PLANE('',#1965);
#1709=PLANE('',#1966);
#1710=PLANE('',#1967);
#1711=ADVANCED_FACE('',(#99),#1638,.F.);
#1712=ADVANCED_FACE('',(#100),#1639,.F.);
#1713=ADVANCED_FACE('',(#101),#1640,.F.);
#1714=ADVANCED_FACE('',(#102),#1641,.T.);
#1715=ADVANCED_FACE('',(#103),#1642,.T.);
#1716=ADVANCED_FACE('',(#104),#1643,.T.);
#1717=ADVANCED_FACE('',(#105),#1644,.T.);
#1718=ADVANCED_FACE('',(#106),#1645,.T.);
#1719=ADVANCED_FACE('',(#107),#1646,.T.);
#1720=ADVANCED_FACE('',(#108),#1647,.T.);
#1721=ADVANCED_FACE('',(#109),#1648,.T.);
#1722=ADVANCED_FACE('',(#110),#44,.T.);
#1723=ADVANCED_FACE('',(#111),#45,.T.);
#1724=ADVANCED_FACE('',(#112),#46,.F.);
#1725=ADVANCED_FACE('',(#113),#1649,.T.);
#1726=ADVANCED_FACE('',(#114),#1650,.T.);
#1727=ADVANCED_FACE('',(#115),#1651,.T.);
#1728=ADVANCED_FACE('',(#116,#37),#1652,.T.);
#1729=ADVANCED_FACE('',(#117),#1653,.F.);
#1730=ADVANCED_FACE('',(#118),#1654,.T.);
#1731=ADVANCED_FACE('',(#119),#1655,.T.);
#1732=ADVANCED_FACE('',(#120),#20,.T.);
#1733=ADVANCED_FACE('',(#121),#21,.T.);
#1734=ADVANCED_FACE('',(#122),#1656,.T.);
#1735=ADVANCED_FACE('',(#123),#1657,.T.);
#1736=ADVANCED_FACE('',(#124),#1658,.T.);
#1737=ADVANCED_FACE('',(#125),#1659,.T.);
#1738=ADVANCED_FACE('',(#126),#22,.F.);
#1739=ADVANCED_FACE('',(#127),#23,.F.);
#1740=ADVANCED_FACE('',(#128),#24,.T.);
#1741=ADVANCED_FACE('',(#129),#25,.T.);
#1742=ADVANCED_FACE('',(#130),#1660,.F.);
#1743=ADVANCED_FACE('',(#131),#1661,.F.);
#1744=ADVANCED_FACE('',(#132),#1662,.F.);
#1745=ADVANCED_FACE('',(#133),#1663,.F.);
#1746=ADVANCED_FACE('',(#134),#1664,.F.);
#1747=ADVANCED_FACE('',(#135),#1665,.T.);
#1748=ADVANCED_FACE('',(#136),#1666,.T.);
#1749=ADVANCED_FACE('',(#137),#1667,.F.);
#1750=ADVANCED_FACE('',(#138),#1668,.T.);
#1751=ADVANCED_FACE('',(#139),#1669,.T.);
#1752=ADVANCED_FACE('',(#140),#1670,.F.);
#1753=ADVANCED_FACE('',(#141),#1671,.T.);
#1754=ADVANCED_FACE('',(#142),#47,.F.);
#1755=ADVANCED_FACE('',(#143),#1672,.T.);
#1756=ADVANCED_FACE('',(#144),#48,.F.);
#1757=ADVANCED_FACE('',(#145),#1673,.T.);
#1758=ADVANCED_FACE('',(#146),#1674,.T.);
#1759=ADVANCED_FACE('',(#147,#38),#1675,.T.);
#1760=ADVANCED_FACE('',(#148),#1676,.F.);
#1761=ADVANCED_FACE('',(#149),#26,.F.);
#1762=ADVANCED_FACE('',(#150),#1677,.T.);
#1763=ADVANCED_FACE('',(#151),#1678,.T.);
#1764=ADVANCED_FACE('',(#152),#1679,.T.);
#1765=ADVANCED_FACE('',(#153),#1680,.T.);
#1766=ADVANCED_FACE('',(#154),#1681,.T.);
#1767=ADVANCED_FACE('',(#155),#1682,.T.);
#1768=ADVANCED_FACE('',(#156),#1683,.T.);
#1769=ADVANCED_FACE('',(#157),#1684,.T.);
#1770=ADVANCED_FACE('',(#158),#1685,.T.);
#1771=ADVANCED_FACE('',(#159),#1686,.F.);
#1772=ADVANCED_FACE('',(#160),#1687,.T.);
#1773=ADVANCED_FACE('',(#161),#1688,.T.);
#1774=ADVANCED_FACE('',(#162),#49,.T.);
#1775=ADVANCED_FACE('',(#163),#27,.T.);
#1776=ADVANCED_FACE('',(#164,#39),#1689,.T.);
#1777=ADVANCED_FACE('',(#165),#1690,.T.);
#1778=ADVANCED_FACE('',(#166),#1691,.T.);
#1779=ADVANCED_FACE('',(#167),#1692,.T.);
#1780=ADVANCED_FACE('',(#168),#1693,.T.);
#1781=ADVANCED_FACE('',(#169),#1694,.T.);
#1782=ADVANCED_FACE('',(#170),#50,.F.);
#1783=ADVANCED_FACE('',(#171),#51,.T.);
#1784=ADVANCED_FACE('',(#172),#52,.T.);
#1785=ADVANCED_FACE('',(#173),#1695,.T.);
#1786=ADVANCED_FACE('',(#174),#1696,.T.);
#1787=ADVANCED_FACE('',(#175,#40),#28,.T.);
#1788=ADVANCED_FACE('',(#176),#29,.T.);
#1789=ADVANCED_FACE('',(#177),#30,.F.);
#1790=ADVANCED_FACE('',(#178),#1697,.T.);
#1791=ADVANCED_FACE('',(#179),#1698,.T.);
#1792=ADVANCED_FACE('',(#180,#41),#1699,.F.);
#1793=ADVANCED_FACE('',(#181),#1700,.T.);
#1794=ADVANCED_FACE('',(#182,#42),#31,.F.);
#1795=ADVANCED_FACE('',(#183),#1701,.F.);
#1796=ADVANCED_FACE('',(#184),#1702,.T.);
#1797=ADVANCED_FACE('',(#185),#32,.F.);
#1798=ADVANCED_FACE('',(#186,#43),#1703,.F.);
#1799=ADVANCED_FACE('',(#187),#33,.F.);
#1800=ADVANCED_FACE('',(#188),#1704,.F.);
#1801=ADVANCED_FACE('',(#189),#1705,.F.);
#1802=ADVANCED_FACE('',(#190),#1706,.F.);
#1803=ADVANCED_FACE('',(#191),#1707,.F.);
#1804=ADVANCED_FACE('',(#192),#34,.F.);
#1805=ADVANCED_FACE('',(#193),#1708,.F.);
#1806=ADVANCED_FACE('',(#194),#1709,.T.);
#1807=ADVANCED_FACE('',(#195),#1710,.T.);
#1808=ADVANCED_FACE('',(#196),#35,.T.);
#1809=ADVANCED_FACE('',(#197),#36,.F.);
#1810=CLOSED_SHELL('',(#1711,#1712,#1713,#1714,#1715,#1716,#1717,#1718,
#1719,#1720,#1721,#1722,#1723,#1724,#1725,#1726,#1727,#1728,#1729,#1730,
#1731,#1732,#1733,#1734,#1735,#1736,#1737,#1738,#1739,#1740,#1741));
#1811=CLOSED_SHELL('',(#1742,#1743,#1744,#1745,#1746,#1747,#1748,#1749,
#1750,#1751,#1752,#1753,#1754,#1755,#1756,#1757,#1758,#1759,#1760,#1761,
#1762,#1763,#1764,#1765,#1766,#1767,#1768,#1769,#1770,#1771,#1772,#1773,
#1774,#1775,#1776,#1777,#1778,#1779,#1780,#1781,#1782,#1783,#1784,#1785,
#1786,#1787,#1788,#1789,#1790,#1791,#1792,#1793,#1794,#1795,#1796,#1797,
#1798,#1799,#1800,#1801,#1802,#1803,#1804,#1805,#1806,#1807,#1808,#1809));
#1812=DERIVED_UNIT_ELEMENT(#1814,1.);
#1813=DERIVED_UNIT_ELEMENT(#3063,-3.);
#1814=(
MASS_UNIT()
NAMED_UNIT(*)
SI_UNIT(.KILO.,.GRAM.)
);
#1815=DERIVED_UNIT((#1812,#1813));
#1816=MEASURE_REPRESENTATION_ITEM('density measure',
POSITIVE_RATIO_MEASURE(7850.),#1815);
#1817=PROPERTY_DEFINITION_REPRESENTATION(#1822,#1819);
#1818=PROPERTY_DEFINITION_REPRESENTATION(#1823,#1820);
#1819=REPRESENTATION('material name',(#1821),#3060);
#1820=REPRESENTATION('density',(#1816),#3060);
#1821=DESCRIPTIVE_REPRESENTATION_ITEM('Steel','Steel');
#1822=PROPERTY_DEFINITION('material property','material name',#3070);
#1823=PROPERTY_DEFINITION('material property','density of part',#3070);
#1824=AXIS2_PLACEMENT_3D('',#2467,#1970,#1971);
#1825=AXIS2_PLACEMENT_3D('',#2468,#1972,#1973);
#1826=AXIS2_PLACEMENT_3D('',#2477,#1978,#1979);
#1827=AXIS2_PLACEMENT_3D('',#2483,#1983,#1984);
#1828=AXIS2_PLACEMENT_3D('',#2489,#1988,#1989);
#1829=AXIS2_PLACEMENT_3D('',#2495,#1993,#1994);
#1830=AXIS2_PLACEMENT_3D('',#2499,#1996,#1997);
#1831=AXIS2_PLACEMENT_3D('',#2501,#1998,#1999);
#1832=AXIS2_PLACEMENT_3D('',#2503,#2000,#2001);
#1833=AXIS2_PLACEMENT_3D('',#2511,#2006,#2007);
#1834=AXIS2_PLACEMENT_3D('',#2518,#2011,#2012);
#1835=AXIS2_PLACEMENT_3D('',#2524,#2016,#2017);
#1836=AXIS2_PLACEMENT_3D('',#2531,#2021,#2022);
#1837=AXIS2_PLACEMENT_3D('',#2537,#2026,#2027);
#1838=AXIS2_PLACEMENT_3D('',#2540,#2030,#2031);
#1839=AXIS2_PLACEMENT_3D('',#2546,#2035,#2036);
#1840=AXIS2_PLACEMENT_3D('',#2550,#2038,#2039);
#1841=AXIS2_PLACEMENT_3D('',#2551,#2040,#2041);
#1842=AXIS2_PLACEMENT_3D('',#2552,#2042,#2043);
#1843=AXIS2_PLACEMENT_3D('',#2556,#2045,#2046);
#1844=AXIS2_PLACEMENT_3D('',#2557,#2047,#2048);
#1845=AXIS2_PLACEMENT_3D('',#2558,#2049,#2050);
#1846=AXIS2_PLACEMENT_3D('',#2562,#2052,#2053);
#1847=AXIS2_PLACEMENT_3D('',#2563,#2054,#2055);
#1848=AXIS2_PLACEMENT_3D('',#2564,#2056,#2057);
#1849=AXIS2_PLACEMENT_3D('',#2567,#2060,#2061);
#1850=AXIS2_PLACEMENT_3D('',#2571,#2064,#2065);
#1851=AXIS2_PLACEMENT_3D('',#2573,#2067,#2068);
#1852=AXIS2_PLACEMENT_3D('',#2577,#2070,#2071);
#1853=AXIS2_PLACEMENT_3D('',#2579,#2072,#2073);
#1854=AXIS2_PLACEMENT_3D('',#2580,#2074,#2075);
#1855=AXIS2_PLACEMENT_3D('',#2583,#2076,#2077);
#1856=AXIS2_PLACEMENT_3D('',#2585,#2078,#2079);
#1857=AXIS2_PLACEMENT_3D('',#2587,#2080,#2081);
#1858=AXIS2_PLACEMENT_3D('',#2596,#2087,#2088);
#1859=AXIS2_PLACEMENT_3D('',#2597,#2089,#2090);
#1860=AXIS2_PLACEMENT_3D('',#2600,#2093,#2094);
#1861=AXIS2_PLACEMENT_3D('',#2602,#2096,#2097);
#1862=AXIS2_PLACEMENT_3D('',#2604,#2099,#2100);
#1863=AXIS2_PLACEMENT_3D('',#2606,#2102,#2103);
#1864=AXIS2_PLACEMENT_3D('',#2608,#2105,#2106);
#1865=AXIS2_PLACEMENT_3D('',#2610,#2108,#2109);
#1866=AXIS2_PLACEMENT_3D('',#2611,#2110,#2111);
#1867=AXIS2_PLACEMENT_3D('',#2613,#2113,#2114);
#1868=AXIS2_PLACEMENT_3D('',#2614,#2115,#2116);
#1869=AXIS2_PLACEMENT_3D('',#2616,#2118,#2119);
#1870=AXIS2_PLACEMENT_3D('',#2618,#2121,#2122);
#1871=AXIS2_PLACEMENT_3D('',#2619,#2123,#2124);
#1872=AXIS2_PLACEMENT_3D('',#2628,#2129,#2130);
#1873=AXIS2_PLACEMENT_3D('',#2634,#2134,#2135);
#1874=AXIS2_PLACEMENT_3D('',#2640,#2139,#2140);
#1875=AXIS2_PLACEMENT_3D('',#2642,#2142,#2143);
#1876=AXIS2_PLACEMENT_3D('',#2660,#2153,#2154);
#1877=AXIS2_PLACEMENT_3D('',#2669,#2159,#2160);
#1878=AXIS2_PLACEMENT_3D('',#2680,#2167,#2168);
#1879=AXIS2_PLACEMENT_3D('',#2686,#2172,#2173);
#1880=AXIS2_PLACEMENT_3D('',#2692,#2177,#2178);
#1881=AXIS2_PLACEMENT_3D('',#2698,#2182,#2183);
#1882=AXIS2_PLACEMENT_3D('',#2702,#2186,#2187);
#1883=AXIS2_PLACEMENT_3D('',#2711,#2192,#2193);
#1884=AXIS2_PLACEMENT_3D('',#2715,#2195,#2196);
#1885=AXIS2_PLACEMENT_3D('',#2716,#2197,#2198);
#1886=AXIS2_PLACEMENT_3D('',#2717,#2199,#2200);
#1887=AXIS2_PLACEMENT_3D('',#2723,#2204,#2205);
#1888=AXIS2_PLACEMENT_3D('',#2727,#2207,#2208);
#1889=AXIS2_PLACEMENT_3D('',#2728,#2209,#2210);
#1890=AXIS2_PLACEMENT_3D('',#2729,#2211,#2212);
#1891=AXIS2_PLACEMENT_3D('',#2735,#2216,#2217);
#1892=AXIS2_PLACEMENT_3D('',#2740,#2219,#2220);
#1893=AXIS2_PLACEMENT_3D('',#2748,#2225,#2226);
#1894=AXIS2_PLACEMENT_3D('',#2749,#2227,#2228);
#1895=AXIS2_PLACEMENT_3D('',#2763,#2236,#2237);
#1896=AXIS2_PLACEMENT_3D('',#2769,#2241,#2242);
#1897=AXIS2_PLACEMENT_3D('',#2773,#2244,#2245);
#1898=AXIS2_PLACEMENT_3D('',#2774,#2246,#2247);
#1899=AXIS2_PLACEMENT_3D('',#2775,#2248,#2249);
#1900=AXIS2_PLACEMENT_3D('',#2784,#2255,#2256);
#1901=AXIS2_PLACEMENT_3D('',#2786,#2257,#2258);
#1902=AXIS2_PLACEMENT_3D('',#2788,#2260,#2261);
#1903=AXIS2_PLACEMENT_3D('',#2792,#2264,#2265);
#1904=AXIS2_PLACEMENT_3D('',#2796,#2268,#2269);
#1905=AXIS2_PLACEMENT_3D('',#2808,#2276,#2277);
#1906=AXIS2_PLACEMENT_3D('',#2810,#2278,#2279);
#1907=AXIS2_PLACEMENT_3D('',#2816,#2283,#2284);
#1908=AXIS2_PLACEMENT_3D('',#2822,#2288,#2289);
#1909=AXIS2_PLACEMENT_3D('',#2825,#2292,#2293);
#1910=AXIS2_PLACEMENT_3D('',#2835,#2299,#2300);
#1911=AXIS2_PLACEMENT_3D('',#2837,#2302,#2303);
#1912=AXIS2_PLACEMENT_3D('',#2842,#2307,#2308);
#1913=AXIS2_PLACEMENT_3D('',#2843,#2309,#2310);
#1914=AXIS2_PLACEMENT_3D('',#2845,#2311,#2312);
#1915=AXIS2_PLACEMENT_3D('',#2848,#2314,#2315);
#1916=AXIS2_PLACEMENT_3D('',#2849,#2316,#2317);
#1917=AXIS2_PLACEMENT_3D('',#2893,#2319,#2320);
#1918=AXIS2_PLACEMENT_3D('',#2896,#2321,#2322);
#1919=AXIS2_PLACEMENT_3D('',#2898,#2324,#2325);
#1920=AXIS2_PLACEMENT_3D('',#2904,#2329,#2330);
#1921=AXIS2_PLACEMENT_3D('',#2908,#2333,#2334);
#1922=AXIS2_PLACEMENT_3D('',#2914,#2338,#2339);
#1923=AXIS2_PLACEMENT_3D('',#2918,#2342,#2343);
#1924=AXIS2_PLACEMENT_3D('',#2924,#2347,#2348);
#1925=AXIS2_PLACEMENT_3D('',#2928,#2350,#2351);
#1926=AXIS2_PLACEMENT_3D('',#2929,#2352,#2353);
#1927=AXIS2_PLACEMENT_3D('',#2930,#2354,#2355);
#1928=AXIS2_PLACEMENT_3D('',#2934,#2357,#2358);
#1929=AXIS2_PLACEMENT_3D('',#2935,#2359,#2360);
#1930=AXIS2_PLACEMENT_3D('',#2936,#2361,#2362);
#1931=AXIS2_PLACEMENT_3D('',#2940,#2364,#2365);
#1932=AXIS2_PLACEMENT_3D('',#2941,#2366,#2367);
#1933=AXIS2_PLACEMENT_3D('',#2942,#2368,#2369);
#1934=AXIS2_PLACEMENT_3D('',#2945,#2372,#2373);
#1935=AXIS2_PLACEMENT_3D('',#2947,#2375,#2376);
#1936=AXIS2_PLACEMENT_3D('',#2951,#2378,#2379);
#1937=AXIS2_PLACEMENT_3D('',#2953,#2381,#2382);
#1938=AXIS2_PLACEMENT_3D('',#2956,#2384,#2385);
#1939=AXIS2_PLACEMENT_3D('',#2957,#2386,#2387);
#1940=AXIS2_PLACEMENT_3D('',#2960,#2389,#2390);
#1941=AXIS2_PLACEMENT_3D('',#2961,#2391,#2392);
#1942=AXIS2_PLACEMENT_3D('',#2963,#2394,#2395);
#1943=AXIS2_PLACEMENT_3D('',#2964,#2396,#2397);
#1944=AXIS2_PLACEMENT_3D('',#2967,#2399,#2400);
#1945=AXIS2_PLACEMENT_3D('',#2971,#2402,#2403);
#1946=AXIS2_PLACEMENT_3D('',#2972,#2404,#2405);
#1947=AXIS2_PLACEMENT_3D('',#2973,#2406,#2407);
#1948=AXIS2_PLACEMENT_3D('',#2978,#2409,#2410);
#1949=AXIS2_PLACEMENT_3D('',#2980,#2411,#2412);
#1950=AXIS2_PLACEMENT_3D('',#2981,#2413,#2414);
#1951=AXIS2_PLACEMENT_3D('',#2982,#2415,#2416);
#1952=AXIS2_PLACEMENT_3D('',#2985,#2418,#2419);
#1953=AXIS2_PLACEMENT_3D('',#3026,#2421,#2422);
#1954=AXIS2_PLACEMENT_3D('',#3028,#2424,#2425);
#1955=AXIS2_PLACEMENT_3D('',#3034,#2429,#2430);
#1956=AXIS2_PLACEMENT_3D('',#3035,#2431,#2432);
#1957=AXIS2_PLACEMENT_3D('',#3036,#2433,#2434);
#1958=AXIS2_PLACEMENT_3D('',#3038,#2435,#2436);
#1959=AXIS2_PLACEMENT_3D('',#3039,#2437,#2438);
#1960=AXIS2_PLACEMENT_3D('',#3041,#2440,#2441);
#1961=AXIS2_PLACEMENT_3D('',#3044,#2444,#2445);
#1962=AXIS2_PLACEMENT_3D('',#3046,#2447,#2448);
#1963=AXIS2_PLACEMENT_3D('',#3047,#2449,#2450);
#1964=AXIS2_PLACEMENT_3D('',#3049,#2452,#2453);
#1965=AXIS2_PLACEMENT_3D('',#3051,#2455,#2456);
#1966=AXIS2_PLACEMENT_3D('',#3052,#2457,#2458);
#1967=AXIS2_PLACEMENT_3D('',#3053,#2459,#2460);
#1968=AXIS2_PLACEMENT_3D('',#3055,#2462,#2463);
#1969=AXIS2_PLACEMENT_3D('',#3057,#2465,#2466);
#1970=DIRECTION('axis',(0.,0.,1.));
#1971=DIRECTION('refdir',(1.,0.,0.));
#1972=DIRECTION('center_axis',(-5.97299795132409E-12,1.,0.));
#1973=DIRECTION('ref_axis',(1.,5.97299795132409E-12,0.));
#1974=DIRECTION('',(1.,5.97299795132409E-12,-1.80818082186511E-17));
#1975=DIRECTION('',(0.,0.,-1.));
#1976=DIRECTION('',(1.,5.97299795132409E-12,0.));
#1977=DIRECTION('',(0.,0.,-1.));
#1978=DIRECTION('center_axis',(-1.,0.,0.));
#1979=DIRECTION('ref_axis',(0.,1.,-4.62592926927149E-17));
#1980=DIRECTION('',(0.,1.,-2.14368669733103E-24));
#1981=DIRECTION('',(0.,0.,-1.));
#1982=DIRECTION('',(0.,1.,-4.62592926927149E-17));
#1983=DIRECTION('center_axis',(0.,-1.,0.));
#1984=DIRECTION('ref_axis',(-1.,0.,0.));
#1985=DIRECTION('',(-1.,0.,1.80818082186511E-17));
#1986=DIRECTION('',(0.,0.,1.));
#1987=DIRECTION('',(-1.,0.,0.));
#1988=DIRECTION('center_axis',(1.,0.,0.));
#1989=DIRECTION('ref_axis',(0.,-1.,0.));
#1990=DIRECTION('',(0.,-1.,2.14368669733103E-24));
#1991=DIRECTION('',(0.,0.,-1.));
#1992=DIRECTION('',(0.,1.,0.));
#1993=DIRECTION('center_axis',(1.80818082186511E-17,2.14368669733103E-24,
1.));
#1994=DIRECTION('ref_axis',(-1.,0.,1.80818082186511E-17));
#1995=DIRECTION('',(0.,-1.,2.14368669733103E-24));
#1996=DIRECTION('center_axis',(1.80818082186511E-17,2.14368669733103E-24,
1.));
#1997=DIRECTION('ref_axis',(0.442936484045541,0.896552994028448,0.));
#1998=DIRECTION('center_axis',(-1.80818082186511E-17,-2.14368669733103E-24,
-1.));
#1999=DIRECTION('ref_axis',(-0.442935202293966,-0.896553627268778,0.));
#2000=DIRECTION('center_axis',(-1.80818082186511E-17,-2.14368669733103E-24,
-1.));
#2001=DIRECTION('ref_axis',(0.732967250639793,0.680263926347372,0.));
#2002=DIRECTION('',(-2.27390648593935E-14,1.,-2.14368628616762E-24));
#2003=DIRECTION('',(-0.707106781186547,0.707106781186548,1.27857676917074E-17));
#2004=DIRECTION('',(-1.,6.73562833783145E-17,1.80818082186511E-17));
#2005=DIRECTION('',(-0.707106781186548,-0.707106781186547,1.27857707233382E-17));
#2006=DIRECTION('center_axis',(-0.577350269189626,-0.577350269189625,-0.577350269189626));
#2007=DIRECTION('ref_axis',(-0.707106781186548,0.,0.707106781186547));
#2008=DIRECTION('',(0.,0.707106781186549,-0.707106781186546));
#2009=DIRECTION('',(0.707106781186547,-0.707106781186548,0.));
#2010=DIRECTION('',(-0.707106781186548,0.,0.707106781186547));
#2011=DIRECTION('center_axis',(-0.707106781186548,-0.707106781186547,0.));
#2012=DIRECTION('ref_axis',(0.,0.,1.));
#2013=DIRECTION('',(-0.707106781186547,0.707106781186548,0.));
#2014=DIRECTION('',(0.,0.,-1.));
#2015=DIRECTION('',(0.,0.,1.));
#2016=DIRECTION('center_axis',(0.577350269189625,-0.577350269189625,-0.577350269189627));
#2017=DIRECTION('ref_axis',(-0.707106781186549,0.,-0.707106781186546));
#2018=DIRECTION('',(-0.707106781186547,3.14018491736755E-15,-0.707106781186548));
#2019=DIRECTION('',(0.707106781186548,0.707106781186547,0.));
#2020=DIRECTION('',(0.,-0.707106781186549,0.707106781186546));
#2021=DIRECTION('center_axis',(0.707106781186547,-0.707106781186548,0.));
#2022=DIRECTION('ref_axis',(0.,0.,-1.));
#2023=DIRECTION('',(-0.707106781186548,-0.707106781186547,0.));
#2024=DIRECTION('',(0.,0.,-1.));
#2025=DIRECTION('',(0.,0.,1.));
#2026=DIRECTION('center_axis',(-8.65956056235492E-17,-0.707106781186546,
-0.707106781186549));
#2027=DIRECTION('ref_axis',(-1.,0.,1.22464679914735E-16));
#2028=DIRECTION('',(1.,-1.22464679914735E-16,0.));
#2029=DIRECTION('',(-1.,1.22464679914735E-16,0.));
#2030=DIRECTION('center_axis',(-0.707106781186547,0.,-0.707106781186548));
#2031=DIRECTION('ref_axis',(-0.707106781186548,0.,0.707106781186547));
#2032=DIRECTION('',(0.707106781186548,0.,-0.707106781186547));
#2033=DIRECTION('',(0.,-1.,0.));
#2034=DIRECTION('',(0.,1.,0.));
#2035=DIRECTION('center_axis',(0.,0.,1.));
#2036=DIRECTION('ref_axis',(0.999999999999991,1.3378920533447E-7,0.));
#2037=DIRECTION('',(-0.70710678118654,-9.46032582211811E-8,-0.707106781186549));
#2038=DIRECTION('center_axis',(0.,0.,1.));
#2039=DIRECTION('ref_axis',(0.999999999999991,1.3378920533447E-7,0.));
#2040=DIRECTION('center_axis',(0.,0.,-1.));
#2041=DIRECTION('ref_axis',(0.999999999999991,1.3378920533447E-7,0.));
#2042=DIRECTION('center_axis',(0.,0.,1.));
#2043=DIRECTION('ref_axis',(0.999999999999675,-8.05508332035555E-7,0.));
#2044=DIRECTION('',(0.707106781186317,-5.69580406396888E-7,-0.707106781186549));
#2045=DIRECTION('center_axis',(0.,0.,1.));
#2046=DIRECTION('ref_axis',(0.999999999999676,-8.05508332035555E-7,0.));
#2047=DIRECTION('center_axis',(0.,0.,-1.));
#2048=DIRECTION('ref_axis',(0.999999999999676,-8.05508332035555E-7,0.));
#2049=DIRECTION('center_axis',(0.,0.,-1.));
#2050=DIRECTION('ref_axis',(0.999999999999948,3.22203334235353E-7,0.));
#2051=DIRECTION('',(-0.707106781186545,-1.31881486159603E-10,-0.70710678118655));
#2052=DIRECTION('center_axis',(0.,0.,-1.));
#2053=DIRECTION('ref_axis',(0.999999999999948,3.22203334235352E-7,0.));
#2054=DIRECTION('center_axis',(0.,0.,1.));
#2055=DIRECTION('ref_axis',(0.999999999999948,3.22203334235353E-7,0.));
#2056=DIRECTION('center_axis',(0.707106781186548,0.,-0.707106781186547));
#2057=DIRECTION('ref_axis',(-0.707106781186547,0.,-0.707106781186548));
#2058=DIRECTION('',(0.,-1.,0.));
#2059=DIRECTION('',(0.,1.,0.));
#2060=DIRECTION('center_axis',(-1.,0.,0.));
#2061=DIRECTION('ref_axis',(0.,-1.,0.));
#2062=DIRECTION('',(0.,1.,0.));
#2063=DIRECTION('',(0.,0.,1.));
#2064=DIRECTION('center_axis',(-1.22464679914735E-16,-1.,0.));
#2065=DIRECTION('ref_axis',(1.,-1.22464679914735E-16,0.));
#2066=DIRECTION('',(-1.,1.22464679914735E-16,0.));
#2067=DIRECTION('center_axis',(0.,0.,1.));
#2068=DIRECTION('ref_axis',(1.,0.,0.));
#2069=DIRECTION('',(0.,-1.,0.));
#2070=DIRECTION('center_axis',(0.,0.,1.));
#2071=DIRECTION('ref_axis',(0.999999999999948,3.22203334235352E-7,0.));
#2072=DIRECTION('center_axis',(0.,0.,-1.));
#2073=DIRECTION('ref_axis',(-0.999999999999676,8.05508332035555E-7,0.));
#2074=DIRECTION('center_axis',(0.,0.,-1.));
#2075=DIRECTION('ref_axis',(0.999999999999991,1.3378920533447E-7,0.));
#2076=DIRECTION('center_axis',(0.,0.,1.));
#2077=DIRECTION('ref_axis',(0.732967250639793,0.680263926347372,0.));
#2078=DIRECTION('center_axis',(0.,0.,1.));
#2079=DIRECTION('ref_axis',(-0.442935202293966,-0.896553627268778,0.));
#2080=DIRECTION('center_axis',(0.,0.,-1.));
#2081=DIRECTION('ref_axis',(0.442936484045541,0.896552994028448,0.));
#2082=DIRECTION('',(0.,1.,0.));
#2083=DIRECTION('',(0.707106781186548,0.707106781186547,0.));
#2084=DIRECTION('',(1.,-6.73562833783145E-17,0.));
#2085=DIRECTION('',(0.707106781186547,-0.707106781186548,0.));
#2086=DIRECTION('',(2.27390648593935E-14,-1.,0.));
#2087=DIRECTION('center_axis',(0.,0.,1.));
#2088=DIRECTION('ref_axis',(1.,0.,0.));
#2089=DIRECTION('center_axis',(-0.707106781186548,-0.707106781186547,0.));
#2090=DIRECTION('ref_axis',(-0.707106781186547,0.707106781186548,0.));
#2091=DIRECTION('',(0.,0.,-1.));
#2092=DIRECTION('',(0.,0.,-1.));
#2093=DIRECTION('center_axis',(-1.,-2.27390648593935E-14,0.));
#2094=DIRECTION('ref_axis',(-2.27390648593935E-14,1.,0.));
#2095=DIRECTION('',(0.,0.,-1.));
#2096=DIRECTION('center_axis',(0.,0.,-1.));
#2097=DIRECTION('ref_axis',(0.732967250639793,0.680263926347372,0.));
#2098=DIRECTION('',(0.,0.,-1.));
#2099=DIRECTION('center_axis',(0.,0.,-1.));
#2100=DIRECTION('ref_axis',(-0.442935202293966,-0.896553627268778,0.));
#2101=DIRECTION('',(0.,0.,-1.));
#2102=DIRECTION('center_axis',(1.,0.,0.));
#2103=DIRECTION('ref_axis',(0.,1.,0.));
#2104=DIRECTION('',(0.,0.,1.));
#2105=DIRECTION('center_axis',(-6.73562833783145E-17,-1.,0.));
#2106=DIRECTION('ref_axis',(-1.,6.73562833783145E-17,0.));
#2107=DIRECTION('',(0.,0.,-1.));
#2108=DIRECTION('center_axis',(0.707106781186547,-0.707106781186548,0.));
#2109=DIRECTION('ref_axis',(-0.707106781186548,-0.707106781186547,0.));
#2110=DIRECTION('center_axis',(1.,0.,0.));
#2111=DIRECTION('ref_axis',(0.,-1.,0.));
#2112=DIRECTION('',(0.,0.,-1.));
#2113=DIRECTION('center_axis',(0.,0.,-1.));
#2114=DIRECTION('ref_axis',(0.442936484045541,0.896552994028448,0.));
#2115=DIRECTION('center_axis',(0.,0.,1.));
#2116=DIRECTION('ref_axis',(0.999999999999948,3.22203334235352E-7,0.));
#2117=DIRECTION('',(0.,0.,-1.));
#2118=DIRECTION('center_axis',(0.,0.,1.));
#2119=DIRECTION('ref_axis',(3.47365335883614E-8,-0.999999999999999,0.));
#2120=DIRECTION('',(0.,0.,1.));
#2121=DIRECTION('center_axis',(0.,0.,1.));
#2122=DIRECTION('ref_axis',(0.999999999999991,1.3378920533447E-7,0.));
#2123=DIRECTION('center_axis',(0.,-1.,0.));
#2124=DIRECTION('ref_axis',(1.,0.,0.));
#2125=DIRECTION('',(1.,0.,0.));
#2126=DIRECTION('',(0.,0.,1.));
#2127=DIRECTION('',(1.,0.,0.));
#2128=DIRECTION('',(0.,0.,1.));
#2129=DIRECTION('center_axis',(-1.,0.,0.));
#2130=DIRECTION('ref_axis',(0.,-1.,0.));
#2131=DIRECTION('',(0.,-1.,0.));
#2132=DIRECTION('',(0.,0.,1.));
#2133=DIRECTION('',(0.,-1.,0.));
#2134=DIRECTION('center_axis',(0.,1.,0.));
#2135=DIRECTION('ref_axis',(-1.,0.,0.));
#2136=DIRECTION('',(-1.,0.,0.));
#2137=DIRECTION('',(0.,0.,1.));
#2138=DIRECTION('',(-1.,0.,0.));
#2139=DIRECTION('center_axis',(0.,0.,1.));
#2140=DIRECTION('ref_axis',(1.,0.,0.));
#2141=DIRECTION('',(0.,1.,0.));
#2142=DIRECTION('center_axis',(0.,0.,1.));
#2143=DIRECTION('ref_axis',(-1.,0.,0.));
#2144=DIRECTION('',(-3.81573774388406E-11,-1.,0.));
#2145=DIRECTION('',(-1.,-5.46298800386515E-9,0.));
#2146=DIRECTION('',(0.,-1.,0.));
#2147=DIRECTION('',(-1.,0.,0.));
#2148=DIRECTION('',(0.,1.,0.));
#2149=DIRECTION('',(-1.,-1.0531410592081E-8,0.));
#2150=DIRECTION('',(5.69345132131974E-17,1.,0.));
#2151=DIRECTION('',(1.,0.,0.));
#2152=DIRECTION('',(-3.81573774388406E-11,-1.,0.));
#2153=DIRECTION('center_axis',(0.,-0.707106781186547,-0.707106781186548));
#2154=DIRECTION('ref_axis',(-1.,0.,0.));
#2155=DIRECTION('',(0.,-0.707106781186548,0.707106781186547));
#2156=DIRECTION('',(-1.,0.,0.));
#2157=DIRECTION('',(-4.0258780376607E-17,-0.707106781186548,0.707106781186547));
#2158=DIRECTION('',(1.,0.,0.));
#2159=DIRECTION('center_axis',(0.,-1.,0.));
#2160=DIRECTION('ref_axis',(-1.,0.,0.));
#2161=DIRECTION('',(0.,0.,1.));
#2162=DIRECTION('',(1.,0.,0.));
#2163=DIRECTION('',(0.,0.,-1.));
#2164=DIRECTION('',(-1.,0.,0.));
#2165=DIRECTION('',(0.,0.,-1.));
#2166=DIRECTION('',(0.,0.,1.));
#2167=DIRECTION('center_axis',(-1.,0.,0.));
#2168=DIRECTION('ref_axis',(0.,0.,1.));
#2169=DIRECTION('',(0.,-1.,0.));
#2170=DIRECTION('',(0.,0.,-1.));
#2171=DIRECTION('',(0.,1.,0.));
#2172=DIRECTION('center_axis',(0.,-0.707106781186547,-0.707106781186548));
#2173=DIRECTION('ref_axis',(-1.,0.,0.));
#2174=DIRECTION('',(0.,0.707106781186548,-0.707106781186547));
#2175=DIRECTION('',(1.,0.,0.));
#2176=DIRECTION('',(1.50970428717252E-17,0.707106781186548,-0.707106781186547));
#2177=DIRECTION('center_axis',(0.,0.,-1.));
#2178=DIRECTION('ref_axis',(-1.,0.,0.));
#2179=DIRECTION('',(0.,1.,0.));
#2180=DIRECTION('',(1.,0.,0.));
#2181=DIRECTION('',(2.13504427809218E-17,1.,0.));
#2182=DIRECTION('center_axis',(1.,0.,0.));
#2183=DIRECTION('ref_axis',(0.,0.,-1.));
#2184=DIRECTION('',(0.,1.,0.));
#2185=DIRECTION('',(0.,0.,1.));
#2186=DIRECTION('center_axis',(-0.485068466451877,-0.707106781186548,-0.51449837983615));
#2187=DIRECTION('ref_axis',(-0.727610586583268,0.,0.685990403935764));
#2188=DIRECTION('',(0.824622639413068,-0.565683217505545,0.));
#2189=DIRECTION('',(0.727610586583268,0.,-0.685990403935764));
#2190=DIRECTION('',(0.485068466451879,-0.707106781186547,0.514498379836151));
#2191=DIRECTION('',(-0.727610586583268,8.91065975884927E-17,0.685990403935764));
#2192=DIRECTION('center_axis',(0.,-1.,0.));
#2193=DIRECTION('ref_axis',(1.,-6.80359332859641E-17,1.11022302462515E-15));
#2194=DIRECTION('',(0.707106781186547,-0.707106781186548,0.));
#2195=DIRECTION('center_axis',(-1.22464679914735E-16,-1.,0.));
#2196=DIRECTION('ref_axis',(1.,-1.22464679914735E-16,1.11022302462515E-15));
#2197=DIRECTION('center_axis',(4.22774227360692E-33,1.,4.6937368143395E-48));
#2198=DIRECTION('ref_axis',(1.,-4.22774227360692E-33,1.11022302462515E-15));
#2199=DIRECTION('center_axis',(-0.707106781186547,-0.707106781186548,1.30841038223648E-16));
#2200=DIRECTION('ref_axis',(1.85037170770859E-16,0.,1.));
#2201=DIRECTION('',(0.707106781186548,-0.707106781186547,0.));
#2202=DIRECTION('',(1.85037170770859E-16,-2.26605178907815E-32,1.));
#2203=DIRECTION('',(-1.85037170770859E-16,2.8184948490713E-33,-1.));
#2204=DIRECTION('center_axis',(0.,-1.,0.));
#2205=DIRECTION('ref_axis',(0.685990403935765,-4.66719973569852E-17,-0.727610586583267));
#2206=DIRECTION('',(0.485068466451878,-0.707106781186548,-0.51449837983615));
#2207=DIRECTION('center_axis',(-1.22464679914735E-16,-1.,0.));
#2208=DIRECTION('ref_axis',(0.685990403935765,-8.40095952425735E-17,-0.727610586583267));
#2209=DIRECTION('center_axis',(0.,1.,0.));
#2210=DIRECTION('ref_axis',(0.685990403935765,0.,-0.727610586583267));
#2211=DIRECTION('center_axis',(-0.485068466451879,-0.707106781186547,0.51449837983615));
#2212=DIRECTION('ref_axis',(0.727610586583267,0.,0.685990403935765));
#2213=DIRECTION('',(-0.824622639413066,0.565683217505548,3.26969657465555E-17));
#2214=DIRECTION('',(0.727610586583267,-8.91065975884926E-17,0.685990403935765));
#2215=DIRECTION('',(-0.727610586583267,-1.9711786692005E-32,-0.685990403935765));
#2216=DIRECTION('center_axis',(0.,-1.,0.));
#2217=DIRECTION('ref_axis',(1.,0.,0.));
#2218=DIRECTION('',(0.,0.,1.));
#2219=DIRECTION('center_axis',(0.,-1.,0.));
#2220=DIRECTION('ref_axis',(-1.,0.,0.));
#2221=DIRECTION('',(0.727610586583268,0.,0.685990403935764));
#2222=DIRECTION('',(-1.,0.,0.));
#2223=DIRECTION('',(1.,0.,0.));
#2224=DIRECTION('',(-0.727610586583267,0.,0.685990403935765));
#2225=DIRECTION('center_axis',(0.,-1.,0.));
#2226=DIRECTION('ref_axis',(1.,0.,0.));
#2227=DIRECTION('center_axis',(-1.22464679914735E-16,-1.,0.));
#2228=DIRECTION('ref_axis',(1.,-1.22464679914735E-16,0.));
#2229=DIRECTION('',(0.,0.,1.));
#2230=DIRECTION('',(-1.,1.22464679914735E-16,0.));
#2231=DIRECTION('',(0.,0.,-1.));
#2232=DIRECTION('',(1.,-1.22464679914735E-16,0.));
#2233=DIRECTION('',(-1.,1.22464679914735E-16,3.96508223080413E-17));
#2234=DIRECTION('',(0.,0.,1.));
#2235=DIRECTION('',(1.,-1.22464679914735E-16,0.));
#2236=DIRECTION('center_axis',(0.685990403935764,0.,-0.727610586583268));
#2237=DIRECTION('ref_axis',(-0.727610586583268,0.,-0.685990403935764));
#2238=DIRECTION('',(0.,1.,0.));
#2239=DIRECTION('',(0.727610586583268,0.,0.685990403935764));
#2240=DIRECTION('',(0.,1.,0.));
#2241=DIRECTION('center_axis',(0.,1.,0.));
#2242=DIRECTION('ref_axis',(-1.,0.,0.));
#2243=DIRECTION('',(0.,1.,0.));
#2244=DIRECTION('center_axis',(0.,-1.,0.));
#2245=DIRECTION('ref_axis',(-1.,0.,0.));
#2246=DIRECTION('center_axis',(0.,-1.,0.));
#2247=DIRECTION('ref_axis',(-1.,0.,0.));
#2248=DIRECTION('center_axis',(-1.,0.,0.));
#2249=DIRECTION('ref_axis',(0.,1.,0.));
#2250=DIRECTION('',(0.,0.,-1.));
#2251=DIRECTION('',(0.,1.,0.));
#2252=DIRECTION('',(0.,0.,-1.));
#2253=DIRECTION('',(0.,0.,-1.));
#2254=DIRECTION('',(0.,0.,-1.));
#2255=DIRECTION('center_axis',(0.,-1.,0.));
#2256=DIRECTION('ref_axis',(-1.,0.,0.));
#2257=DIRECTION('center_axis',(0.,-1.,0.));
#2258=DIRECTION('ref_axis',(1.,0.,0.));
#2259=DIRECTION('',(0.,0.,1.));
#2260=DIRECTION('center_axis',(-5.46298800386515E-9,1.,0.));
#2261=DIRECTION('ref_axis',(1.,5.46298800386515E-9,0.));
#2262=DIRECTION('',(0.,0.,1.));
#2263=DIRECTION('',(1.,5.46298800386515E-9,0.));
#2264=DIRECTION('center_axis',(0.,0.,-1.));
#2265=DIRECTION('ref_axis',(-1.,0.,0.));
#2266=DIRECTION('',(2.13504427809218E-17,1.,0.));
#2267=DIRECTION('',(1.,0.,0.));
#2268=DIRECTION('center_axis',(0.,1.,0.));
#2269=DIRECTION('ref_axis',(-1.,0.,0.));
#2270=DIRECTION('',(0.,0.,-1.));
#2271=DIRECTION('',(1.,0.,0.));
#2272=DIRECTION('',(0.,0.,-1.));
#2273=DIRECTION('',(1.,0.,0.));
#2274=DIRECTION('',(0.,0.,-1.));
#2275=DIRECTION('',(1.,0.,-3.96508223080413E-17));
#2276=DIRECTION('center_axis',(0.,1.,0.));
#2277=DIRECTION('ref_axis',(-1.,0.,0.));
#2278=DIRECTION('center_axis',(0.,-1.,0.));
#2279=DIRECTION('ref_axis',(1.,0.,0.));
#2280=DIRECTION('',(-0.727610586583267,0.,0.685990403935765));
#2281=DIRECTION('',(-1.,0.,0.));
#2282=DIRECTION('',(0.,0.,1.));
#2283=DIRECTION('center_axis',(-1.0531410592081E-8,1.,0.));
#2284=DIRECTION('ref_axis',(1.,1.0531410592081E-8,0.));
#2285=DIRECTION('',(0.,0.,-1.));
#2286=DIRECTION('',(1.,1.0531410592081E-8,0.));
#2287=DIRECTION('',(0.,0.,-1.));
#2288=DIRECTION('center_axis',(0.,0.,-1.));
#2289=DIRECTION('ref_axis',(-1.,0.,0.));
#2290=DIRECTION('',(0.,-1.,0.));
#2291=DIRECTION('',(-5.69345132131974E-17,-1.,0.));
#2292=DIRECTION('center_axis',(1.,-5.69345132131974E-17,0.));
#2293=DIRECTION('ref_axis',(5.69345132131974E-17,1.,0.));
#2294=DIRECTION('',(-5.69345132131974E-17,-1.,0.));
#2295=DIRECTION('',(0.,0.,-1.));
#2296=DIRECTION('',(5.69345132131974E-17,1.,0.));
#2297=DIRECTION('',(0.,0.,-1.));
#2298=DIRECTION('',(-5.69345132131974E-17,-1.,0.));
#2299=DIRECTION('center_axis',(0.,0.,1.));
#2300=DIRECTION('ref_axis',(1.,0.,0.));
#2301=DIRECTION('',(-1.,0.,0.));
#2302=DIRECTION('center_axis',(0.,1.,0.));
#2303=DIRECTION('ref_axis',(1.,0.,0.));
#2304=DIRECTION('',(1.,0.,0.));
#2305=DIRECTION('',(-1.,0.,0.));
#2306=DIRECTION('',(0.,0.,1.));
#2307=DIRECTION('center_axis',(0.,0.,-1.));
#2308=DIRECTION('ref_axis',(-1.,0.,0.));
#2309=DIRECTION('center_axis',(0.,-1.,0.));
#2310=DIRECTION('ref_axis',(1.,0.,0.));
#2311=DIRECTION('center_axis',(0.,-1.,0.));
#2312=DIRECTION('ref_axis',(1.,0.,0.));
#2313=DIRECTION('',(-0.707106781186549,-0.707106781186546,8.65956056235495E-17));
#2314=DIRECTION('center_axis',(0.,1.,0.));
#2315=DIRECTION('ref_axis',(1.,0.,0.));
#2316=DIRECTION('center_axis',(0.,-1.,0.));
#2317=DIRECTION('ref_axis',(1.,0.,0.));
#2318=DIRECTION('',(0.,1.,0.));
#2319=DIRECTION('center_axis',(0.,1.,0.));
#2320=DIRECTION('ref_axis',(1.,0.,0.));
#2321=DIRECTION('center_axis',(0.,-1.,0.));
#2322=DIRECTION('ref_axis',(-1.,0.,0.));
#2323=DIRECTION('',(1.,0.,0.));
#2324=DIRECTION('center_axis',(-0.577350269189509,-0.577350269189511,0.577350269189857));
#2325=DIRECTION('ref_axis',(0.70710678118676,0.,0.707106781186335));
#2326=DIRECTION('',(0.70710678118676,6.28036983473321E-15,0.707106781186336));
#2327=DIRECTION('',(-0.707106781186549,0.707106781186546,0.));
#2328=DIRECTION('',(-4.23924963844619E-13,-0.707106781186547,-0.707106781186548));
#2329=DIRECTION('center_axis',(-0.707106781186546,-0.707106781186549,0.));
#2330=DIRECTION('ref_axis',(0.,0.,1.));
#2331=DIRECTION('',(0.707106781186549,-0.707106781186546,0.));
#2332=DIRECTION('',(0.,0.,-1.));
#2333=DIRECTION('center_axis',(0.577350269189626,-0.577350269189627,0.577350269189624));
#2334=DIRECTION('ref_axis',(0.707106781186546,0.,-0.707106781186549));
#2335=DIRECTION('',(1.57009245868378E-15,0.707106781186547,0.707106781186548));
#2336=DIRECTION('',(-0.707106781186548,-0.707106781186547,0.));
#2337=DIRECTION('',(0.707106781186546,0.,-0.707106781186549));
#2338=DIRECTION('center_axis',(0.707106781186547,-0.707106781186548,0.));
#2339=DIRECTION('ref_axis',(0.,0.,-1.));
#2340=DIRECTION('',(0.707106781186548,0.707106781186547,0.));
#2341=DIRECTION('',(0.,0.,1.));
#2342=DIRECTION('center_axis',(0.707106781186549,0.,0.707106781186546));
#2343=DIRECTION('ref_axis',(0.707106781186546,0.,-0.707106781186549));
#2344=DIRECTION('',(-0.707106781186111,0.,0.707106781186984));
#2345=DIRECTION('',(0.,-1.,0.));
#2346=DIRECTION('',(0.,1.,0.));
#2347=DIRECTION('center_axis',(0.,0.,1.));
#2348=DIRECTION('ref_axis',(0.999999999999948,3.22203334235352E-7,0.));
#2349=DIRECTION('',(0.707106781186501,2.2783216004661E-7,0.707106781186557));
#2350=DIRECTION('center_axis',(0.,0.,1.));
#2351=DIRECTION('ref_axis',(0.999999999999948,3.22203334235352E-7,0.));
#2352=DIRECTION('center_axis',(0.,0.,-1.));
#2353=DIRECTION('ref_axis',(0.999999999999948,3.22203334235352E-7,0.));
#2354=DIRECTION('center_axis',(0.,0.,-1.));
#2355=DIRECTION('ref_axis',(-1.06227423240797E-7,-0.999999999999994,0.));
#2356=DIRECTION('',(-0.707106781186703,-6.18705283393456E-7,0.707106781186122));
#2357=DIRECTION('center_axis',(0.,0.,-1.));
#2358=DIRECTION('ref_axis',(0.999999999999676,-8.05508332035555E-7,0.));
#2359=DIRECTION('center_axis',(0.,0.,1.));
#2360=DIRECTION('ref_axis',(0.999999999999676,-8.05508332035555E-7,0.));
#2361=DIRECTION('center_axis',(0.,0.,-1.));
#2362=DIRECTION('ref_axis',(0.999999999999991,1.3378920533447E-7,0.));
#2363=DIRECTION('',(0.707106781186968,-2.27160976922233E-10,0.707106781186127));
#2364=DIRECTION('center_axis',(0.,0.,-1.));
#2365=DIRECTION('ref_axis',(0.999999999999991,1.3378920533447E-7,0.));
#2366=DIRECTION('center_axis',(0.,0.,1.));
#2367=DIRECTION('ref_axis',(0.999999999999991,1.3378920533447E-7,0.));
#2368=DIRECTION('center_axis',(-0.707106781186336,0.,0.70710678118676));
#2369=DIRECTION('ref_axis',(0.70710678118676,0.,0.707106781186336));
#2370=DIRECTION('',(0.,-1.,0.));
#2371=DIRECTION('',(0.,1.,0.));
#2372=DIRECTION('center_axis',(-8.65956056235494E-17,-0.707106781186548,
0.707106781186547));
#2373=DIRECTION('ref_axis',(1.,0.,1.22464679914736E-16));
#2374=DIRECTION('',(-1.,1.22464679914735E-16,0.));
#2375=DIRECTION('center_axis',(0.,0.,1.));
#2376=DIRECTION('ref_axis',(0.999999999999991,1.3378920533447E-7,0.));
#2377=DIRECTION('',(0.,0.,1.));
#2378=DIRECTION('center_axis',(0.,0.,-1.));
#2379=DIRECTION('ref_axis',(0.999999999999991,1.3378920533447E-7,0.));
#2380=DIRECTION('',(0.,0.,1.));
#2381=DIRECTION('center_axis',(0.,0.,1.));
#2382=DIRECTION('ref_axis',(3.47365335883614E-8,-0.999999999999999,0.));
#2383=DIRECTION('',(0.,0.,1.));
#2384=DIRECTION('center_axis',(0.,0.,-1.));
#2385=DIRECTION('ref_axis',(-0.999999999999676,8.05508332035555E-7,0.));
#2386=DIRECTION('center_axis',(0.,0.,1.));
#2387=DIRECTION('ref_axis',(0.999999999999948,3.22203334235352E-7,0.));
#2388=DIRECTION('',(0.,0.,1.));
#2389=DIRECTION('center_axis',(0.,0.,1.));
#2390=DIRECTION('ref_axis',(0.999999999999948,3.22203334235352E-7,0.));
#2391=DIRECTION('center_axis',(1.,0.,0.));
#2392=DIRECTION('ref_axis',(0.,1.,0.));
#2393=DIRECTION('',(0.,-1.,0.));
#2394=DIRECTION('center_axis',(0.,0.,1.));
#2395=DIRECTION('ref_axis',(-1.,0.,0.));
#2396=DIRECTION('center_axis',(0.,0.,1.));
#2397=DIRECTION('ref_axis',(1.,0.,0.));
#2398=DIRECTION('',(0.,1.,0.));
#2399=DIRECTION('center_axis',(0.,0.,1.));
#2400=DIRECTION('ref_axis',(0.999999999999993,1.18554885199591E-7,0.));
#2401=DIRECTION('',(2.13504427809218E-17,1.,0.));
#2402=DIRECTION('center_axis',(0.,0.,-1.));
#2403=DIRECTION('ref_axis',(0.99999999999997,2.44812905579813E-7,0.));
#2404=DIRECTION('center_axis',(0.,0.,1.));
#2405=DIRECTION('ref_axis',(-0.9999999999993,1.18326237104746E-6,0.));
#2406=DIRECTION('center_axis',(0.,0.,-1.));
#2407=DIRECTION('ref_axis',(1.,0.,0.));
#2408=DIRECTION('',(3.81573774388406E-11,1.,0.));
#2409=DIRECTION('center_axis',(0.,0.,1.));
#2410=DIRECTION('ref_axis',(0.999999999999993,1.18554885199591E-7,0.));
#2411=DIRECTION('center_axis',(0.,0.,1.));
#2412=DIRECTION('ref_axis',(-0.9999999999993,1.18326237104746E-6,0.));
#2413=DIRECTION('center_axis',(0.,0.,-1.));
#2414=DIRECTION('ref_axis',(0.99999999999997,2.44812905579813E-7,0.));
#2415=DIRECTION('center_axis',(0.,0.,1.));
#2416=DIRECTION('ref_axis',(0.999999999999993,1.18554885199591E-7,0.));
#2417=DIRECTION('',(0.,0.,1.));
#2418=DIRECTION('center_axis',(0.,0.,-1.));
#2419=DIRECTION('ref_axis',(0.999999999999993,1.18554885199591E-7,0.));
#2420=DIRECTION('',(0.,0.,1.));
#2421=DIRECTION('center_axis',(0.,0.,1.));
#2422=DIRECTION('ref_axis',(-1.,0.,0.));
#2423=DIRECTION('',(-3.81573774388406E-11,-1.,0.));
#2424=DIRECTION('center_axis',(0.,0.,1.));
#2425=DIRECTION('ref_axis',(-1.,0.,0.));
#2426=DIRECTION('',(0.,-1.,0.));
#2427=DIRECTION('',(-1.,0.,0.));
#2428=DIRECTION('',(0.,-1.,0.));
#2429=DIRECTION('center_axis',(0.,-1.,0.));
#2430=DIRECTION('ref_axis',(6.40094595777298E-15,0.,1.));
#2431=DIRECTION('center_axis',(0.,1.,0.));
#2432=DIRECTION('ref_axis',(-1.,0.,0.));
#2433=DIRECTION('center_axis',(0.,1.,0.));
#2434=DIRECTION('ref_axis',(-1.,0.,0.));
#2435=DIRECTION('center_axis',(0.,1.,0.));
#2436=DIRECTION('ref_axis',(1.,0.,0.));
#2437=DIRECTION('center_axis',(0.,1.,0.));
#2438=DIRECTION('ref_axis',(1.,0.,0.));
#2439=DIRECTION('',(0.,1.,0.));
#2440=DIRECTION('center_axis',(0.,0.,1.));
#2441=DIRECTION('ref_axis',(1.,0.,0.));
#2442=DIRECTION('',(0.,1.,0.));
#2443=DIRECTION('',(0.,1.,0.));
#2444=DIRECTION('center_axis',(-1.,0.,0.));
#2445=DIRECTION('ref_axis',(0.,0.,1.));
#2446=DIRECTION('',(0.,1.,0.));
#2447=DIRECTION('center_axis',(-3.96508223080413E-17,0.,-1.));
#2448=DIRECTION('ref_axis',(-1.,0.,3.96508223080413E-17));
#2449=DIRECTION('center_axis',(1.,0.,0.));
#2450=DIRECTION('ref_axis',(0.,0.,-1.));
#2451=DIRECTION('',(0.,1.,0.));
#2452=DIRECTION('center_axis',(0.,1.,0.));
#2453=DIRECTION('ref_axis',(1.,0.,0.));
#2454=DIRECTION('',(0.,1.,0.));
#2455=DIRECTION('center_axis',(0.685990403935765,0.,0.727610586583267));
#2456=DIRECTION('ref_axis',(0.727610586583267,0.,-0.685990403935765));
#2457=DIRECTION('center_axis',(-1.,0.,0.));
#2458=DIRECTION('ref_axis',(0.,-1.,0.));
#2459=DIRECTION('center_axis',(-1.,2.13504427809218E-17,0.));
#2460=DIRECTION('ref_axis',(-2.13504427809218E-17,-1.,0.));
#2461=DIRECTION('',(0.,0.,-1.));
#2462=DIRECTION('center_axis',(0.,0.,1.));
#2463=DIRECTION('ref_axis',(0.99999999999997,2.44812905579813E-7,0.));
#2464=DIRECTION('',(0.,0.,-1.));
#2465=DIRECTION('center_axis',(0.,0.,1.));
#2466=DIRECTION('ref_axis',(1.49746407256674E-8,-1.,0.));
#2467=CARTESIAN_POINT('',(0.,0.,0.));
#2468=CARTESIAN_POINT('Origin',(-10.0000000317835,15.9999999999522,2.));
#2469=CARTESIAN_POINT('',(-10.0000000317835,16.,2.));
#2470=CARTESIAN_POINT('',(-1.89999999961938,16.0000000000006,2.));
#2471=CARTESIAN_POINT('',(-5.56568629028193,15.9999999999787,2.));
#2472=CARTESIAN_POINT('',(-10.0000000317835,16.,1.38777878078145E-15));
#2473=CARTESIAN_POINT('',(-10.0000000317835,16.,2.));
#2474=CARTESIAN_POINT('',(-1.89999999961938,16.0000000000006,1.66533453693773E-15));
#2475=CARTESIAN_POINT('',(-2.00000003178345,16.,1.66533453693773E-15));
#2476=CARTESIAN_POINT('',(-1.89999999956529,16.0000000000006,3.));
#2477=CARTESIAN_POINT('Origin',(-10.0000000317835,10.,2.));
#2478=CARTESIAN_POINT('',(-10.0000000317835,10.,2.));
#2479=CARTESIAN_POINT('',(-10.0000000317835,33.1749999999998,2.));
#2480=CARTESIAN_POINT('',(-10.0000000317835,10.,1.66533453693773E-15));
#2481=CARTESIAN_POINT('',(-10.0000000317835,10.,2.));
#2482=CARTESIAN_POINT('',(-10.0000000317835,10.,1.66533453693773E-15));
#2483=CARTESIAN_POINT('Origin',(-1.89999999958349,10.,2.));
#2484=CARTESIAN_POINT('',(-1.89999999958349,10.0000000000006,2.));
#2485=CARTESIAN_POINT('',(-1.51568627430245,10.,2.));
#2486=CARTESIAN_POINT('',(-1.89999999958349,10.0000000000006,1.66533453693773E-15));
#2487=CARTESIAN_POINT('',(-1.89999999956529,10.,3.));
#2488=CARTESIAN_POINT('',(-2.00000003178345,10.,1.66533453693773E-15));
#2489=CARTESIAN_POINT('Origin',(-1.89999999956529,80.0000000005522,4.));
#2490=CARTESIAN_POINT('',(-1.89999999956529,6.95857864414499,2.));
#2491=CARTESIAN_POINT('',(-1.89999999956529,68.1750000002759,2.));
#2492=CARTESIAN_POINT('',(-1.89999999956529,6.95857864414499,1.11022302462516E-15));
#2493=CARTESIAN_POINT('',(-1.89999999956529,6.95857864414499,4.));
#2494=CARTESIAN_POINT('',(-1.89999999956529,68.1750000002762,0.));
#2495=CARTESIAN_POINT('Origin',(-1.1313725490214,56.3499999999996,2.));
#2496=CARTESIAN_POINT('',(-1.90000000000227,80.0000000005522,2.));
#2497=CARTESIAN_POINT('',(-1.89999999956529,68.1750000002759,2.));
#2498=CARTESIAN_POINT('',(18.8782853702567,92.9103631140116,2.));
#2499=CARTESIAN_POINT('Origin',(12.5,80.,2.));
#2500=CARTESIAN_POINT('',(24.8753913197058,100.952128931499,2.));
#2501=CARTESIAN_POINT('Origin',(21.1372549019572,97.482786613085,2.));
#2502=CARTESIAN_POINT('',(-28.4999999999994,80.0000011960665,2.));
#2503=CARTESIAN_POINT('Origin',(2.30000000000037,80.,2.));
#2504=CARTESIAN_POINT('',(-28.4999999999986,6.95857864376126,2.));
#2505=CARTESIAN_POINT('',(-28.4999999999992,31.6542893218801,2.));
#2506=CARTESIAN_POINT('',(-23.4414213562373,1.9,2.));
#2507=CARTESIAN_POINT('',(-31.4764091544333,9.93498779819595,2.));
#2508=CARTESIAN_POINT('',(-6.9585786437103,1.9,2.));
#2509=CARTESIAN_POINT('',(-4.04497559636585,1.9,2.));
#2510=CARTESIAN_POINT('',(10.6400122020343,19.4985908457446,2.));
#2511=CARTESIAN_POINT('Origin',(-30.4,1.00000000000001,-1.));
#2512=CARTESIAN_POINT('',(-29.4,3.60822483003176E-15,-1.));
#2513=CARTESIAN_POINT('',(-29.4,1.00000000000001,-2.));
#2514=CARTESIAN_POINT('',(-29.4,3.6839452517071E-15,-1.));
#2515=CARTESIAN_POINT('',(-30.4,1.00000000000001,-1.));
#2516=CARTESIAN_POINT('',(-30.4,1.00000000000001,-1.));
#2517=CARTESIAN_POINT('',(-29.4,1.00000000000001,-2.));
#2518=CARTESIAN_POINT('Origin',(-29.9,0.500000000000004,0.));
#2519=CARTESIAN_POINT('',(-29.4,6.32072493519185E-15,0.));
#2520=CARTESIAN_POINT('',(-30.4,1.00000000000001,0.));
#2521=CARTESIAN_POINT('',(-35.8124999999999,6.41249999999992,0.));
#2522=CARTESIAN_POINT('',(-30.4,1.00000000000001,0.));
#2523=CARTESIAN_POINT('',(-29.4,3.60822483003176E-15,0.));
#2524=CARTESIAN_POINT('Origin',(-1.,1.38777878078145E-16,-1.));
#2525=CARTESIAN_POINT('',(0.,1.,-1.));
#2526=CARTESIAN_POINT('',(-1.,1.00000000000001,-2.));
#2527=CARTESIAN_POINT('',(0.,1.,-1.));
#2528=CARTESIAN_POINT('',(-1.,2.05948342128618E-16,-1.));
#2529=CARTESIAN_POINT('',(-1.,1.38777878078145E-16,-1.));
#2530=CARTESIAN_POINT('',(-1.,1.,-2.));
#2531=CARTESIAN_POINT('Origin',(-0.500000000000001,0.5,0.));
#2532=CARTESIAN_POINT('',(0.,1.,0.));
#2533=CARTESIAN_POINT('',(-1.,2.84272802561337E-15,0.));
#2534=CARTESIAN_POINT('',(14.1625000000002,15.1625000000002,0.));
#2535=CARTESIAN_POINT('',(-1.,1.38777878078145E-16,0.));
#2536=CARTESIAN_POINT('',(0.,1.,0.));
#2537=CARTESIAN_POINT('Origin',(-14.0499999999997,0.500000000000004,-1.5));
#2538=CARTESIAN_POINT('',(-14.0499999999997,1.00000000000001,-2.));
#2539=CARTESIAN_POINT('',(-14.0499999999997,1.80411241501588E-15,-1.));
#2540=CARTESIAN_POINT('Origin',(-29.9,68.1750000000001,-1.5));
#2541=CARTESIAN_POINT('',(-30.4,80.0000000105047,-1.));
#2542=CARTESIAN_POINT('',(-29.4,80.0000000105047,-2.));
#2543=CARTESIAN_POINT('',(-30.4,80.0000000105047,-1.));
#2544=CARTESIAN_POINT('',(-29.4,68.1750000000001,-2.));
#2545=CARTESIAN_POINT('',(-30.4,68.1750000000001,-1.));
#2546=CARTESIAN_POINT('Origin',(2.30000000000037,80.,-1.5));
#2547=CARTESIAN_POINT('',(35.0000000000005,80.000004374907,-1.));
#2548=CARTESIAN_POINT('',(34.0000000000005,80.0000042411178,-2.));
#2549=CARTESIAN_POINT('',(35.0000000000005,80.000004374907,-1.));
#2550=CARTESIAN_POINT('Origin',(2.30000000000037,80.,-2.));
#2551=CARTESIAN_POINT('Origin',(2.30000000000037,80.,-1.));
#2552=CARTESIAN_POINT('Origin',(30.,80.,-1.5));
#2553=CARTESIAN_POINT('',(25.0000000000005,80.0000040275417,-1.));
#2554=CARTESIAN_POINT('',(26.0000000000001,80.0000032220333,-2.));
#2555=CARTESIAN_POINT('',(25.0000000000005,80.0000040275417,-1.));
#2556=CARTESIAN_POINT('Origin',(30.,80.,-2.));
#2557=CARTESIAN_POINT('Origin',(30.,80.,-1.));
#2558=CARTESIAN_POINT('Origin',(12.4999999999999,80.,-1.5));
#2559=CARTESIAN_POINT('',(-1.23032276954408E-12,79.9999999976685,-1.));
#2560=CARTESIAN_POINT('',(-1.00000000000122,79.999999997482,-2.));
#2561=CARTESIAN_POINT('',(-1.23032276954408E-12,79.9999999976685,-1.));
#2562=CARTESIAN_POINT('Origin',(12.4999999999999,80.,-2.));
#2563=CARTESIAN_POINT('Origin',(12.4999999999999,80.,-1.));
#2564=CARTESIAN_POINT('Origin',(-0.5,28.1750000000001,-1.5));
#2565=CARTESIAN_POINT('',(0.,28.1750000000001,-1.));
#2566=CARTESIAN_POINT('',(-1.,28.1750000000001,-2.));
#2567=CARTESIAN_POINT('Origin',(-30.4,80.,0.));
#2568=CARTESIAN_POINT('',(-30.4,80.0000000105047,-5.55111512312578E-16));
#2569=CARTESIAN_POINT('',(-30.4,68.1750000000001,0.));
#2570=CARTESIAN_POINT('',(-30.4,80.0000000105047,0.));
#2571=CARTESIAN_POINT('Origin',(-30.4,3.72292626940795E-15,0.));
#2572=CARTESIAN_POINT('',(-14.0499999999997,4.44089209850063E-15,0.));
#2573=CARTESIAN_POINT('Origin',(2.30000000000058,56.3500000000002,0.));
#2574=CARTESIAN_POINT('',(-1.23012711128467E-12,79.9999999976685,-5.55111512312578E-16));
#2575=CARTESIAN_POINT('',(0.,28.1750000000001,0.));
#2576=CARTESIAN_POINT('',(25.0000000000005,80.0000040275417,-5.55111512312578E-16));
#2577=CARTESIAN_POINT('Origin',(12.4999999999999,80.,0.));
#2578=CARTESIAN_POINT('',(35.0000000000005,80.000004374907,-5.55111512312578E-16));
#2579=CARTESIAN_POINT('Origin',(30.,80.,0.));
#2580=CARTESIAN_POINT('Origin',(2.30000000000037,80.,0.));
#2581=CARTESIAN_POINT('',(24.8753913197059,100.952128931499,1.11022302462516E-15));
#2582=CARTESIAN_POINT('',(-28.4999999999994,80.0000011960665,1.11022302462516E-15));
#2583=CARTESIAN_POINT('Origin',(2.30000000000037,80.,0.));
#2584=CARTESIAN_POINT('',(18.8782853702567,92.9103631140116,1.11022302462516E-15));
#2585=CARTESIAN_POINT('Origin',(21.1372549019572,97.482786613085,0.));
#2586=CARTESIAN_POINT('',(-1.90000000000227,80.0000000005522,1.11022302462516E-15));
#2587=CARTESIAN_POINT('Origin',(12.5,80.,0.));
#2588=CARTESIAN_POINT('',(-1.89999999956529,68.1750000002762,0.));
#2589=CARTESIAN_POINT('',(-6.9585786437103,1.9,1.11022302462516E-15));
#2590=CARTESIAN_POINT('',(11.49785533929,20.3564339830003,0.));
#2591=CARTESIAN_POINT('',(-23.4414213562373,1.9,1.11022302462516E-15));
#2592=CARTESIAN_POINT('',(-2.32928932185486,1.9,0.));
#2593=CARTESIAN_POINT('',(-28.4999999999986,6.95857864376126,1.11022302462516E-15));
#2594=CARTESIAN_POINT('',(-30.6185660171779,9.0771446609406,0.));
#2595=CARTESIAN_POINT('',(-28.4999999999992,31.6542893218804,0.));
#2596=CARTESIAN_POINT('Origin',(2.30000000000058,56.3500000000002,-2.));
#2597=CARTESIAN_POINT('Origin',(-23.4414213562373,1.89999999999999,4.));
#2598=CARTESIAN_POINT('',(-28.4999999999986,6.95857864376127,4.));
#2599=CARTESIAN_POINT('',(-23.4414213562373,1.89999999999999,4.));
#2600=CARTESIAN_POINT('Origin',(-28.4999999999986,6.95857864376126,4.));
#2601=CARTESIAN_POINT('',(-28.4999999999994,80.0000011960665,4.));
#2602=CARTESIAN_POINT('Origin',(2.30000000000037,80.,4.));
#2603=CARTESIAN_POINT('',(24.8753913197058,100.952128931499,2.));
#2604=CARTESIAN_POINT('Origin',(21.1372549019572,97.482786613085,4.));
#2605=CARTESIAN_POINT('',(18.8782853702567,92.9103631140116,4.));
#2606=CARTESIAN_POINT('Origin',(0.,0.,0.));
#2607=CARTESIAN_POINT('',(-1.23032276954408E-12,79.9999999976685,0.));
#2608=CARTESIAN_POINT('Origin',(-6.9585786437103,1.89999999999999,4.));
#2609=CARTESIAN_POINT('',(-6.9585786437103,1.89999999999999,4.));
#2610=CARTESIAN_POINT('Origin',(-1.89999999956529,6.95857864414499,4.));
#2611=CARTESIAN_POINT('Origin',(-1.89999999956529,80.0000000005522,4.));
#2612=CARTESIAN_POINT('',(-1.90000000000227,80.0000000005522,4.));
#2613=CARTESIAN_POINT('Origin',(12.5,80.,4.));
#2614=CARTESIAN_POINT('Origin',(12.4999999999999,80.,0.));
#2615=CARTESIAN_POINT('',(25.0000000000005,80.0000040275417,0.));
#2616=CARTESIAN_POINT('Origin',(30.,80.,0.));
#2617=CARTESIAN_POINT('',(35.0000000000005,80.000004374907,0.));
#2618=CARTESIAN_POINT('Origin',(2.30000000000037,80.,0.));
#2619=CARTESIAN_POINT('Origin',(-10.0000000317835,10.,23.));
#2620=CARTESIAN_POINT('',(-10.0000000317835,10.,23.));
#2621=CARTESIAN_POINT('',(-2.00000003178345,10.,23.));
#2622=CARTESIAN_POINT('',(-3.85000001589144,10.,23.));
#2623=CARTESIAN_POINT('',(-10.0000000317835,10.,24.));
#2624=CARTESIAN_POINT('',(-10.0000000317835,10.,23.));
#2625=CARTESIAN_POINT('',(-2.00000003178345,10.,24.));
#2626=CARTESIAN_POINT('',(-2.00000003178345,10.,24.));
#2627=CARTESIAN_POINT('',(-2.00000003178345,10.,23.));
#2628=CARTESIAN_POINT('Origin',(-10.0000000317835,16.,23.));
#2629=CARTESIAN_POINT('',(-10.0000000317835,16.,23.));
#2630=CARTESIAN_POINT('',(-10.0000000317835,36.1749999999998,23.));
#2631=CARTESIAN_POINT('',(-10.0000000317835,16.,24.));
#2632=CARTESIAN_POINT('',(-10.0000000317835,16.,23.));
#2633=CARTESIAN_POINT('',(-10.0000000317835,10.,24.));
#2634=CARTESIAN_POINT('Origin',(-2.00000003178345,16.,23.));
#2635=CARTESIAN_POINT('',(-2.00000003178345,16.,23.));
#2636=CARTESIAN_POINT('',(0.149999984108564,16.,23.));
#2637=CARTESIAN_POINT('',(-2.00000003178345,16.,24.));
#2638=CARTESIAN_POINT('',(-2.00000003178345,16.,23.));
#2639=CARTESIAN_POINT('',(-10.0000000317835,16.,24.));
#2640=CARTESIAN_POINT('Origin',(-6.00000003178345,13.,24.));
#2641=CARTESIAN_POINT('',(-2.00000003178345,16.,24.));
#2642=CARTESIAN_POINT('Origin',(2.30000000000058,56.3499999999996,23.));
#2643=CARTESIAN_POINT('',(-2.00000003277793,8.00000002075936,23.));
#2644=CARTESIAN_POINT('',(-2.00000000045246,68.1750000003585,23.));
#2645=CARTESIAN_POINT('',(-5.8,8.,23.));
#2646=CARTESIAN_POINT('',(-1.74999986793198,8.00000002212511,23.));
#2647=CARTESIAN_POINT('',(-5.8,2.,23.));
#2648=CARTESIAN_POINT('',(-5.8,29.1749999999998,23.));
#2649=CARTESIAN_POINT('',(-24.,2.,23.));
#2650=CARTESIAN_POINT('',(-28.4,2.,23.));
#2651=CARTESIAN_POINT('',(-24.,16.,23.));
#2652=CARTESIAN_POINT('',(-24.,36.1749999999998,23.));
#2653=CARTESIAN_POINT('',(-28.4,15.9999999536618,23.));
#2654=CARTESIAN_POINT('',(-13.0499997875285,16.0000001153189,23.));
#2655=CARTESIAN_POINT('',(-28.4,75.5,23.));
#2656=CARTESIAN_POINT('',(-28.4,80.0000011920929,23.));
#2657=CARTESIAN_POINT('',(-1.99999999921438,75.5,23.));
#2658=CARTESIAN_POINT('',(0.150000000393102,75.5,23.));
#2659=CARTESIAN_POINT('',(-2.00000000045246,68.1750000003585,23.));
#2660=CARTESIAN_POINT('Origin',(-8.59999999940277,76.5,6.));
#2661=CARTESIAN_POINT('',(-25.000000372529,77.5,5.));
#2662=CARTESIAN_POINT('',(-25.000000372529,75.5,7.));
#2663=CARTESIAN_POINT('',(-25.000000372529,76.5,6.));
#2664=CARTESIAN_POINT('',(-28.4,75.5,7.));
#2665=CARTESIAN_POINT('',(-8.59999999940277,75.5,7.));
#2666=CARTESIAN_POINT('',(-28.4,77.5,5.));
#2667=CARTESIAN_POINT('',(-28.4,58.875,23.625));
#2668=CARTESIAN_POINT('',(-8.59999999940277,77.5,5.));
#2669=CARTESIAN_POINT('Origin',(-1.99999999921438,75.5,23.));
#2670=CARTESIAN_POINT('',(-25.000000372529,75.5,13.0000001192093));
#2671=CARTESIAN_POINT('',(-25.000000372529,75.5,14.));
#2672=CARTESIAN_POINT('',(-22.0000003278255,75.5,13.0000001192093));
#2673=CARTESIAN_POINT('',(-13.5000001858717,75.5,13.0000001192093));
#2674=CARTESIAN_POINT('',(-22.0000003278255,75.5,7.));
#2675=CARTESIAN_POINT('',(-22.0000003278255,75.5,18.0000000596046));
#2676=CARTESIAN_POINT('',(-2.,75.5,7.));
#2677=CARTESIAN_POINT('',(-8.59999999940277,75.5,7.));
#2678=CARTESIAN_POINT('',(-2.,75.5,12.5));
#2679=CARTESIAN_POINT('',(-28.4,75.5,12.5));
#2680=CARTESIAN_POINT('Origin',(-25.000000372529,75.5,5.));
#2681=CARTESIAN_POINT('',(-25.000000372529,78.5,5.));
#2682=CARTESIAN_POINT('',(-25.000000372529,76.25,5.));
#2683=CARTESIAN_POINT('',(-25.000000372529,78.5,13.0000001192093));
#2684=CARTESIAN_POINT('',(-25.000000372529,78.5,14.));
#2685=CARTESIAN_POINT('',(-25.000000372529,75.5,13.0000001192093));
#2686=CARTESIAN_POINT('Origin',(-8.59999999940277,76.5,6.));
#2687=CARTESIAN_POINT('',(-22.0000003278255,77.5,5.));
#2688=CARTESIAN_POINT('',(-22.0000003278255,74.4999999701977,8.00000002980232));
#2689=CARTESIAN_POINT('',(-2.,77.5,5.));
#2690=CARTESIAN_POINT('',(-8.59999999940277,77.5,5.));
#2691=CARTESIAN_POINT('',(-2.,78.3750000001383,4.12499999986168));
#2692=CARTESIAN_POINT('Origin',(-15.1999999995912,77.,5.));
#2693=CARTESIAN_POINT('',(-22.0000003278255,78.5,4.99999997019768));
#2694=CARTESIAN_POINT('',(-22.0000003278255,76.25,5.));
#2695=CARTESIAN_POINT('',(-1.99999999918231,78.5,5.));
#2696=CARTESIAN_POINT('',(-1.99999999918231,78.5,5.));
#2697=CARTESIAN_POINT('',(-2.,78.5000000002766,5.));
#2698=CARTESIAN_POINT('Origin',(-22.0000003278255,75.5,13.0000001192093));
#2699=CARTESIAN_POINT('',(-22.0000003278255,78.5,13.0000001192093));
#2700=CARTESIAN_POINT('',(-22.0000003278255,75.5,13.0000001192093));
#2701=CARTESIAN_POINT('',(-22.0000003278255,78.5,18.0000000596046));
#2702=CARTESIAN_POINT('Origin',(-7.74728748515997,0.500000000000001,22.0120491229748));
#2703=CARTESIAN_POINT('',(-5.62676098267853,7.53760344791196E-16,20.7));
#2704=CARTESIAN_POINT('',(-7.08450732178569,1.,20.7));
#2705=CARTESIAN_POINT('',(-12.7112856472831,4.85991593636495,20.7));
#2706=CARTESIAN_POINT('',(-4.65603838425695,1.,18.4104423463331));
#2707=CARTESIAN_POINT('',(-9.20585065956043,1.,22.7));
#2708=CARTESIAN_POINT('',(-3.97004798032118,5.50871517246923E-16,19.1380529329164));
#2709=CARTESIAN_POINT('',(-4.65603838425695,1.,18.4104423463331));
#2710=CARTESIAN_POINT('',(-7.40429228319209,9.71445146547012E-16,22.3758544162664));
#2711=CARTESIAN_POINT('Origin',(-7.40000000000001,0.500000000000004,15.5));
#2712=CARTESIAN_POINT('',(-3.4,1.,15.5));
#2713=CARTESIAN_POINT('',(-2.4,3.59121746973334E-16,15.5));
#2714=CARTESIAN_POINT('',(-3.4,1.,15.5));
#2715=CARTESIAN_POINT('Origin',(-7.40000000000001,9.71445146547012E-16,
15.5));
#2716=CARTESIAN_POINT('Origin',(-7.40000000000001,1.,15.5));
#2717=CARTESIAN_POINT('Origin',(-2.9,0.5,7.75));
#2718=CARTESIAN_POINT('',(-3.4,1.,9.50000000000001));
#2719=CARTESIAN_POINT('',(-2.4,2.77555756156289E-16,9.50000000000001));
#2720=CARTESIAN_POINT('',(-3.4,1.,9.50000000000001));
#2721=CARTESIAN_POINT('',(-2.4,2.77555756156289E-16,7.75));
#2722=CARTESIAN_POINT('',(-3.4,1.,15.5));
#2723=CARTESIAN_POINT('Origin',(-7.4,0.500000000000004,9.50000000000001));
#2724=CARTESIAN_POINT('',(-4.65603838425694,1.,6.58955765366694));
#2725=CARTESIAN_POINT('',(-3.97004798032118,5.51397170334145E-16,5.86194706708367));
#2726=CARTESIAN_POINT('',(-4.65603838425694,1.,6.58955765366694));
#2727=CARTESIAN_POINT('Origin',(-7.4,9.71445146547012E-16,9.50000000000001));
#2728=CARTESIAN_POINT('Origin',(-7.4,1.,9.50000000000001));
#2729=CARTESIAN_POINT('Origin',(-12.772226518873,0.500000000000002,-1.74955572479071));
#2730=CARTESIAN_POINT('',(-7.08450732178569,1.,4.30000000000001));
#2731=CARTESIAN_POINT('',(-5.62676098267854,6.93494306749048E-16,4.30000000000001));
#2732=CARTESIAN_POINT('',(-9.6597537114407,2.76659431107357,4.30000000000001));
#2733=CARTESIAN_POINT('',(-12.4292313169051,1.52655665885959E-15,-2.11336101808234));
#2734=CARTESIAN_POINT('',(-4.65603838425694,1.,6.58955765366694));
#2735=CARTESIAN_POINT('Origin',(-6.7,1.,12.5));
#2736=CARTESIAN_POINT('',(-5.4,1.,9.50000000000001));
#2737=CARTESIAN_POINT('',(-5.4,1.,15.5));
#2738=CARTESIAN_POINT('',(-5.4,1.,14.));
#2739=CARTESIAN_POINT('',(-6.02801919212847,1.,8.04477882683348));
#2740=CARTESIAN_POINT('Origin',(-7.4,1.,9.50000000000001));
#2741=CARTESIAN_POINT('',(-10.,1.,4.30000000000001));
#2742=CARTESIAN_POINT('',(-5.09402236383337,1.,8.92534993634077));
#2743=CARTESIAN_POINT('',(-10.,1.,4.30000000000001));
#2744=CARTESIAN_POINT('',(-10.,1.,20.7));
#2745=CARTESIAN_POINT('',(-10.,1.,20.7));
#2746=CARTESIAN_POINT('',(-6.02801919212847,1.,16.9552211731665));
#2747=CARTESIAN_POINT('',(-7.08001276776913,1.,17.947039477076));
#2748=CARTESIAN_POINT('Origin',(-7.4,1.,15.5));
#2749=CARTESIAN_POINT('Origin',(-30.4,3.72292626940795E-15,0.));
#2750=CARTESIAN_POINT('',(-29.4,6.32072493519185E-15,-5.55111512312578E-16));
#2751=CARTESIAN_POINT('',(-29.4,3.6839452517071E-15,24.));
#2752=CARTESIAN_POINT('',(-29.4,3.60822483003176E-15,0.));
#2753=CARTESIAN_POINT('',(-1.,2.84272802561337E-15,-5.55111512312578E-16));
#2754=CARTESIAN_POINT('',(-14.0499999999997,4.44089209850063E-15,-5.55111512312578E-16));
#2755=CARTESIAN_POINT('',(-1.,1.38777878078145E-16,24.));
#2756=CARTESIAN_POINT('',(-1.,1.38777878078145E-16,0.));
#2757=CARTESIAN_POINT('',(-14.0499999999997,1.80411241501588E-15,24.));
#2758=CARTESIAN_POINT('',(-24.,8.87868929381831E-16,4.30000000000001));
#2759=CARTESIAN_POINT('',(-20.2,2.47378653427765E-15,4.30000000000001));
#2760=CARTESIAN_POINT('',(-24.,8.87868929381831E-16,20.7));
#2761=CARTESIAN_POINT('',(-24.,2.93915231795365E-15,2.15));
#2762=CARTESIAN_POINT('',(-20.2,2.47378653427765E-15,20.7));
#2763=CARTESIAN_POINT('Origin',(-6.02801919212847,8.87868929381831E-16,
8.04477882683347));
#2764=CARTESIAN_POINT('',(-6.02801919212847,2.,8.04477882683347));
#2765=CARTESIAN_POINT('',(-6.02801919212847,8.87868929381831E-16,8.04477882683347));
#2766=CARTESIAN_POINT('',(-10.,2.,4.30000000000001));
#2767=CARTESIAN_POINT('',(-6.47034489545998,2.,7.62775467477377));
#2768=CARTESIAN_POINT('',(-10.,8.87868929381831E-16,4.30000000000001));
#2769=CARTESIAN_POINT('Origin',(-7.4,8.87868929381831E-16,9.50000000000001));
#2770=CARTESIAN_POINT('',(-5.4,2.,9.50000000000001));
#2771=CARTESIAN_POINT('',(-5.4,8.87868929381831E-16,9.50000000000001));
#2772=CARTESIAN_POINT('',(-5.8,2.,8.3));
#2773=CARTESIAN_POINT('Origin',(-7.4,2.,9.50000000000001));
#2774=CARTESIAN_POINT('Origin',(-7.4,2.,9.50000000000001));
#2775=CARTESIAN_POINT('Origin',(-5.8,2.,23.));
#2776=CARTESIAN_POINT('',(-5.8,8.,5.));
#2777=CARTESIAN_POINT('',(-5.8,8.,23.));
#2778=CARTESIAN_POINT('',(-5.8,2.,5.));
#2779=CARTESIAN_POINT('',(-5.8,2.,5.));
#2780=CARTESIAN_POINT('',(-5.8,2.,12.5));
#2781=CARTESIAN_POINT('',(-5.8,2.,16.7));
#2782=CARTESIAN_POINT('',(-5.8,2.,23.));
#2783=CARTESIAN_POINT('',(-5.8,2.,12.5));
#2784=CARTESIAN_POINT('Origin',(-2.,2.,23.));
#2785=CARTESIAN_POINT('',(-5.4,2.,15.5));
#2786=CARTESIAN_POINT('Origin',(-7.4,2.,15.5));
#2787=CARTESIAN_POINT('',(-5.4,2.,8.75));
#2788=CARTESIAN_POINT('Origin',(-5.8,8.,23.));
#2789=CARTESIAN_POINT('',(-2.00000003277793,8.00000002075936,5.));
#2790=CARTESIAN_POINT('',(-2.,8.00000002075936,12.5));
#2791=CARTESIAN_POINT('',(-5.8,8.,5.));
#2792=CARTESIAN_POINT('Origin',(-3.9,5.00000001037968,5.));
#2793=CARTESIAN_POINT('',(-2.,2.,5.));
#2794=CARTESIAN_POINT('',(-2.,42.5000000054665,5.));
#2795=CARTESIAN_POINT('',(-2.95,2.,5.));
#2796=CARTESIAN_POINT('Origin',(-2.,2.,2.));
#2797=CARTESIAN_POINT('',(-2.,2.,0.));
#2798=CARTESIAN_POINT('',(-2.,2.,2.));
#2799=CARTESIAN_POINT('',(-28.4,2.,0.));
#2800=CARTESIAN_POINT('',(0.15000000000029,2.,0.));
#2801=CARTESIAN_POINT('',(-28.4,2.,5.));
#2802=CARTESIAN_POINT('',(-28.4,2.,2.));
#2803=CARTESIAN_POINT('',(-24.,2.,5.));
#2804=CARTESIAN_POINT('',(-14.1,2.,5.));
#2805=CARTESIAN_POINT('',(-24.,2.,4.30000000000001));
#2806=CARTESIAN_POINT('',(-24.,2.,3.15));
#2807=CARTESIAN_POINT('',(-6.,2.,4.30000000000001));
#2808=CARTESIAN_POINT('Origin',(-2.,2.,2.));
#2809=CARTESIAN_POINT('',(-6.02801919212847,2.,16.9552211731665));
#2810=CARTESIAN_POINT('Origin',(-7.4,2.,15.5));
#2811=CARTESIAN_POINT('',(-10.,2.,20.7));
#2812=CARTESIAN_POINT('',(-3.2154295573147,2.,14.3035149785775));
#2813=CARTESIAN_POINT('',(-24.,2.,20.7));
#2814=CARTESIAN_POINT('',(-13.,2.,20.7));
#2815=CARTESIAN_POINT('',(-24.,2.,12.5));
#2816=CARTESIAN_POINT('Origin',(-28.4,15.9999999536618,23.));
#2817=CARTESIAN_POINT('',(-24.,16.,5.));
#2818=CARTESIAN_POINT('',(-24.,16.,23.));
#2819=CARTESIAN_POINT('',(-28.4,15.9999999536618,5.));
#2820=CARTESIAN_POINT('',(-28.4,15.9999999536618,5.));
#2821=CARTESIAN_POINT('',(-28.4,15.9999999536618,12.5));
#2822=CARTESIAN_POINT('Origin',(-26.2,9.,5.));
#2823=CARTESIAN_POINT('',(-24.,16.,5.));
#2824=CARTESIAN_POINT('',(-28.4,5.5,5.));
#2825=CARTESIAN_POINT('Origin',(-28.4,2.,2.));
#2826=CARTESIAN_POINT('',(-28.4,80.0000011920929,0.));
#2827=CARTESIAN_POINT('',(-28.4,29.1750000000001,0.));
#2828=CARTESIAN_POINT('',(-28.4,80.0000011920929,23.));
#2829=CARTESIAN_POINT('',(-28.4,80.0000011920929,2.));
#2830=CARTESIAN_POINT('',(-28.4,78.5,23.));
#2831=CARTESIAN_POINT('',(-28.4,80.0000011920929,23.));
#2832=CARTESIAN_POINT('',(-28.4,78.5,5.));
#2833=CARTESIAN_POINT('',(-28.4,78.5,12.5));
#2834=CARTESIAN_POINT('',(-28.4,39.5,5.));
#2835=CARTESIAN_POINT('Origin',(-25.000000372529,75.5,13.0000001192093));
#2836=CARTESIAN_POINT('',(-26.7000001862645,78.5,13.0000001192093));
#2837=CARTESIAN_POINT('Origin',(-28.4,78.5,23.));
#2838=CARTESIAN_POINT('',(-1.99999999918231,78.5,5.));
#2839=CARTESIAN_POINT('',(-1.99999999918231,78.5,23.));
#2840=CARTESIAN_POINT('',(-13.0499999999997,78.5,23.));
#2841=CARTESIAN_POINT('',(-2.,78.5,12.5));
#2842=CARTESIAN_POINT('Origin',(-15.1999999995912,77.,5.));
#2843=CARTESIAN_POINT('Origin',(-17.,119.5,12.5));
#2844=CARTESIAN_POINT('',(-24.,120.,12.5));
#2845=CARTESIAN_POINT('Origin',(-17.,120.,12.5));
#2846=CARTESIAN_POINT('',(-25.,119.,12.5));
#2847=CARTESIAN_POINT('',(-24.5,119.5,12.5));
#2848=CARTESIAN_POINT('Origin',(-17.,119.,12.5));
#2849=CARTESIAN_POINT('Origin',(-17.,120.,12.5));
#2850=CARTESIAN_POINT('',(-9.,110.685501462417,12.5));
#2851=CARTESIAN_POINT('',(-25.,98.0000000000001,12.5));
#2852=CARTESIAN_POINT('Ctrl Pts',(-9.,110.685501462417,12.5));
#2853=CARTESIAN_POINT('Ctrl Pts',(-9.,110.685501462417,13.4914073905742));
#2854=CARTESIAN_POINT('Ctrl Pts',(-9.19631281747212,110.615367185846,14.5450851651519));
#2855=CARTESIAN_POINT('Ctrl Pts',(-9.97778236439794,110.310427009088,16.4709389641028));
#2856=CARTESIAN_POINT('Ctrl Pts',(-10.5624634590106,110.07261442896,17.3428306988989));
#2857=CARTESIAN_POINT('Ctrl Pts',(-11.9886246340576,109.425247070007,18.8353684838643));
#2858=CARTESIAN_POINT('Ctrl Pts',(-12.9576923034758,108.945941002668,19.4904581867262));
#2859=CARTESIAN_POINT('Ctrl Pts',(-14.9915771305301,107.778877721701,20.3213161707828));
#2860=CARTESIAN_POINT('Ctrl Pts',(-16.0538400468002,107.08874920179,20.5));
#2861=CARTESIAN_POINT('Ctrl Pts',(-18.14351201269,105.560896964567,20.5));
#2862=CARTESIAN_POINT('Ctrl Pts',(-19.3061557020566,104.587413522931,20.2454218680452));
#2863=CARTESIAN_POINT('Ctrl Pts',(-21.3853864021212,102.591355153515,19.2881002194606));
#2864=CARTESIAN_POINT('Ctrl Pts',(-22.3043197663233,101.56924639444,18.5894867727401));
#2865=CARTESIAN_POINT('Ctrl Pts',(-23.5674182641438,100.022236234802,17.1409889827482));
#2866=CARTESIAN_POINT('Ctrl Pts',(-24.072465725249,99.3434438818787,16.3616061826423));
#2867=CARTESIAN_POINT('Ctrl Pts',(-24.6091152813848,98.5818717634145,15.0168046644094));
#2868=CARTESIAN_POINT('Ctrl Pts',(-24.7524189330683,98.3708295960969,14.5389691722982));
#2869=CARTESIAN_POINT('Ctrl Pts',(-24.9478885905613,98.0796382039092,13.5432935782573));
#2870=CARTESIAN_POINT('Ctrl Pts',(-25.,98.0000000000001,13.025293379604));
#2871=CARTESIAN_POINT('Ctrl Pts',(-25.,98.0000000000001,12.5));
#2872=CARTESIAN_POINT('Ctrl Pts',(-25.,98.0000000000001,12.5));
#2873=CARTESIAN_POINT('Ctrl Pts',(-25.,98.0000000000001,11.9747066203961));
#2874=CARTESIAN_POINT('Ctrl Pts',(-24.9478885905613,98.0796382039092,11.4567064217427));
#2875=CARTESIAN_POINT('Ctrl Pts',(-24.7524189330683,98.3708295960968,10.4610308277018));
#2876=CARTESIAN_POINT('Ctrl Pts',(-24.6091152813848,98.5818717634144,9.98319533559062));
#2877=CARTESIAN_POINT('Ctrl Pts',(-24.072465725249,99.3434438818787,8.63839381735774));
#2878=CARTESIAN_POINT('Ctrl Pts',(-23.5674182641438,100.022236234802,7.85901101725179));
#2879=CARTESIAN_POINT('Ctrl Pts',(-22.3043197663233,101.56924639444,6.41051322725992));
#2880=CARTESIAN_POINT('Ctrl Pts',(-21.3853864021212,102.591355153515,5.71189978053937));
#2881=CARTESIAN_POINT('Ctrl Pts',(-19.3061557020566,104.587413522931,4.7545781319548));
#2882=CARTESIAN_POINT('Ctrl Pts',(-18.14351201269,105.560896964567,4.50000000000001));
#2883=CARTESIAN_POINT('Ctrl Pts',(-16.0538400468002,107.08874920179,4.50000000000001));
#2884=CARTESIAN_POINT('Ctrl Pts',(-14.9915771305301,107.778877721701,4.67868382921727));
#2885=CARTESIAN_POINT('Ctrl Pts',(-12.9576923034758,108.945941002668,5.50954181327385));
#2886=CARTESIAN_POINT('Ctrl Pts',(-11.9886246340576,109.425247070007,6.16463151613567));
#2887=CARTESIAN_POINT('Ctrl Pts',(-10.5624634590106,110.07261442896,7.65716930110114));
#2888=CARTESIAN_POINT('Ctrl Pts',(-9.97778236439795,110.310427009088,8.52906103589717));
#2889=CARTESIAN_POINT('Ctrl Pts',(-9.19631281747212,110.615367185846,10.4549148348481));
#2890=CARTESIAN_POINT('Ctrl Pts',(-9.,110.685501462417,11.5085926094258));
#2891=CARTESIAN_POINT('Ctrl Pts',(-9.,110.685501462417,12.5));
#2892=CARTESIAN_POINT('',(-25.,120.,12.5));
#2893=CARTESIAN_POINT('Origin',(-17.,120.,12.5));
#2894=CARTESIAN_POINT('',(-14.8275,120.,9.94995220633022));
#2895=CARTESIAN_POINT('',(-19.1725,120.,9.94995220633022));
#2896=CARTESIAN_POINT('Origin',(-17.,120.,12.5));
#2897=CARTESIAN_POINT('',(-19.1725,120.,9.94995220633022));
#2898=CARTESIAN_POINT('Origin',(-29.4,3.60822483003176E-15,24.));
#2899=CARTESIAN_POINT('',(-30.4,1.,24.));
#2900=CARTESIAN_POINT('',(-29.3999999999994,1.00000000000001,25.));
#2901=CARTESIAN_POINT('',(-30.4,0.999999999999996,24.));
#2902=CARTESIAN_POINT('',(-29.4,3.60822483003176E-15,24.));
#2903=CARTESIAN_POINT('',(-29.3999999999994,1.,25.));
#2904=CARTESIAN_POINT('Origin',(-29.9,0.500000000000002,0.));
#2905=CARTESIAN_POINT('',(-30.4,0.999999999999996,-5.55111512312578E-16));
#2906=CARTESIAN_POINT('',(-36.7249999999998,7.3249999999998,-5.55111512312578E-16));
#2907=CARTESIAN_POINT('',(-30.4,1.,0.));
#2908=CARTESIAN_POINT('Origin',(0.,1.,24.));
#2909=CARTESIAN_POINT('',(-0.999999999999999,0.999999999999999,25.));
#2910=CARTESIAN_POINT('',(-1.,2.05948342128618E-16,24.));
#2911=CARTESIAN_POINT('',(0.,1.,24.));
#2912=CARTESIAN_POINT('',(0.,1.,24.));
#2913=CARTESIAN_POINT('',(-0.999999999999998,1.,25.));
#2914=CARTESIAN_POINT('Origin',(-0.500000000000001,0.5,0.));
#2915=CARTESIAN_POINT('',(0.,1.,-5.55111512312578E-16));
#2916=CARTESIAN_POINT('',(15.0750000000002,16.0750000000001,-5.55111512312578E-16));
#2917=CARTESIAN_POINT('',(0.,1.,0.));
#2918=CARTESIAN_POINT('Origin',(-0.499999999999999,28.1749999999998,24.5));
#2919=CARTESIAN_POINT('',(-1.23032276954408E-12,79.9999999976685,24.));
#2920=CARTESIAN_POINT('',(-0.999999999999998,79.9999999976685,25.));
#2921=CARTESIAN_POINT('',(-1.23032276954408E-12,79.9999999976685,24.));
#2922=CARTESIAN_POINT('',(-0.999999999999998,28.1749999999998,25.));
#2923=CARTESIAN_POINT('',(0.,28.1749999999998,24.));
#2924=CARTESIAN_POINT('Origin',(12.4999999999999,80.,24.5));
#2925=CARTESIAN_POINT('',(25.0000000000005,80.0000040275417,24.));
#2926=CARTESIAN_POINT('',(26.0000000000004,80.000004349745,25.));
#2927=CARTESIAN_POINT('',(25.0000000000005,80.0000040275417,24.));
#2928=CARTESIAN_POINT('Origin',(12.4999999999999,80.,25.));
#2929=CARTESIAN_POINT('Origin',(12.4999999999999,80.,24.));
#2930=CARTESIAN_POINT('Origin',(30.,80.,24.5));
#2931=CARTESIAN_POINT('',(35.0000000000005,80.000004374907,24.));
#2932=CARTESIAN_POINT('',(33.9999999999996,80.0000034999256,25.));
#2933=CARTESIAN_POINT('',(35.0000000000005,80.000004374907,24.));
#2934=CARTESIAN_POINT('Origin',(30.,80.,25.));
#2935=CARTESIAN_POINT('Origin',(30.,80.,24.));
#2936=CARTESIAN_POINT('Origin',(2.30000000000037,80.,24.5));
#2937=CARTESIAN_POINT('',(-30.4,80.0000000105047,24.));
#2938=CARTESIAN_POINT('',(-29.3999999999988,80.0000000101835,25.));
#2939=CARTESIAN_POINT('',(-30.4,80.0000000105047,24.));
#2940=CARTESIAN_POINT('Origin',(2.30000000000037,80.,25.));
#2941=CARTESIAN_POINT('Origin',(2.30000000000037,80.,24.));
#2942=CARTESIAN_POINT('Origin',(-29.8999999999997,68.1749999999998,24.5));
#2943=CARTESIAN_POINT('',(-30.4,68.1749999999998,24.));
#2944=CARTESIAN_POINT('',(-29.3999999999994,68.1749999999998,25.));
#2945=CARTESIAN_POINT('Origin',(-14.0499999999997,0.500000000000001,24.5));
#2946=CARTESIAN_POINT('',(-14.0499999999997,1.,25.));
#2947=CARTESIAN_POINT('Origin',(2.30000000000037,80.,0.));
#2948=CARTESIAN_POINT('',(35.0000000000005,80.000004374907,-5.55111512312578E-16));
#2949=CARTESIAN_POINT('',(35.0000000000005,80.000004374907,0.));
#2950=CARTESIAN_POINT('',(-30.4,80.0000000105047,-5.55111512312578E-16));
#2951=CARTESIAN_POINT('Origin',(2.30000000000037,80.,-5.55111512312578E-16));
#2952=CARTESIAN_POINT('',(-30.4,80.0000000105047,0.));
#2953=CARTESIAN_POINT('Origin',(30.,80.,0.));
#2954=CARTESIAN_POINT('',(25.0000000000005,80.0000040275417,-5.55111512312578E-16));
#2955=CARTESIAN_POINT('',(25.0000000000005,80.0000040275417,0.));
#2956=CARTESIAN_POINT('Origin',(30.,80.,-5.55111512312578E-16));
#2957=CARTESIAN_POINT('Origin',(12.4999999999999,80.,0.));
#2958=CARTESIAN_POINT('',(-1.23012711128467E-12,79.9999999976685,-5.55111512312578E-16));
#2959=CARTESIAN_POINT('',(-1.23032276954408E-12,79.9999999976685,0.));
#2960=CARTESIAN_POINT('Origin',(12.4999999999999,80.,-5.55111512312578E-16));
#2961=CARTESIAN_POINT('Origin',(0.,0.,0.));
#2962=CARTESIAN_POINT('',(0.,30.,-5.55111512312578E-16));
#2963=CARTESIAN_POINT('Origin',(2.30000000000058,56.3499999999996,25.));
#2964=CARTESIAN_POINT('Origin',(2.30000000000058,60.,-5.55111512312578E-16));
#2965=CARTESIAN_POINT('',(-30.4,70.,-5.55111512312578E-16));
#2966=CARTESIAN_POINT('',(32.9999999999994,80.000003639635,0.));
#2967=CARTESIAN_POINT('Origin',(2.30000000000037,80.,0.));
#2968=CARTESIAN_POINT('',(-2.00000000000125,80.0000000005533,0.));
#2969=CARTESIAN_POINT('',(-2.,68.1750000002767,0.));
#2970=CARTESIAN_POINT('',(27.0000000000007,80.0000035497871,0.));
#2971=CARTESIAN_POINT('Origin',(12.4999999999999,80.,0.));
#2972=CARTESIAN_POINT('Origin',(30.,80.,0.));
#2973=CARTESIAN_POINT('Origin',(15.5000000000002,93.8499999999988,5.));
#2974=CARTESIAN_POINT('',(-2.00000000000125,80.0000000005533,5.));
#2975=CARTESIAN_POINT('',(-1.99999999884137,110.397368307304,5.));
#2976=CARTESIAN_POINT('',(-2.00000000000125,80.0000000005533,5.));
#2977=CARTESIAN_POINT('',(32.9999999999994,80.000003639635,5.));
#2978=CARTESIAN_POINT('Origin',(2.30000000000037,80.,5.));
#2979=CARTESIAN_POINT('',(27.0000000000007,80.0000035497871,5.));
#2980=CARTESIAN_POINT('Origin',(30.,80.,5.));
#2981=CARTESIAN_POINT('Origin',(12.4999999999999,80.,5.));
#2982=CARTESIAN_POINT('Origin',(2.30000000000037,80.,2.));
#2983=CARTESIAN_POINT('',(-1.99999999884137,110.397368307304,23.));
#2984=CARTESIAN_POINT('',(-1.99999999884137,110.397368307304,2.));
#2985=CARTESIAN_POINT('Origin',(2.30000000000037,80.,23.));
#2986=CARTESIAN_POINT('',(32.9999999999994,80.000003639635,2.));
#2987=CARTESIAN_POINT('',(-23.,97.3896520954254,12.5));
#2988=CARTESIAN_POINT('Ctrl Pts',(-23.,97.3896520954254,12.5));
#2989=CARTESIAN_POINT('Ctrl Pts',(-23.,97.3896520954254,12.1104294222545));
#2990=CARTESIAN_POINT('Ctrl Pts',(-22.9616984309293,97.4457058924969,11.7243362641395));
#2991=CARTESIAN_POINT('Ctrl Pts',(-22.8168023194332,97.6536767537186,10.9806865957322));
#2992=CARTESIAN_POINT('Ctrl Pts',(-22.7102671506858,97.8052822475388,10.6230314193826));
#2993=CARTESIAN_POINT('Ctrl Pts',(-22.3111844196407,98.3571717993706,9.61695074864194));
#2994=CARTESIAN_POINT('Ctrl Pts',(-21.9355867968839,98.8553123661674,9.03474609363741));
#2995=CARTESIAN_POINT('Ctrl Pts',(-20.9837989652329,100.02824557853,7.9338699644045));
#2996=CARTESIAN_POINT('Ctrl Pts',(-20.2842125275292,100.825034204448,7.40518912188192));
#2997=CARTESIAN_POINT('Ctrl Pts',(-18.7169608618646,102.405715026484,6.68663666199832));
#2998=CARTESIAN_POINT('Ctrl Pts',(-17.8476492260272,103.189443273644,6.50000000000001));
#2999=CARTESIAN_POINT('Ctrl Pts',(-16.2858101648775,104.452015295773,6.50000000000001));
#3000=CARTESIAN_POINT('Ctrl Pts',(-15.4848826495167,105.040779461385,6.63525693958144));
#3001=CARTESIAN_POINT('Ctrl Pts',(-13.9477171668813,106.064427217941,7.26794822754724));
#3002=CARTESIAN_POINT('Ctrl Pts',(-13.2132074289695,106.500609416794,7.76747679272978));
#3003=CARTESIAN_POINT('Ctrl Pts',(-12.1516499195547,107.091219639253,8.89815323810528));
#3004=CARTESIAN_POINT('Ctrl Pts',(-11.7226082727477,107.312272250079,9.54303949864638));
#3005=CARTESIAN_POINT('Ctrl Pts',(-11.1464522246477,107.600483238881,10.9734143836725));
#3006=CARTESIAN_POINT('Ctrl Pts',(-11.,107.669477768833,11.7587990932457));
#3007=CARTESIAN_POINT('Ctrl Pts',(-11.,107.669477768833,13.2412009067544));
#3008=CARTESIAN_POINT('Ctrl Pts',(-11.1464522246477,107.600483238881,14.0265856163276));
#3009=CARTESIAN_POINT('Ctrl Pts',(-11.7226082727477,107.312272250079,15.4569605013536));
#3010=CARTESIAN_POINT('Ctrl Pts',(-12.1516499195547,107.091219639253,16.1018467618947));
#3011=CARTESIAN_POINT('Ctrl Pts',(-13.2132074289695,106.500609416794,17.2325232072702));
#3012=CARTESIAN_POINT('Ctrl Pts',(-13.9477171668813,106.064427217941,17.7320517724528));
#3013=CARTESIAN_POINT('Ctrl Pts',(-15.4848826495167,105.040779461385,18.3647430604186));
#3014=CARTESIAN_POINT('Ctrl Pts',(-16.2858101648775,104.452015295773,18.5));
#3015=CARTESIAN_POINT('Ctrl Pts',(-17.8476492260272,103.189443273644,18.5));
#3016=CARTESIAN_POINT('Ctrl Pts',(-18.7169608618646,102.405715026484,18.3133633380017));
#3017=CARTESIAN_POINT('Ctrl Pts',(-20.2842125275292,100.825034204448,17.5948108781181));
#3018=CARTESIAN_POINT('Ctrl Pts',(-20.9837989652329,100.02824557853,17.0661300355955));
#3019=CARTESIAN_POINT('Ctrl Pts',(-21.9355867968839,98.8553123661674,15.9652539063626));
#3020=CARTESIAN_POINT('Ctrl Pts',(-22.3111844196407,98.3571717993706,15.3830492513581));
#3021=CARTESIAN_POINT('Ctrl Pts',(-22.7102671506858,97.8052822475388,14.3769685806174));
#3022=CARTESIAN_POINT('Ctrl Pts',(-22.8168023194332,97.6536767537186,14.0193134042678));
#3023=CARTESIAN_POINT('Ctrl Pts',(-22.9616984309293,97.4457058924969,13.2756637358605));
#3024=CARTESIAN_POINT('Ctrl Pts',(-23.,97.3896520954254,12.8895705777455));
#3025=CARTESIAN_POINT('Ctrl Pts',(-23.,97.3896520954254,12.5));
#3026=CARTESIAN_POINT('Origin',(2.30000000000058,56.3499999999996,23.));
#3027=CARTESIAN_POINT('',(-2.00000000045246,68.1750000003585,23.));
#3028=CARTESIAN_POINT('Origin',(-14.8275,120.,9.94995220633022));
#3029=CARTESIAN_POINT('',(-19.1725,117.,9.94995220633022));
#3030=CARTESIAN_POINT('',(-19.1725,120.,9.94995220633022));
#3031=CARTESIAN_POINT('',(-14.8275,117.,9.94995220633022));
#3032=CARTESIAN_POINT('',(-19.1725,117.,9.94995220633022));
#3033=CARTESIAN_POINT('',(-14.8275,120.,9.94995220633022));
#3034=CARTESIAN_POINT('Origin',(-17.,120.,12.5));
#3035=CARTESIAN_POINT('Origin',(-17.,117.,12.5));
#3036=CARTESIAN_POINT('Origin',(-17.,117.,12.5));
#3037=CARTESIAN_POINT('',(-23.,117.,12.5));
#3038=CARTESIAN_POINT('Origin',(-17.,117.,12.5));
#3039=CARTESIAN_POINT('Origin',(-17.,6.73555739531045E-16,12.5));
#3040=CARTESIAN_POINT('',(-23.,6.73555739531045E-16,12.5));
#3041=CARTESIAN_POINT('Origin',(-24.,8.87868929381831E-16,20.7));
#3042=CARTESIAN_POINT('',(-10.,8.87868929381831E-16,20.7));
#3043=CARTESIAN_POINT('',(-24.,8.87868929381831E-16,20.7));
#3044=CARTESIAN_POINT('Origin',(-24.,8.87868929381831E-16,4.30000000000001));
#3045=CARTESIAN_POINT('',(-24.,8.87868929381831E-16,4.30000000000001));
#3046=CARTESIAN_POINT('Origin',(-10.,8.87868929381831E-16,4.30000000000001));
#3047=CARTESIAN_POINT('Origin',(-5.4,8.87868929381831E-16,15.5));
#3048=CARTESIAN_POINT('',(-5.4,8.87868929381831E-16,15.5));
#3049=CARTESIAN_POINT('Origin',(-7.4,8.87868929381831E-16,15.5));
#3050=CARTESIAN_POINT('',(-6.02801919212847,8.87868929381831E-16,16.9552211731665));
#3051=CARTESIAN_POINT('Origin',(-10.,8.87868929381831E-16,20.7));
#3052=CARTESIAN_POINT('Origin',(-30.4,80.,0.));
#3053=CARTESIAN_POINT('Origin',(-2.,80.0000000005533,2.));
#3054=CARTESIAN_POINT('',(-2.00000000000125,80.0000000005533,2.));
#3055=CARTESIAN_POINT('Origin',(12.4999999999999,80.,2.));
#3056=CARTESIAN_POINT('',(27.0000000000007,80.0000035497871,2.));
#3057=CARTESIAN_POINT('Origin',(30.,80.,2.));
#3058=UNCERTAINTY_MEASURE_WITH_UNIT(LENGTH_MEASURE(0.01),#3062,
'DISTANCE_ACCURACY_VALUE',
'Maximum model space distance between geometric entities at asserted c
onnectivities');
#3059=UNCERTAINTY_MEASURE_WITH_UNIT(LENGTH_MEASURE(0.01),#3062,
'DISTANCE_ACCURACY_VALUE',
'Maximum model space distance between geometric entities at asserted c
onnectivities');
#3060=(
GEOMETRIC_REPRESENTATION_CONTEXT(3)
GLOBAL_UNCERTAINTY_ASSIGNED_CONTEXT((#3058))
GLOBAL_UNIT_ASSIGNED_CONTEXT((#3062,#3064,#3065))
REPRESENTATION_CONTEXT('','3D')
);
#3061=(
GEOMETRIC_REPRESENTATION_CONTEXT(3)
GLOBAL_UNCERTAINTY_ASSIGNED_CONTEXT((#3059))
GLOBAL_UNIT_ASSIGNED_CONTEXT((#3062,#3064,#3065))
REPRESENTATION_CONTEXT('','3D')
);
#3062=(
LENGTH_UNIT()
NAMED_UNIT(*)
SI_UNIT(.MILLI.,.METRE.)
);
#3063=(
LENGTH_UNIT()
NAMED_UNIT(*)
SI_UNIT($,.METRE.)
);
#3064=(
NAMED_UNIT(*)
PLANE_ANGLE_UNIT()
SI_UNIT($,.RADIAN.)
);
#3065=(
NAMED_UNIT(*)
SI_UNIT($,.STERADIAN.)
SOLID_ANGLE_UNIT()
);
#3066=SHAPE_DEFINITION_REPRESENTATION(#3067,#3068);
#3067=PRODUCT_DEFINITION_SHAPE('',$,#3070);
#3068=SHAPE_REPRESENTATION('',(#1824),#3060);
#3069=PRODUCT_DEFINITION_CONTEXT('part definition',#3074,'design');
#3070=PRODUCT_DEFINITION('Satellite','Satellite v4',#3071,#3069);
#3071=PRODUCT_DEFINITION_FORMATION('',$,#3076);
#3072=PRODUCT_RELATED_PRODUCT_CATEGORY('Satellite v4','Satellite v4',(#3076));
#3073=APPLICATION_PROTOCOL_DEFINITION('international standard',
'automotive_design',2009,#3074);
#3074=APPLICATION_CONTEXT(
'Core Data for Automotive Mechanical Design Process');
#3075=PRODUCT_CONTEXT('part definition',#3074,'mechanical');
#3076=PRODUCT('Satellite','Satellite v4',$,(#3075));
#3077=PRESENTATION_STYLE_ASSIGNMENT((#3078));
#3078=SURFACE_STYLE_USAGE(.BOTH.,#3079);
#3079=SURFACE_SIDE_STYLE('',(#3080));
#3080=SURFACE_STYLE_FILL_AREA(#3081);
#3081=FILL_AREA_STYLE('Steel - Satin',(#3082));
#3082=FILL_AREA_STYLE_COLOUR('Steel - Satin',#3083);
#3083=COLOUR_RGB('Steel - Satin',0.627450980392157,0.627450980392157,0.627450980392157);
ENDSEC;
END-ISO-10303-21;
